card_name,card_number
Misty's Psyduck,193/182
Copycat - 2005 (Michael Gonzalez),83/109
Kingdra,008/111
Electabuzz (Delta Species),29/101
Kirlia,SV35/SV94
Mienshao (Master Ball Pattern),053/086
Brock's Zubat (24),024/132
Pidgey - 2005 (Takashi Yoneda),73/112
Pikachu (Base Set),58
Altaria - XY46 (Prerelease),XY46
Alakazam,2/123
Janine (Full Art),210/214
Rapidash,13/112
Warp Point - 2007 (Jeremy Scharff-Kim),116/130
Diglett,050/144
Black Belt,085/102
Primeape,39
Clawitzer (XY Steam Siege Prerelease),XY146
Reshiram,017/094
Yveltal,94/162
Brock's Rhyhorn (22),022/132
Energy Switch,75/108
Eternatus V,TG21/TG30
Lightning Energy,91/95
Ampharos - 075 [Staff],075
Reshiram - BW004,BW004
Lunala GX - SM103,SM103
Espurr,095/088
Pokemon Retriever - 2006 (Hiroki Yano),84/109
Charmander,98/97
Nidoran F,57/64
Froakie,004/012
Leavanny (Master Ball Pattern),003/086
Darkness Energy (2011 Play! Pokemon),
Poliwrath,11/112
Fighting Energy (#8),8/30
Muk & Alolan Muk GX (197) (Full Art),197/214
Energy Switch (Secret),212/195
Salazzle - SM73 (Prerelease) [Staff],SM73
Camerupt,18
Fairy Energy (#25),25/30
Code Card - Detective Pikachu Case File [Greninja GX],
M Pidgeot EX (Full Art),105/108
Giant Stump - 2006 (Jimmy Ballard),75/92
Turffield Stadium (Secret),234/203
Dark Crobat,3/109
Shiftry ex,97/100
Seel (94),094/144
Time Shard,135/147
Lurantis - SM25,SM25
Carnivine,007/017
Solgaleo GX - SM104a,SM104a
Zapdos ex - 049,049
Charmander,069/130
Nessa (Secret),196/185
Delibird,039/123
Mewtwo EX - XY125,XY125
Genesect V,185/264
Hydrapple ex,014/142
Jolteon (13),013/144
Graveler,30/64
Gym Badge (Sabrina),XY208
Cornerstone Mask Ogerpon ex,215/167
Here Comes Team Rocket! (71),71/82
Floatzel GL,4/111
Skitty,71/109
Gallade EX - XY45 (XY Black Star Promo),XY45
Arceus & Dialga & Palkia GX,156/236
Code Card - Red & Blue Collection [Pikachu EX],
Marshadow GX - SM59,SM59
Gothitelle - 211,211
Blaine's Charmander,061/132
Shedinja,44
Float Stone - 2018 (Magnus Pedersen),137/162
Kartana GX,70/111
Minccino (#4),4/30
Ditto - 2025 (Yuya Okita),
Magneton,38/108
Raticate,058/130
Articuno ex,114/112
Unown (U),78/146
Heat Factory Prism Star - 2019 (Shintaro Ito),178/214
Hydreigon,79/101
Night Maintenance,009/017
Gastrodon,107/191
Cryogonal,111/086
Honchkrow V (Alternate Full Art),162/172
Aurorus,26/111
Lucario,67/156
Palafin,225/091
Volcanion EX,26/114
Psychic Energy - 2009 (Tsubasa Nakamura),
Medicham,34
Luxray GL,9/111
Melony (Secret),218/198
Dratini,66/113
Mega Manectric ex,158/132
Pikachu,48/162
Mimikyu (Secret),245/236
Iris's Fighting Spirit (Regional Championships),149/159
Team Rocket's Mewtwo ex,205
N - 2013 (Ian Whiton),96/108
Nidorino,055/147
Articuno (22),22/53
Garchomp (91),91/124
Zapdos - 157 (Cosmos Holo),157
Ponyta (UK Exclusive Promo),014/083
Blastoise & Piplup GX (Alternate Full Art),215/236
Melmetal,129/214
Castform,30/101
Alolan Vulpix VSTAR (Secret),197/195
Galarian Obstagoon,TG10/TG30
Galarian Moltres V (Full Art),176/198
Galarian Articuno,063/203
Fearow (45),045/165
Chien-Pao - 152,152
Ferrothorn,149/086
Alolan Dugtrio,208/191
Sceptile,20/109
Junk Arm - 2011 (Christopher Kan),87/102
Orbeetle VMAX,TG13/TG30
Dark Wartortle,46/82
Drifblim,16/100
Lickilicky,33/127
Kangaskhan EX - 2014 (Michikazu Tsuda),78/106
Vaporeon,41/90
Lapras,071/144
Dusknoir (17),17/100
Tapu Lele,150/214
Clemont's Quick Wit,243/191
Darkrai ex (Darkrai),110
Warp Point - 2010 (Michael Pramawat),88/100
Genesect ex,067/086
Miracle Sphere Alpha,129/144
Roaring Moon ex,251/182
Shaymin EX - 2015 (Jacob Van Wagner),77/108
Hawlucha,118/198
Pikachu,XY95
Charmeleon,024/102
Salamence,10/97
Pokemon Catcher,036/039
Plusle,193/182
Hydreigon ex,161/086
Cyndaquil,54/115
Mamoswine ex,079/159
Mareep,58/75
Seadra,48/109
Oshawott - BW03,BW03
Heatran GX (Full Art),216/236
Teal Mask Ogerpon ex,221/167
Greninja,9/18
Cubone,057/131
Professor Juniper - 2012 (Chase Moloney),98/108
Dark Rapidash,44/82
Ting-Lu ex,127/193
Drifblim,24/130
Torterra,17/130
Slowpoke,72/115
Lusamine (Full Art),153/156
Charizard,RC5/RC32
Tapu Fini - SM92,SM92
Team Rocket's Moltres ex,208/182
Dark Venusaur - 7 (Best of Game 7 Promo),007
Water Energy,132/132
Dragonite,052/108
Wigglytuff ex,101/101
Shaymin EX (106 Full Art),106/108
Earthen Vessel,096/064
Simisear VSTAR,023/159
Pikachu V - SWSH061,SWSH061
Lucario GX - SM100,SM100
Mega Froslass ex,275/217
Arceus Lv.X (95),95/99
Machamp,31/130
Zoroark (Master Ball Pattern),062/086
Shellder,129/165
Mawile,24/106
Noivern BREAK,113/162
Tentacruel,45/92
Persian,042/144
______'s Pikachu,24/53
Beldum,29/101
Energy Retrieval,108/086
Squirtle,64/100
Umbreon,10/90
Karen,XY177
Decidueye GX,SV47/SV94
Absol,96/95
Lugia EX,68/98
Ho-Oh V,140/195
Unfair Stamp,165/167
Double Colorless Energy - 2012 (Igor Costa),92/99
Prinplup (58) - 2008 (Dylan Lefavour),58/130
Luxray GL LV.X,109/111
Rayquaza,011/020
Mega Zygarde ex,047/088
Morty's Conviction,201/162
Walrein,36/111
Lucario GL,8/111
Water Energy (2017 Unnumbered) (Wave Foil),
Victini V,025/202
Cynthia's Garchomp ex,241/182
Drapion,15/100
Code Card - Mega Venusaur ex Premium Collection,
Ampharos,01/64
Umbreon V (Full Art),188/203
Weakness Guard - 2004 (Kevin Nguyen),141/147
Charizard,11/108
Inteleon V - SWSH016,SWSH016
Lost Vacuum (Secret),217/196
Umbreon,064/116
Float Stone - 2017 (Kabu Fukase),137/162
Latios,10/20
Silvally,070/084
Pikachu & Zekrom GX (Secret),184/181
Volbeat,53/100
Code Card - Team Rocket's Mewtwo ex League Battle Deck,
Tyranitar ex,211/197
Nidoking,58/116
Dondozo,061/198
Spiritomb,158/091
Infernape (Team Plasma),17/135
Squirtle,112/132
Florges,66/106
Octillery - 2017 (Diego Cassiraga),33/162
Clefairy,381/SM-P
Mew Star (Delta Species),101/101
Champions Festival - XY27 (2014),XY27
Heatran,088/156
Crispin,171/131
Bisharp (Team Plasma) (73),73/116
Dark Hypno (9),09/82
Hisuian Lilligant VSTAR,018/189
Gardevoir & Sylveon GX (Secret),225/214
Moo-Moo Milk,155/165
Muscle Band - 2014 (Andrew Estrada),121/146
Max Elixir,102/122
Genesect GX,130/214
Marshadow & Machamp GX (198) (Full Art),198/214
Mudkip,58/100
Pyroar,200/193
Galarian Yamask,SV065/SV122
Jellicent,31/101
Blacephalon GX,52/214
Dark Haunter,036/105
Charizard V - SWSH260,SWSH260
Team Aqua's Poochyena,55/95
Swalot,40/106
Vileplume,043/147
Zoroark BREAK,92/162
Galarian Darmanitan V (Full Art),169/185
N's Reshiram,167/159
"Code Card - Fates Collide Theme Deck - ""Sky Guardian"" [Lugia]",
Castform,TG11/TG30
Rapid Strike Urshifu V (Full Art),152/163
Mewtwo GX (Full Art),72/73
Houndour,204/197
Holon Mentor,93/113
Milotic,70
Xerneas BREAK,82/114
Blaine's Last Resort,105/132
Sceptile GX (Full Art),196/214
Guzma - 2018 (Pedro Eugenio Torres),115/147
Jolteon,26/111
Houndoom (15),015/147
Giant Stump - 2007 (Tom Roos),75/92
Warp Point,93/115
Mantine,077/144
Rookidee,SV101/SV122
Glaceon (5),5/100
Miraidon ex - 081/198 - 2024 (Jesse Parker),081/198
Aron,71/123
Lapras,8/92
Rust Syndicate Grunt,112/084
Florges BREAK,104/162
Incineroar GX (Secret),188/181
Random Receiver,138/135
Water Energy (2007-2008 League Promo),
Keldeo EX - 2013 (Clement Lamberton),49/149
Iron Bundle (Holiday Calendar),062/167
Dragonite,119/181
Snivy,BW01
Pumpkaboo,076/203
Toxicroak,31/100
Venomoth,011/102
Metagross,10/146
Virizion GX (Secret),217/214
Excadrill (Secret),246/236
Cynthia's Ambition,GG60/GG70
Lucario (SM - Burning Shadows),71
Groudon EX,XY42
Espeon,16/100
Shaymin,8/95
Rowlet - SM153,SM153
Team Magma's Zangoose,23/95
Galarian Articuno V,058/198
Pikachu,005/012
Chesnaught (Prerelease),XY68
Dedenne,SV051/SV122
Gogoat,019/146
Lurantis GX,15/149
Ilima (Full Art),146/149
Drednaw VMAX,15/73
Samurott,39/113
Togepi,78/101
Buzzwole GX - SM69,SM69
Murkrow,47/100
Mega Kangaskhan ex,164/132
Wooper,81/109
Gumshoos GX (Secret),157/149
Tentacool (Alpha),71/160
Umbreon GX,80/149
Unown (V),V/28
Igglybuff,21/100
Scizor EX (Full Art),119/122
Giratina LV.X,124/127
Blaziken FB Lv.X,142
Melony,GG64/GG70
Hawlucha - 2015 (Rowan Stavenow),63/111
Magcargo GX (Secret),218/214
Skarmory (Team Plasma),87/135
Furret,21/123
Dark Blastoise (3),03/82
Medicham V (Full Art),185/203
Garchomp C - 2010 (Yuta Komatsuda),60/147
White Kyurem,63/214
Cynthia's Gible (ERROR),102/182
Klink (Master Ball Pattern),061/086
Luxray,5/99
Mr. Mime GX,56/168
Beheeyem,062/099
Elesa's Sparkle (Full Art),147/159
Klink,139/086
Rayquaza GX,177a/168
Swellow,072/108
Maintenance,112/130
Raikou & Suicune Legend (Bottom),93/95
Dewgong,036/130
Cherubi,60/99
Code Card - Iono Premium Tournament Collection Box,
Swablu (Delta Species),65/101
Skiploom,097/091
Giratina V - SWSH259,SWSH259
Phoebe (Full Art),161/163
Hypno,025/110
Iron Valiant ex,261/182
Zekrom EX (97 Full Art),97/99
Kirlia,31/108
Fighting Energy (#9),9/30
Clefable ex,082/197
Rampardos ex,100/084
Tyrunt,061/111
Magby,24/109
Eevee & Snorlax GX - SM169,SM169
Gyarados (#30 Holo),30/30
Galarian Mr. Mime,SV020/SV122
Gardevoir GX,SV75/SV94
Dedenne,145/236
Spinarak,64/75
Scyther ex,102/109
Team Rocket's Articuno,051/182
Gastly,065/105
Tyrogue,063/147
Life Forest Prism Star,180/214
Kangaskhan (21),21/64
Jigglypuff,134/214
Armarouge,115/091
Bastiodon,021/123
Zoroark,91/181
Lucario ex - 017,017
Sabrina's Mr. Mime,059/132
Boost Energy,98/115
Metagross,049/098
Muscle Band - 2014 (Haruto Kobayashi),121/146
Gigalith (Master Ball Pattern),048/086
Single Strike Urshifu VMAX (Alternate Art Secret),168/163
Wishiwashi GX (Full Art),133/145
Pupitar,056/147
Light Ledian,024/105
Vaporeon,25/100
Politoed (8),08/75
Survival Brace,164/167
Shiinotic,194/191
Seadra,40/95
Mawile GX (Secret),246/236
Flaaffy,034/111
Raichu GL,31/111
Mudkip,116
Darkness Energy,142/147
Magmortar,016/95
Plusle,6/12
Aggron,80/124
Nidoking,8/112
Dark Flaaffy,034/105
Lickitung,80/127
Steven (Full Art),95/98
Magneton,SV28/SV94
Misty's Psyduck [W Stamped],054/132
White Kyurem GX,48/70
Evosoda - 2018 (Robin Schulz),62/83
Iono - 2025 (Yuya Okita),
Nest Ball,123/149
Bidoof,12/30
Tapu Bulu,065/064
Regice,028/111
Super Potion,090/102
Field Blower,125a/145
Revitalizer - 2017 (Kabu Fukase),70/83
Victini ex - 142,142
Wartortle,43/100
Leafeon VMAX (Secret),204/203
Axew,145/086
Umbreon V - SWSH203,SWSH203
Latias Star,105/107
Jolteon,TG04/TG30
Pokemon Reversal - 2004 (Tsuguyoshi Yamato),87/109
Psychic Energy - 2008 (Tristan Robinson),
Weedle,069/102
Cradily ex,90/95
Thunder Mountain Prism Star - 2019 (Haruki Miyamoto),191/214
Carmine,217/167
Elgyem - BW55,BW55
Voltorb (64),064/147
Sandaconda VMAX,090/198
Venusaur (DPPt Supreme Victors),013/147
Umbreon - BW93,BW93
Dusk Mane Necrozma GX - SM102,SM102
Snorlax,016/034
Victreebel,17/112
Ralts,211/198
Zebstrika (Master Ball Pattern),032/086
Fan Rotom - 2025 (Yuya Okita),
Volcanion - XY164,XY164
Flareon,002/017
Whismur,073/106
Pheromosa & Buzzwole GX,1/214
Fezandipiti ex - 2025 (Jose Cruz Galindo-Resendiz),
Pokemon Collector (#22),22/30
Shiftry,12/100
Darkness Energy (Special),93/109
Holon Scientist - 2007 (Tom Roos),97/113
PlusPower - 2012 (Chase Moloney),96/114
Skuntank,13
Exeggcute (102 Secret Rare),102/101
Poliwhirl,089/165
Mew V,113/264
Wooper (66),066/147
Umbreon VMAX (Alternate Art Secret),215/203
M Audino EX - 2016 (Shintaro Ito),85/124
Cessation Crystal - 2007 (Akira Miyazaki),74/100
Dark Gyarados (Prerelease),08/82
Ralts - 2017 (Diego Cassiraga),91/147
Super Energy Removal 2,134/147
Iron Hands ex,223/182
Code Card - Ancient Origins Elite Trainer Box,
Lycanroc GX,82/181
Reshiram - BW23,BW23
Blastoise VMAX - SWSH103,SWSH103
Palkia - 2009 (David Cohen),26/106
Zweilous,147/086
Bulbasaur (Pokemon Day 2026),001/132
Reverse Valley,110/122
Venusaur VMAX - SWSH102,SWSH102
Venomoth GX (Secret),216/214
Magnetic Metal Energy,085/086
Aromatisse (Master Ball Pattern),039/131
Crobat VMAX,045/072
Munchlax,068/100
Light Dragonair,022/105
Morpeko V-Union - SWSH215,SWSH215
Flaaffy,50/132
Cinderace - SWSH112 (Prerelease),SWSH112
Metagross (50),50/98
Kricketune V,TG12/TG30
Arven's Greedent,159/182
Lucario,61/146
Croconaw (32),032/111
Altaria ex,253/182
Staryu,56/64
Dark Ivysaur - 6,006/009
Mega Absol ex,161/132
Voltorb,80/109
Meowstic EX,37/83
Graveler,2/11
Mudkip,011/017
Meowth,102/101
Bisharp,143/086
Ninetales (H19),H19/H32
Raikou,79/214
Zapdos ex - 033 (EX Collector's Window Tins),033
Lightning Energy (2011 Pokemon League),
Heal Energy - 2005 (Michael Gonzalez),94/107
Battle Frontier - 2006 (Jason Klaczynski),75/106
Magnemite,008/012
Jirachi,9/107
Thundurus - 209 (Pokemon Center Exclusive),209
Rika,241/182
Pikachu,013/017
Heliolisk,229/217
Vileplume - 2011 (Ross Cawthon),24/90
Boss's Orders [Corbeau],183/217
Victini V,021/163
Blaine's Vulpix,065/132
Cynthia & Caitlin (Full Art),228/236
Golbat,31/107
Octillery,TG03/TG30
Computer Error (Rocket's Secret Machine),16/53
Metal Energy (Special),88/108
Venusaur EX,1/83
Tauros,12/100
Giovanni's Charisma - 161/165 - 2024 (Fernando Cifuentes),161/165
Crobat V - SWSH110,SWSH110
Talonflame,010/119
Totodile,085/105
Water Cube 01,140/147
Fighting Energy,128/130
Hitmonchan,008/130
Holon's Voltorb - 2007 (Jun Hasebe),71/113
Dratini,35/70
Haunter (42),42/99
Dragonite GX,37/70
Raikou,003/017
Iron Thorns ex,196/167
Dawn Wings Necrozma - SM123,SM123
Zorua (Master Ball Pattern),061/086
Slowpoke & Psyduck GX,35/236
Marshtomp,015/017
Explorer's Guidance,200/162
Volkner (Full Art),156/156
Caitlin (Secret),213/198
Natu,067/111
Vibrava,46/97
Victini ex,033/197
Raikou & Suicune Legend (Top),92/95
Quaxwell - 083,083
Professor Oak,088/102
Togekiss,138/214
Swinub,57/64
Salamence ex,103/107
TV Reporter,011/017
Rare Candy (Secret),165/145
Dedenne GX (Full Art),195/214
Electrode,5/101
Charmeleon,099/097
Gengar EX,34/119
Pupitar,090/165
Dewott (Master Ball Pattern),022/086
Empoleon BREAK,XY134
Deoxys (Delta Species - Attack Forme),3/110
Surprise! Time Machine - 2006 (Jimmy Ballard),91/109
Ho-Oh Ex (119 Full Art),119/124
Mesprit,14/123
Mimikyu,112/181
Recycle Energy,105/111
Gallade E4 Lv.X,106/111
Lightning Energy (#11),11/30
Switch Raft (Secret),77/70
Darkrai EX (107 Full Art),107/108
Incineroar,026/149
Pikachu,020/108
Dark Feraligatr,005/105
Ash's Friendship (Ash vs Team Rocket Deck Kit),025/026
Tropical Wind - 026 (2004 World Championships) [Participation],026
Eevee,RC14/RC25
Umbreon GX,SV69/SV94
Golem,45/83
Probopass,096/088
Ambipom,3/123
Heatran GX (Secret),238/236
Deoxys (Delta Species - Defense Forme),4/110
Registeel Star,92/92
Float Stone,99/116
Ninjask,18/97
Star Piece,139/144
Super Scoop Up - 2010 (Mychael Bryan),83/95
Machoke,051/110
Tapu Lele - SM45,SM45
Forest of Vitality,109/088
Evosoda - 2014 (Trent Orndorff),116/146
Mr. Mime,29/95
Team Aqua's Great Ball,27/34
Sceptile,004/017
M Beedrill EX,XY158
Latias - SM87,SM87
Tangela,30/112
Venusaur & Snivy GX - SM229,SM229
Throh (Master Ball Pattern),050/086
Darumaka,097/086
Mightyena (Delta Species),24/113
Ninetales ex,186/165
Pikachu (#2),2/30
Arcanine,036/110
Code Card - Celebrations Ultra-Premium Collection,
Misty's Seel,091/132
Marshadow - SM93,SM93
Flygon - BW53 (Prerelease),BW53
Team Rocket's Crobat ex,242/182
Nidoran F (82),082/144
Friend Ball,126/144
Bayleef,002/122
Espeon,089/214
Garchomp,62/131
Ninetales ex,038/165
Minun,48/113
Misty's Favor,202/236
Blaziken GX (Full Art),153/168
Mantyke,189/182
Raichu (#19 Non-Holo),19/30
Poliwrath (9),09/75
Emolga (Full Art),RC23/RC25
Lileep,145/142
Poncho-wearing Pikachu,38/SM-P
Baltoy - 2009 (Stephen Silvestro),60/106
Xerneas GX (Secret),139/131
Ralts,139/214
Magikarp,035/102
Alolan Ninetales,145/236
Mega Gardevoir ex,060/132
Gimmighoul,198/182
Trapinch - 2009 (David Cohen),115/132
Ho-Oh GX,21/147
Blend Energy WLFM - 2014 (Haruto Kobayashi),118/124
Togekiss C,86
Blastoise,013/095
Galarian Perrserker - SWSH008 (Prerelease) [Staff],SWSH008
Swanna,110/086
Sharpedo ex,104/107
Sonia,167/192
Blaziken,5/108
Gardevoir EX (155 Full Art),155/160
Code Card - Elite Trainer Box [Groudon],
Vulpix,001/012
Mew - 2019 (Haruki Miyamoto),76/214
Surfer,235/191
Plumeria (Full Art),145/147
Eevee (90),90/116
Great Ball,77/108
Dialga G - 2009 (Tsubasa Nakamura),7/127
Delcatty - SM132 (Prerelease),SM132
Hisuian Heavy Ball - 2022 (Sebastian Lashmet),146/189
M Houndoom EX (Full Art),154/162
Meditite,009/012
Darkrai EX - 2012 (Igor Costa),63/108
Raikou,055/162
Salamence,57/108
Banette GX,SV61/SV94
Treecko - XY36,XY36
Banette GX - 2018 (Magnus Pedersen),66/168
Espeon ex,155/131
Golem,5/97
Machop - 2010 (Michael Pramawat),86/130
Mantine - SWSH026,SWSH026
Solrock (25) - 2006 (Miska Saari),25/92
Warp Energy,147/147
Suicune,20/101
Arcanine,22/214
Basic Darkness Energy (Cracked Ice Holo),015
Hippowdon (Master Ball Pattern),053/131
Mankey,55/64
Wartortle,15/101
Origin Forme Dialga V (Alternate Full Art),177/189
Electrode,011/034
Uxie,43/146
Mimikyu - SM163,SM163
Wigglytuff GX,42/68
Venusaur (67),067/165
Baxcalibur - 019 (Prerelease),019
Mr. Mime (6),06/64
Raikou,16/132
Flygon Lv.X,105/111
Morpeko V,079/202
Canari,185/217
Unown [G] - 2009 (David Cohen),57/106
Iron Moth,028/182
Cresselia,2/106
Crabominable - SM47 (Prerelease) [Staff],SM47
Pikachu,66/236
Ampharos,78/214
Lucky Stadium,100/105
Dialga LV.X - DP17,DP17
Battle Compressor (Team Flare Gear) - 2015 (Jacob Van Wagner),92/119
Kangaskhan,6/112
Dark Magcargo,38/109
Arceus - XY116,XY116
Psychic Energy (2006-2007 League Promo),
Piplup,16/30
Lapras - SWSH051,SWSH051
Marshtomp,38/100
Multi Energy - 2004 (Chris Fulop),93/100
Sandile,216/198
Morpeko V-Union - SWSH288,SWSH288
Forretress,60/106
Reset Stamp (Secret),253/236
Latios Star,106/107
Fairy Energy (Secret),169/147
Gyarados EX,XY106
Ralts (102) - 2008 (Jason Klaczynski),102/132
Muk (13),13/62
Hisuian Zoroark VSTAR (213) (Secret),213/196
Night Stretcher,251/191
Houndoom,56/101
Parasol Lady,255/182
Raikou (13),13/64
Grimer,57/97
Silent Lab - 2015 (Alejandro Ng-Guzman),140/160
Deoxys (Delta Species),002/017
Shaymin,038/127
Giratina LV.X - DP38,DP38
Arcanine ex,032/198
Pikachu (Delta Species),013/017
Flying Pikachu VMAX,007/025
Bellossom (H5),H05/H32
Primeape,27/106
Mewtwo GX,31/68
Roxanne,GG66/GG70
Froslass - 117,117
Palkia,37/127
Raichu,36/108
Flygon,005/111
Vulpix,099/130
Pikachu (Spanish),PW 4
Murkrow - 021 (Prerelease) [Staff],021
Iron Boulder ex,207/162
Iono,269/193
Kommo-o,54/70
Charmander,2/12
Emboar,098/086
Lapras GX (Secret),151/149
Tyrunt - 070,070
Wobbuffet V (Full Art),191/202
Wigglytuff,66/124
Charizard & Braixen GX - SM230,SM230
Froslass,3/146
Yveltal GX (Secret),137/131
Pokedex (HANDY910is) - 2008 (Paul Atanassov),111/130
Latias - HGSS10 (Cracked Ice Holo),HGSS10
Hisuian Zoroark VSTAR (Secret),203/196
Oshawott (Master Ball Pattern),021/086
Slowking ex,238/193
Unown [O],69/75
M Salamence EX - XY171,XY171
Wobbuffet,RC11/RC32
Origin Forme Dialga VSTAR,198/189
Seel,041/102
Milotic,TG02/TG30
Wellspring Mask Ogerpon ex,194/167
Pikachu,208/S-P
Miraidon - 092 (Prerelease),092
Water Energy,107/110
Togekiss,9/90
The Rocket's Training Gym,104/132
Jumbo Ice Cream,109/086
Drakloak (Master Ball Pattern),072/131
Samurott,107/086
Rattata,061/102
Misty's Golduck,012/132
Sprigatito -  061,061
Sonia (Secret),203/192
Pineco,099/091
Dracozolt VMAX,059/203
Tirtouga,25/101
Maractus,002/012
Meloetta EX (Full Art),RC25/RC25
Magnemite - 2011 (Gustavo Wada),68/102
Unown (T),T/28
Conkeldurr,127/086
White Kyurem - XY128 (Prerelease) [Staff],XY128
Brock's Graveler,040/132
Makuhita,75/113
Erika's Paras,071/132
Crocalor,202/193
Team Aqua's Sealeo,4/34
Rapidash E4,47/111
Psychic Energy (2010 Unnumbered HGSS Style Non-Holo),
Origin Forme Dialga V,SWSH255
Pokemon Breeder,076/102
Poke Healer +,90/100
Morpeko V-UNION (SWSH215-218),
Togekiss (46 Delta),46/108
Sandaconda VMAX (Secret),206/198
Judge,222/182
Heatran GX - 2019 (Kaya Lichtleitner),25/236
Gligar (Delta Species),16/101
Sylveon VMAX (Secret),211/203
Squirtle (Blue Border),
Metang,21/101
Fighting Energy (#28),28/30
Archaludon ex,130/191
Code Card - Cosmic Eclipse Elite Trainer Box,
Cursed Stone - 2006 (Miska Saari),72/92
Scizor,94/149
Charizard,19/113
Toxicroak G - DP41,DP41
Horsea,49/62
Lucario & Melmetal GX - SM192,SM192
Claydol - 2010 (Michael Pramawat),15/106
Shining Raichu,111/105
Hitmonchan ex,98/109
Mewtwo EX (61),61/162
Steven's Resolve (Full Art),165/168
Psyduck,100/132
Colress - 2015 (Rowan Stavenow),118/135
Zekrom (115 Full Art Secret Rare),115/113
Gabite,59
Lycanroc GX,74/145
Tropical Beach - BW28 (Worlds 11) [Staff],BW28
Mega Eelektross ex,266/217
Palkia LV.X - 2009 (David Cohen),DP18
Dhelmise VMAX,010/072
Garchomp LV.X,97/100
Unfezant,150/086
Lairon,41/100
Virizion (Secret),103/101
Brock (15),015/132
Carracosta,28/101
Camerupt,4/109
Slowking,14/115
Magmar,036/102
Electropower,172/214
Slowbro,54/106
Misdreavus,11/64
Rayquaza - SWSH029 (Pixel Cosmos Holo),SWSH029
Hisuian Arcanine,100/167
Shuckle,11/123
Hisuian Samurott VSTAR,102/189
Typhlosion (64),064/165
Conkeldurr,81/135
M Gardevoir EX (156 Full Art),156/160
Forretress ex,212/091
Conkeldurr (Master Ball Pattern),049/086
Torchic,66/100
Duskull - 2008 (Dylan Lefavour),80/130
Toxicroak,36/123
Lotad,002/012
Mewtwo - 052,052
Hippowdon,21/100
Flygon ex (Delta Species),92/101
Galarian Zapdos V,TG19/TG30
Roserade C,40
Kabutops (6),06/75
Pelipper,50/100
Tool Scrapper - 2013 (Jason Klaczynski),116/124
Code Card - League Battle Deck [Rapid Strike Urshifu VMAX],
Beast Ring,102a/131
Energy Switch,162/202
Escape Rope (Secret),163/147
Espeon (H9),H09/H32
Entei,014/098
Quilava (Delta Species),36/101
Staraptor FB,11
Zinnia (Full Art),70/70
Nidorino,037/102
Milcery,SV057/SV122
Vaporeon,022/131
Farigiraf,228/193
Muscle Band - 2015 (Rowan Stavenow),121/146
Giacomo,267/193
Tauros,005/017
Unown [Q],49/100
Blacksmith,088a/106
Charizard - SWSH066 (Prerelease),SWSH066
Superior Energy Retrieval,189/193
Mega Sharpedo ex,061/094
Tulip,244/182
Bronzong BREAK,62/124
Corsola,37/115
Gothitelle (Master Ball Pattern),043/086
Mewtwo VSTAR (79) (Secret),079/078
Venusaur,20/132
Ninetales V,026/192
Cleffa,150/091
Gardevoir,408/SM-P
Lt. Surge's Bargain,185/132
Dottler,184/182
Eevee (89),89/116
Rapid Strike Urshifu V (Alternate Full Art),153/163
Forretress,5/95
Kangaskhan EX,78/106
Solgaleo & Lunala GX (Full Art),216/236
Nest Ball - 181/198 - 2024 (Sakuya O.),181/198
Rocky Fighting Energy,087/088
Machamp - 2010 (Michael Pramawat),20/100
Dhelmise V (Full Art),187/202
Munkidori ex,091/064
Darkrai,087/147
Togekiss,235/217
Chikorita (54),054/111
Brawly (Secret),212/198
Rare Candy - 2009 (Stephen Silvestro),102/106
Sewaddle,087/086
Chimchar - DP02,DP02
Hisuian Samurott V,GG51/GG70
Pikachu V-Union - SWSH140,SWSH140
Conkeldurr (64),64/101
Azumarill,77/114
Ditto VMAX,051/072
VS Seeker - 2015 (Rowan Stavenow),109/119
Stoutland,122/149
Challenge!,106/110
Regigigas VSTAR,GG55/GG70
Milotic,25/106
Landorus EX - 2015 (Rowan Stavenow),89/149
Mareep,075/214
Mesprit,37/101
Slaking V - 2023 (Gabriel Fernandez),058/078
Vaporeon (Poke Ball Pattern),022/131
Light Vaporeon,052/105
Altaria,2/102
Regirock ex - 2006 (Jason Klaczynski),98/101
Wishiwashi GX,63/236
Kirlia,212/198
Fennel,162/086
Snom,SV033/SV122
Team Galactic's Invention G-109 SP Radar,096/111
Blastoise ex,184/165
Absol,40/108
Jolteon,014/110
Minccino - BW13 (Cosmos Holo),BW13
Card-Flip Game (Goldenrod Game Corner),092/111
Unown [L],086/105
Empoleon,17/100
TV Reporter (Full Art),167/168
Jolteon (Team Plasma),34/116
Code Card - Rapid Strike Urshifu V Box,
Absol,21/132
Bouffalant ex,170/086
Marnie - 2022 (Rikuto Ohashi),
Tsareena V (Full Art),246/264
Skitty,44/109
Woobat,119/086
Charizard VSTAR - SWSH262,SWSH262
Ninetales - BW66,BW66
Lairon,37/109
Seel (95),095/144
Magcargo ex,95/97
Miracle Energy,016/105
Naganadel & Guzzlord GX,158/236
Lapras,36/236
Hattrem,SV055/SV122
Floatzel,037/106
Espeon GX,61/149
Basic Metal Energy - MEE 008 (Cosmos Holo),008
Crobat,23/123
Field Blower (Secret),163/145
Bellsprout,49/64
Mega Tokyo's Pikachu,98/XY-P
Frogadier,089/086
Flygon V,106/172
Appletun,SV014/SV122
Bastiodon,001/017
Swellow (72 Delta),72/108
Dawn,129/094
Flareon,26/90
Thundurus - BW41,BW41
Lightning Energy (2011 Play! Pokemon),
Mewtwo EX,061/162
Acerola's Mischief,165/132
Escape Board (Secret Rare),167/156
Raichu,010/123
Clemont's Quick Wit,229/191
Dialga (5),5/127
Metagross (Team Plasma),52/116
Machamp BREAK,60/108
Smeargle (Delta Species),39/101
Guzma,SV84/SV94
Veluza,192/182
Alolan Vulpix,SV8/SV94
Delinquent,098a/122
Ponyta,64/82
Code Card - Hidden Fates Ultra-Premium Collection,
Galarian Darmanitan,044/189
Pangoro - XY50,XY50
Nidoqueen (Omega),69/160
Alakazam (1),001/165
Team Aqua's Spheal,3/34
Uxie - 2009 (Tsubasa Nakamura),43/146
Guzzlord GX,63/111
Seaking,37/64
Meowscarada ex,256/193
Hisuian Typhlosion VSTAR,054/189
Groudon EX (150 Full Art),150/160
Oddish (Delta Species),73/110
Guzma,115a/147
Panpour (Master Ball Pattern),017/086
Charizard & Braixen GX (Secret),251/236
Koga (19),019/132
Grubbin,002/012
Zoroark GX,53/73
Snorlax,202/091
Wallace (Full Art),194/195
Shauna (Secret),278/264
Chatot - 2008 (Paul Atanassov),55/100
Squirtle,148/142
Code Card - Zeraora V Battle Deck,
Scramble Energy - 2008 (Jason Klaczynski),89/101
Giovanni's Pinsir,024/132
Pikachu (Korean),PW 3
Darkness Energy,97/108
Eevee,56/95
Galarian Moltres - SWSH125 (Prerelease),SWSH125
Raikou EX,38/108
Charmeleon,19/149
Heatran - SM96 (Prerelease) [Staff],SM96
Metal Energy (2023),008
Fire Energy - 2006 (Jimmy Ballard),
Groudon,5/106
Meowstic,043/106
Basic Grass Energy (Cracked Ice Holo),009
Mismagius,19/90
Lt. Surge's Raticate,051/132
Psyduck,028/149
Sabrina's Drowzee,095/132
Sabrina's Hypno,056/132
Bill's Maintenance (Full Art),162/168
Black Kyurem - XY80,XY80
Eevee,074/110
Togepi,110/149
Zapdos EX (Team Plasma),48/135
Rufflet,154/086
Doublade - 067,067
Walking Wake ex,215/162
Choice Band,121a/145
Quaxly,050/191
Machop,073/105
Pyroar BREAK,24/114
Pinsir,168/167
Galarian Darmanitan,SV024/SV122
Arbok (Delta Species),13/101
Pikachu,40/147
Celio's Network - 2007 (Akira Miyazaki),73/100
Saguaro,270/193
Braixen,012/124
Steelix,125/182
Lycanroc GX (Full Art),138/145
Luxio,52/130
Mienfoo,133/086
Tremendous Bomb,113/084
Togekiss,104/135
Chikorita,55/101
Zoroark,91/162
Chansey,152/214
Garchomp,70/122
Victini,005/015
Camerupt,4/107
Pikachu Libre (14 - Non-Holo),14/30
Numel,57/106
Dugtrio,023/130
Faba (Full Art),208/214
Shining Gyarados,65/64
Gengar,35/83
Hop (Full Art),73/73
Swellow,41/106
Giovanni's Magikarp,073/132
Unown [G],027/105
Turtwig (6),6/156
Sabrina (110),110/132
Psyduck,74/102
Aggron,1/123
Lycanroc VMAX,092/203
Magcargo,6/90
Salamence,18/132
Espeon (Best Buy Exclusive),086/197
Zygarde GX - SM122,SM122
Pikachu (English),PW 1
Basic Psychic Energy (Cracked Ice Holo),013
Oshawott,105/086
Ash's Pikachu-GX (Ash vs Team Rocket Deck Kit),005/026
Umbreon (13),13/75
Lillie's Determination,184/132
Thorton (Secret),210/196
Houndoom,34/97
Zorua,89/113
Grimmsnarl VMAX,SV117/SV122
Mudkip - 018 (EX Deck Tin),018
Gengar - SWSH241 (Prerelease),SWSH241
Garbodor,57/122
Meowth,147/214
Mega Manectric ex,050/132
Charizard ex,105/112
Quagsire,030/147
Greninja,14/39
Psyduck,226/217
Servine,001/012
Zacian - SWSH033,SWSH033
Farigiraf ex,108/162
Zoroark,143/086
Dark Magneton (11),11/82
Skiddo - XY11,XY11
Fire Energy,89/95
V Guard Energy (Secret),215/195
Muk (H17),H17/H32
Garchomp,114/236
Houndour (39),39/75
Zeraora GX - 2019 (Haruki Miyamoto),86/214
Raichu,27/83
Gliscor (5),5/146
Mallow (Full Art),145/145
Rocket's Admin. - 2006 (Jimmy Ballard),86/109
Lost Blender (Secret),233/214
Zapdos (Cosmos Holo),048/185
Hawlucha - 2025 (Jose Cruz Galindo-Resendiz),
Arctovish,SV037/SV122
Glaceon GX,39/156
Rocket's Poke Ball,89/109
Porygon-Z,6/106
Wooper,79/115
Meowscarada ex - 033,033
Centiskorch - SWSH048,SWSH048
Venusaur,015/102
Cyrus's Conspiracy - 2009 (Tsubasa Nakamura),105/127
Klang,011/012
Pokemon Communication (Secret),196/181
Hydreigon,074/119
Grovyle,32/100
Mew - XY192,XY192
Town Map - 2013 (Ian Whiton),136/149
Archeops,110/108
Glaceon GX,SV55/SV94
Lunatone,20/92
Mabosstiff ex - Jumbo Card,086
Psychic Energy (2010 Play! Pokemon),
Octillery (Secret),178/163
Unown [C],057/105
Watchog,153/086
Minun,25/100
Pikachu,019/068
Mankey,092/147
Bloodmoon Ursaluna ex - 177,141/167
Raichu & Alolan Raichu GX (Full Art),220/236
Duraludon - SWSH028 (Gamestop Exclusive),SWSH028
Dark Vaporeon,45/82
Surfing Beach,114/086
Budew,33/100
Vulpix (Shiny),SH6
Garchomp C LV.X - 2010 (Yuta Komatsuda),145/147
Metal Energy,130/130
Brock's Dugtrio,022/132
Pawmot,034/094
Shining Magikarp,66/64
Victory Cup - BW30 (Battle Road Spring 2012) [2nd Place],BW30
Reshiram & Zekrom GX (Secret),259/236
Charmeleon,46/132
Articuno (17 Delta),17/108
Ancient Ruins,119/144
Blaine's Quiz #1,097/132
Choice Belt (Secret),211/189
Giratina (28),28/127
Morpeko ex,102/084
Sigilyph,052/124
Starmie (44),044/144
Galarian Articuno V,TG16/TG30
Fighting Energy (2023),006
Flaaffy - 015,015
Omastar,023/144
Lickilicky,12/132
Regigigas,86/119
Bulbasaur,54/112
Nest Ball,255/198
R Energy,95/109
Dusk Mane Necrozma - SM124,SM124
Fire Energy (2011 Pokemon League),
Chaos Tower,094/124
Armaldo,1/100
Mega Chandelure ex,099/084
Houndoom,46/214
Beautifly,21/127
Lugia,29/115
Altaria GX (Secret),72/70
Pokegear 3.0,182a/214
Raichu (27),027/144
Team Galactic's Invention G-103 Power Spray,117/127
Appletun V,026/264
Unown [H],028/105
Exeggutor,18/123
Glalie EX (Full Art),155/162
Piers (Full Art),069/072
Elekid (Delta Species),48/101
Growlithe (51),051/147
Zekrom (Paradox Rift Stamped),066/182
Cranidos - DP07,DP07
Venusaur ex,001/142
Grookey on the Ball,003/005
Eri,199/162
Mismagius,7/100
Deino (Master Ball Pattern),065/086
Lillie (Full Art),147/149
Water Energy (Prize Pack Series 3) (Cosmos Holo),
Dark Raticate,51/82
Single Strike Urshifu,108/198
Chikorita (53),53/111
Electabuzz - 1 (Best of Game 1 Promo),001
Skarmory FB,083/147
Victini EX,18/135
Machamp EX (90 Full Art),90/98
Deoxys,2/95
Ralts,74
Darkrai GX (Secret),158/147
Pikachu - 088,088
Latios,2/10
Rescue Stretcher (Secret),165/147
Deoxys VSTAR - SWSH268,SWSH268
Charmeleon,31/112
Oricorio,113/091
Hisuian Typhlosion,052/189
Pansage (Master Ball Pattern),004/086
Munna,88/236
Empoleon V (Full Art),145/163
Electrode,008/147
Blissey,081/119
Desert Ruins - 2006 (Miska Saari),88/101
Giovanni's Scheme (Full Art),162/162
Chespin,087/086
Chandelure,60/101
Charizard,003/110
Code Card - Mythical Pokemon Collection Box [Genesect],
Applin,185/167
Alolan Sandslash (30),SM127
Dragonite V (Alternate Full Art),192/203
Kabutops,7/92
Reshiram EX,29/113
Blaziken FB,2
Necrozma GX (Full Art),134/147
Lt. Surge's Pikachu,084/132
Mewtwo V,030/078
Dusknoir - 2013 (Ian Whiton),63/149
Pansage - BW14,BW14
Smeargle,21/95
Xatu (Delta Species),25/101
Steelix (Team Plasma),79/116
Pidgeot ex,221/091
Kingdra EX (Full Art),122/124
Jynx,045/130
Galvantula ex,051/142
Dragonite,131/195
Air Balloon (Poke Ball Pattern),079/086
Slowpoke,23/108
Articuno (16),16/108
White Kyurem EX - BW63,BW63
Pikachu,035/108
Genesect EX - 2014 (Andrew Estrada),11/101
Clefairy,050/083
Pignite (Master Ball Pattern),012/086
Croconaw (#17),17/30
Gloom (96),96/146
Veluza,125/091
M Venusaur EX,2/108
Turtonator GX (Full Art),131/145
Plusle,005/017
Exeggutor (Master Ball Pattern),002/131
Psychic Energy (2023),005
Power Plant,139/147
Gourgeist ex,102/086
Cryogonal (Master Ball Pattern),027/086
Regigigas (Full Art Promo),XY82
Granbull V (Full Art),159/172
Minun,6/12
Skitty - 2004 (Chris Fulop),44/109
Pokemon Reversal,87/109
Wugtrio,224/091
Alolan Vulpix,021a/145
Elekid,48/130
Hydreigon,103/99
Manaphy,GG06/GG70
Arctozolt,066/189
Fighting Energy - 2005 (Curran Hill),
Clefairy,013/034
Mimikyu GX,149/214
Shinx,098/130
Dusk Mane Necrozma GX (Full Art),145/156
Gengar EX (114 Full Art),114/119
Absol (Team Plasma),67/116
Koraidon ex,125/198
Latios,194/264
Graveler,29/97
Giratina,097/214
Rosa's Encouragement,114/088
Cinderace ex - 163,163
Roaring Moon ex,262/182
Charizard EX - XY121 (XY Black Star Promos),XY121
Rocket's Mission,88/109
Luxio,62/146
Cherrim,2
Yanmega (Prime),98/102
Arceus VSTAR - SWSH307,SWSH307
Magnemite,SV27/SV94
N's Zorua - 189,189
Pikachu (Pokemon Day 2009),015/017
Nessa,TG27/TG30
Omanyte,70/100
Gyarados,33/147
Allister (Full Art),179/185
Alakazam - 003,003
Luxray - SWSH023 (Prerelease) [Staff],SWSH023
Mega Greninja ex - 081,022/086
Kyurem - BW44,BW44
Darmanitan (Master Ball Pattern),014/086
Molayne (Full Art),212/214
Piplup (72),72/100
Peeking Red Card (Secret Rare),169/156
Blacephalon - SM221 (Prerelease),SM221
Boss's Orders [Corbeau],256/217
Wailord EX - 2015 (Jacob Van Wagner),38/160
Delta Rainbow Energy,009/017
Butterfree V,001/189
Corsola,37/75
Oinkologne,208/091
Rowlet & Alolan Exeggutor GX,1/236
Gallade V,TG19/TG30
Turtonator,146/142
Empoleon,2/100
Pachirisu - 158,158
Tauros,096/086
Fuecoco - 002,002
Flaaffy,42/123
Arcanine ex,83/92
Machamp LV.X,98/100
Pichu (Delta Species),76/110
Infernape E4,43/111
Tyrantrum,62/111
Totodile (#1),1/30
Scyther (106),106/147
Arcanine,6/18
Blaziken,006/070
Infernape,3/100
Gourgeist,57/146
Indeedee - 154 (Staff),154
Latios (Delta Species),9/113
Professor's Research [Professor Sada],189/198
Electivire,003/130
Sandslash,41/62
Tyranitar,026/095
Combusken,35/106
Marshadow - 2018 (Pedro Eugenio Torres),45/73
N - 2013 (Yugo Sato),96/108
Exeggcute,4/116
Entei (Shiny),SL3
Oricorio GX,95/236
Magcargo,41/115
Cursed Stone,72/92
Sandslash,29/123
Bounce Energy,142/144
Desert Ruins - 2005 (Jeremy Maron),88/101
Lanette's Net Search,77/106
Arven,249/198
Milotic,8/106
Flareon (Master Ball Pattern),013/131
Pidgey - 2006 (Jimmy Ballard),73/112
Gardevoir ex,245/198
Dark Wigglytuff,040/105
N (Supporter),92/101
Vespiquen ex,212/197
Tepig,BW02
Ultra Ball - 2024 (Sakuya O.),196/198
Vivillon (Meadow [Pink]),17/146
Switch - 2012 (Chase Moloney),104/114
Celebi,4/236
Copycat - 2011 (Ross Cawthon),77/95
Golisopod GX,SV48/SV94
Persian,27/123
Palkia EX,31/122
Lapras,005/012
Liepard (Team Plasma),84/135
Fraxure (15),15/20
Tynamo,030/086
Marill,88/130
Misty's Goldeen (30),030/132
Keldeo EX,45/113
Absol,097/189
Yungoos,012/012
Tatsugiri - 118,118
Crystal Beach - 2007 (Jeremy Scharff-Kim),75/100
Basculin (Master Ball Pattern),024/086
Exeggcute - 2015 (Jacob Van Wagner),4/116
Brock's Protection,101/132
Marowak,052/130
Houndoom ex - 103,103
Call Energy - 2008 (Jason Klaczynski),92/100
Scramble Energy - 2008 (Dylan Lefavour),89/101
Whimsicott GX,140/214
Scolipede (Master Ball Pattern),056/086
Wooper - 155,155
Xatu,55
Scramble Energy,95/107
Nidoqueen (Delta Species),7/101
Deoxys EX (Team Plasma) - BW82,BW82
Regirock ex,99/106
Clavell,249/193
Emolga (Master Ball Pattern),029/086
Vaporeon (12),12/64
Orbeetle V (Full Art),166/185
Plusle,39/108
Blissey,5/123
Numel (69),69
Mist Energy,161/162
Cubchoo (Master Ball Pattern),025/086
Dhelmise - 084 [Staff],084
Galarian Darmanitan VMAX,037/185
Kadabra,084/165
Butterfree VMAX (Secret),190/189
Lusamine,153a/156
Vivillon,193/191
Psychic Energy,127/130
Mareep,62/115
Bellibolt ex,237/193
Gastly,050/102
Holon Energy WP,86/101
Burned Tower,71/90
Heatran V (Full Art),165/189
Arbok (35),035/165
Alolan Dugtrio,087/149
Hoopa GX,96/181
Charcadet - 022,022
Incineroar V,08/73
Houndour (24),24/75
Charmander,SV6/SV94
Machop,064/101
Code Card - League Battle Decks [Reshiram & Charizard GX],
Vaporeon V - SWSH150,SWSH150
Mew - 2023 (Tord Reklev),011/025
Garbodor,204/182
Serperior,13/149
Professor Oak's New Theory,101/123
Altaria,GG19/GG70
Larvitar,52/106
Alolan Marowak GX - SM187,SM187
Sobble - 054,054
Sandile,063/114
Gengar (13),013/165
Wartortle,042/102
Sabrina's Abra (93),093/132
Skuntank V (Full Art),180/195
Pokemon Fan Club (106 Full Art),106/106
Ralts - 2004 (Kevin Nguyen),74/100
Chansey,031/105
Dark Tyranitar,19/109
Dusclops,019/064
Deoxys (Delta Species - Normal Forme),5/110
Slugma - 2005 (Michael Gonzalez),74/107
Zacian LV. X - SWSH135,SWSH135
VS Seeker - 2017 (Zachary Bokhari),109/119
Xerneas EX,97/146
Switch - 2004 (Reed Weichler),92/109
Pikachu & Zekrom GX,SM168
Gyarados GX - SM212 (SM Black Star Promo),SM212
Paradise Resort - 150 (World Championships 2024),150
Wartortle,002/034
Stakataka - SM180 (Prerelease) [Staff],SM180
Battle Compressor,92/119
Iono's Kilowattrel - 182 (Prerelease),182
Unown (Y),Y/28
Unown [I],37/123
Arceus & Dialga & Palkia GX (Full Art),220/236
Riolu,173/091
Tinkaton ex - 031,031
Milotic (Shiny),SH7
Dodrio,014/034
Grass Energy,105/110
Horsea,003/012
Origin Forme Palkia VSTAR,040/189
Noivern V - SWSH148,SWSH148
Wigglytuff (90),90/146
Deoxys (Normal Forme),16/107
Klinklang,141/086
Gengar,27/130
Arcanine,033/130
Deoxys Defense Forme,25/146
Eevee - 2006 (Jimmy Ballard),69/113
Pikachu - SM206,SM206
Psyduck,70/109
Trapinch (Delta Species) - 2007 (Jun Hasebe),84/110
Larvitar,116/165
Korrina,95/111
Erika's Oddish,070/132
Machop,59/82
Roaring Moon ex,229/182
Ditto,17/18
Squawkabilly ex - 2025 (Yuya Okita),
Phione,36/113
Water Energy (2006-2007 League Promo),
Electrode (18),18/64
Larvitar (Delta Species),73/113
Magikarp & Wailord GX (Alternate Full Art),161/181
Black Kyurem,61/236
Electropower (Secret),232/214
Venusaur EX - XY28,XY28
Sableye,63/132
Pichu,45/100
Shroomish,127
Blissey,36/123
Hydreigon,110/189
Flutter Mane - 097,097
Archeops - SWSH272 (Prerelease),SWSH272
Dragapult V - SWSH096,SWSH096
Lance (Secret),206/195
Lycanroc V (Full Art),187/203
Eevee - 173 (Pokemon Center Exclusive),173
Marshtomp,40/109
Medicham ex,95/106
Team Aqua's Crawdaunt,2/95
Oleana (Secret),202/192
Metang - 023 (Stadium Challenge 2004),023
Shuppet,43/97
Bastiodon,14
Hisuian Lilligant V (Full Art),162/189
Dusknoir - 2008 (Jason Klaczynski),2/130
Squirtle,063/100
Tornadus - 210 (Pokemon Center Exclusive),210
Mewtwo LV.X,144/146
Trapinch,82/100
Luxray - SWSH023 (Prerelease),SWSH023
Xurkitree,39/131
Raichu,10/123
Nest Ball,181/198
Palkia EX (Team Plasma) (100 Full Art),100/101
Zapdos - SM159 (Prerelease) [Staff],SM159
Zarude - 088,088
Uxie - 2010 (Yuka Furusawa),43/146
Giratina Prism Star,58/156
Pawniard (Master Ball Pattern),064/086
Dive Ball - 2016 (Cody Walinski),125/160
Lucario,117/236
Thundurus (97 Full Art),97/98
Erika's Bellsprout (76),076/132
Salvatore,212/162
Skeledirge,031/191
Erika's Maids,109/132
Unown (X),X/28
Virizion,13/101
Serena (Full Art),193/195
Dark Marowak,007/109
Arcanine,18/112
Cramorant V - SWSH086,SWSH086
Rotom VSTAR,046/159
Rhyperior V (Full Art),181/189
Hawlucha - 007 (Prerelease),007
Mawile VSTAR,071/195
Professor Elm's Training Method - 2004 (Chris Fulop),148/165
Tangela,178/165
Brock's Mankey (68),068/132
Silvally GX (Secret),262/236
Delibird,032/198
Thwackey,015/167
Giratina,062/135
Charizard & Braixen GX,22/236
Ledyba (73),073/144
Venusaur ex,112/112
Hitmonlee - HGSS25,HGSS25
______'s Chansey (DUPLICATE),113
Lillie's Determination,169/132
Octillery,10/115
Toxtricity V,SV112/SV122
Rare Candy,142/168
Altaria C,49
Groudon,084/160
Giovanni (104),104/132
Hypnotoxic Laser - 2013 (Jason Klaczynski),123/135
Sylveon EX (Full Art),RC32/RC32
Meganium (54),054/165
Mime Jr.,157/091
Samurott (31),31/114
Karen - XY177a,XY177a
Squirtle,82/112
Garbodor (Master Ball Pattern),060/086
Chansey,187/167
Mega Charizard X ex,125/094
Copycat,83/109
Suicune (Cosmos Holo) (Gamestop Exclusive),026/094
Dark Pupitar - 2005 (Takashi Yoneda),41/109
Single Strike Style Mustard,TG28/TG30
Naganadel GX (Secret),134/131
Lillie - 2019 (Shintaro Ito),125/156
Vanilluxe,29/101
Guzzlord,SV26/SV94
Vaporeon,25/108
Sceptile,010/100
Ultra Ball - 2012 (Igor Costa),102/108
Meganium (Delta Species),4/101
Piplup,85/127
Reverse World's Giratina (Japanese 11th Movie Commemoration Set),005/009
Code Card - Mega Tyranitar EX Premium Collection,
Lucario & Melmetal GX (Secret),224/214
Decidueye ex,100/088
Thundurus - 209,209
Beedrill,017/102
Fighting Energy,106/111
Charizard,019/113
Umbreon (Team Plasma),64/116
Blastoise EX,29/146
Candice (Secret),204/195
Paldean Wooper,221/193
Beedrill,021/130
Bebe's Search,109/123
Jacinthe,122/088
Iron Valiant ex - 068,068
Tapu Bulu - SM61,SM61
Koga's Kakuna,047/132
Slowking,28/113
Dedenne GX,57/214
Fezandipiti,073/064
Stunfisk,RC12/RC25
Aron,42/108
Lanturn,18/95
Jynx,031/102
Code Card - Flygon EX Box,
Brock (98),098/132
Emboar - BW21,BW21
Jangmo-o - SM40 (General Mills Promo),SM40
Flygon GX (Full Art),218/236
Eevee on the Ball,002/005
Max Revive,117/132
Cloyster (42),042/165
Treecko,001/012
Flareon,012/108
Latios,203/191
Xerneas EX - XY149 (Shiny),XY149
Magneton,009/130
Reshiram & Charizard GX - 2019 (Kaya Lichtleitner),20/214
Fighting Gong,168/132
Swinub,079/111
Double Colorless Energy - 2017 (Naoto Suzuki),136/149
Stoutland,156/086
Guzzlord GX,063a/111
Professor's Letter - 2014 (Andrew Estrada),123/146
AZ (117 Full Art),117/119
Hop's Snorlax,117/159
Counter Catcher (Secret),120/111
Strong Energy - 2018 (Naohito Inoue),115/124
Doduo,013/034
Choice Helmet (Secret),229/214
Arceus V,122/172
Ninetales,007/123
Celebi,3/102
Chi-Yu ex,234/193
Eevee (JR East Stamp Rally),11/53
Champions Festival - SWSH296 (World Championships 2022),SWSH296
Swinub,79/109
Scorbunny - SWSH244 (Cosmos Holo),SWSH244
Pikachu V-UNION,
Ditto,108/149
Bulbasaur,001/073
Mega Abomasnow ex,157/132
Murkrow,008/017
Metapod,087/165
Uxie - 2009 (Jason Martinez),43/146
Celebi & Venusaur GX (Full Art),159/181
Sunflora - SWSH269 (Prerelease),SWSH269
Klinklang,77/108
Wailord,14/109
Mallow & Lana (Full Art),231/236
Eelektross (Master Ball Pattern),032/086
Bidoof,011/017
Axew,012/012
Hop's Wooloo,170/159
Latios EX (101 Full Art),101/108
Articuno (4),004/144
Kyurem ex,157/086
Litwick,101/086
Swirlix,24/39
Scoop Up Cyclone,95/101
Swablu,103/113
Recycle Energy (Secret),257/236
Missing Clover (Secret Rare),168/156
Darkrai GX,SV70/SV94
Hoppip,083/147
Cradily (Delta Species),2/110
Marill,010/012
Glaceon VMAX (Secret),208/203
Light Golduck,047/105
Mewtwo EX (163 Secret Full Art),163/162
Erika's Exeggcute (77),077/132
Chatot,181/162
Pyroar,012/119
Kirlia,35/109
Shinx,118/146
Whiscash,28/107
Metal Energy (Special),88/106
Dragapult V,092/192
Parasect,48/123
Venomoth (13),13/64
Great Ball,92/112
Marshadow & Machamp GX (199) (Full Art),199/214
Rocket's Snorlax,033/132
Volcarona GX (Secret),252/236
Snorlax,140/202
Dusknoir,63/149
Delibird,39/123
Rare Candy - 2011 (Christopher Kan),82/95
Azelf (4) - 2010 (Mychael Bryan),4/123
Ampharos,001/111
Slowpoke,54/214
Feebas,61/101
Poliwrath,11/115
M Latios EX,59/108
Hoothoot,060/111
Skiploom,51/123
Clefable (41),041/165
Fire Energy (Secret),167/147
Manectric EX (113 Full Art),113/119
Parasect,027/147
Greninja GX,SV56/SV94
Dolliv,200/198
Machoke,038/144
Single Strike Urshifu VMAX (Secret),TG29/TG30
Nidorino,056/110
Code Card - Shining Legends Figure Collection: Shiny Darkrai GX,
Probopass,182/167
Code Card - Journey Together Pokemon Center Elite Trainer Box,
Lapras,048/202
Golem ex,91/97
Unown (K),K/28
Mewtwo V-UNION - SWSH160,SWSH160
Muscle Band - 2014 (Michikazu Tsuda),121/146
Gyarados (#20 Non-Holo),20/30
Tepig - BW07,BW07
Aggron EX (153 Full Art),153/160
Rescue Energy,90/102
Boss's Orders - Darkrai Deck,172/193
Karen's Conviction (Secret),216/198
Wicke (Full Art),147/147
Pikachu (Japanese 11th Movie Commemoration Set),003/009
Alolan Exeggutor V - SWSH225,SWSH225
Rhyhorn - 2005 (Michael Gonzalez),70/101
Alolan Raichu - SM72 (Prerelease) [Staff],SM72
Shiftry,22/100
Sylveon,72/111
Pikachu - XY202 (Pokemon League),XY202
Zarude - 088 (Pokemon Center Exclusive),088
Dark Alakazam (18),18/82
Zoroark,091/162
Litten,SM02
Primarina GX (Secret),149/145
Mega Absol ex,180/132
Steelix,035/147
Cobalion,144/086
Lucario,006/130
Code Card - Mega Beedrill EX Premium Collection,
Scizor,191/091
Healing Berry,125/147
Torracat,025/149
Latios GX,78/236
Boltund V,067/192
Galarian Articuno - SWSH282,SWSH282
Torterra (Team Plasma),3/135
Shaymin EX,77/108
Charizard EX (100 Full Art),100/106
Milotic V,043/192
Hitmonlee,25/115
Pikachu,GG30/GG70
Rayquaza V 100/159,100/159
Electrike,30/109
Blaine's Tauros,064/132
Swinub (108),108/144
Charmeleon,012/094
Ruins Of Alph - 2012 (Shuto Itagaki),76/90
Camerupt,004/107
Piplup,098/094
Whiscash (Alpha),41/160
Torchic,74/109
Gyarados,004/123
Zamazenta V - SWSH077,SWSH077
Nessa (Full Art),183/185
Uxie LV.X - 2009 (Tsubasa Nakamura),146/146
Pikachu at the Museum,
Colress (Team Plasma) (135 Full Art),135/135
Goldeen,53/64
Moltres,019/181
Scrafty,074/099
Metang,35/108
Dragalge - XY10 (Prerelease),XY10
Misty's Gyarados,013/132
Galarian Perrserker - SWSH008 (Prerelease),SWSH008
Team Rocket's Raticate,202/182
Flygon ex,87/92
Volcanion EX,XY173
Prinplup - 2007 (Akira Miyazaki),58/130
Psyduck,53/62
Dark Dugtrio (23),23/82
Hisuian Goodra V (Full Art),187/196
Nidoking,045/108
Staryu,065/102
Latias ex,076/191
Electrode,33/116
Charity,099/132
Daisy's Help,195/165
Klinklang,076/114
Lucario - SM95 (Prerelease) [Staff],SM95
Tapu Koko GX,SV93/SV94
Ariados,15/123
Magnezone EX,35/106
Graveler,044/110
Rocket's Wobbuffet,47/109
Poipole (55) - 2019 (Shintaro Ito),55/131
Jolteon - SWSH094,SWSH094
Altaria - BW48 (Prerelease) [Staff],BW48
Treecko Star,109/109
Shiftry,13/111
Luxray,003/017
Metal Energy (#9),9/30
Magneton,48/113
Quagsire,SV10/SV94
Mew (Delta Species),003/017
Arctovish V (Full Art),176/203
Tropical Wind - DP05 (Worlds 07),DP05
Dedenne GX - 2019 (Haruki Miyamoto),57/214
Raging Bolt ex,166/131
Mewtwo LV.X - 2009 (David Cohen),144/146
Blanche - SWSH227,SWSH227
Infernape,173/167
Charizard (Celebrations Metal Card),004/102
Victreebel,3/168
Nihilego,106/214
Code Card - Mimikyu Pin Collection,
Probopass,004/017
Water Energy (2010 Unnumbered HGSS Style Non-Holo),
Professor Elm's Training Method - 2011 (Christopher Kan),100/123
Misty's Staryu,092/132
Cinderace VMAX,036/192
Spinda,26/92
Zebstrika,115/086
Entei,004/132
Terrakion,073/101
Landorus - BW43,BW43
Mew V (Alternate Full Art),251/264
Eevee,013/017
Sceptile,10/100
Carbink,242/217
Warp Point,85/95
Cramorant,SV030/SV122
Adaman,GG57/GG70
Scizor (10),10/75
Dragonite,2/146
Hippowdon Lv.X,107/111
Yveltal EX,79/146
Flareon,19/111
Espeon V - SWSH201,SWSH201
Squirtle - 039,039
Groudon - XY52,XY52
Zeraora VMAX,054/159
Code Card - TAG TEAM Powers Collection [Espeon & Deoxys GX],
Kirlia,34/109
Registeel,29/110
Treecko,76/109
Ariados,027/111
Wooper (Delta Species),71/101
Vermilion City Gym,120/132
Dark Claw - 2013 (Jason Klaczynski),92/108
Gorebyss,18/101
Axew (Master Ball Pattern),068/086
Mimikyu (96),96/236
Grafaiai ex - 100 (SV: Scarlet & Violet Promo Cards),100
Piers (Secret),78/73
Fearow,24/112
Oshawott - 051,051
Entei ex,91/95
Victini VMAX,022/163
Azelf - 2009 (Tsubasa Nakamura),19/146
Black Kyurem ex,218/191
Incineroar GX (Full Art),167/181
Ninetales,19/108
Meloetta - BW68,BW68
Galarian Farfetch'd,SV063/SV122
Hex Maniac,75/98
Jet Energy,252/191
Elgyem,120/086
Brilliant Blender,164/191
Hydreigon ex,223/191
Fire Energy (2023),002
Victory Medal - 2009-2010 (Battle Road Spring),
Garchomp ex,038/182
Larvitar,070/105
Dragonite EX,074/111
Swalot,11/100
Air Balloon,156/202
Groudon,84/160
Banette,TG07/TG30
Special Charge - 2016 (Jesper Eriksen),105/114
Heatran,4
Basic Fire Energy (Cracked Ice Holo),010
Professor's Research [Professor Rowan],147/172
Toxel,SV041/SV122
Garchomp,109/172
Sabrina's Kadabra,058/132
Pikachu (Portuguese),PW 9
Hau (Full Art),144/145
Empoleon BREAK - XY134 (XY Black Star Promos),XY134
Lost City - 2024 (Fernando Cifuentes),161/196
Crawdaunt,6/107
Alolan Raichu - SM65,SM65
Rowlet & Alolan Exeggutor GX (Secret),237/236
Shaymin (38),38/127
Sandy Shocks ex,159/131
Moltres,19/181
Unown (91),91/214
Lapras (26),26/99
Furret,82/106
Glaceon,19/111
Magnezone ex,065/198
Passimian,TG08/TG30
Rose (Full Art),071/072
Spinarak (111),111/147
Flaaffy (Secret),280/264
Tapu Fini GX (Full Art),133/147
Venomoth,031/130
Team Rocket's Zapdos (Destined Rivals Stamp),070/182
Code Card - Mewtwo EX Box,
Hiker,SV85/SV94
Eevee,80/111
Beach Court,263/182
Lacey,175/131
Lightning Energy (Secret),168/145
Beldum - 022 (e-League),022
Scramble Energy - 2005 (Michael Gonzalez),95/107
Terrakion (Master Ball Pattern),054/086
Noibat (#12),12/30
Sigilyph (Master Ball Pattern),038/086
Skyla,134/149
Latios - HGSS11 (Cracked Ice Holo),HGSS11
Snow-cloud Castform,25/101
Blastoise ex (Stellar Crown Stamp),030/142
Suicune,019/132
Giovanni's Machop,072/132
M Pidgeot EX,65/108
Xerneas GX (Full Art),126/131
Flareon,026/185
Buneary (Master Ball Pattern),083/131
Shellder,54/62
Luminous Energy,191/193
Archaludon (Cosmos Holo) (Gamestop Exclusive),107/142
Palkia GX (Secret),132/131
White Kyurem EX,96/135
Pikachu ex,276/217
Liepard V (Full Art),180/198
Cufant,076/064
Black Kyurem EX - BW62,BW62
Castaway - 2008 (Dylan Lefavour),72/100
Charizard EX,011/106
Chikorita - 046,046
Grimer,54/92
Leafeon (Poke Ball Pattern),005/131
Slowpoke,073/111
Lugia,14/132
Raging Bolt ex,208/162
Leon (Full Art),182/185
Clive,236/091
Darkrai - XY114,XY114
Tirtouga,106/086
Double Rainbow Energy,004/017
Pidgey,123/165
Galarian Ponyta - SWSH013,SWSH013
Bebe's Search,089/111
Blaine's Charizard,002/132
Heracross EX (105 Full Art),105/111
Cresselia LV.X,103/106
Darkrai EX (Full Art),118/122
Pelipper,204/091
Mega Meganium ex,010/217
Gyarados (Delta Species),8/110
Whiscash,48/97
Latias - HGSS10 (Cosmos Holo),HGSS10
Wormadam Sandy Cloak,010/017
Toxicroak EX,41/106
Copycat,127/168
Diancie Prism Star,74/131
Tag Call (Secret),270/236
Tatsugiri - 118 (Prerelease) [Staff],118
Crobat (H5),H05/H32
Salamence,64/101
Latias Prism Star,107/168
Flareon - SM186 (#27 Charizard Stamped),SM186
Snorlax,37/130
Ho-Oh EX,92/122
Talonflame V (Full Art),168/185
Jumpluff - 2010 (Yuka Furusawa),6/123
Dedenne GX - 2019 (Kaya Lichtleitner),57/214
Ethan's Typhlosion,190/182
Alakazam E4,38/111
Pichu,011/017
Rocket's Meowth,46/109
Basic Grass Energy - 009 (Cosmos Holo),009
Charmeleon,SV7/SV94
Delcatty,23/146
Pikachu,084/144
Dubwool,SV104/SV122
Pikachu V,TG16/TG30
Choice Belt - 2023 (Gabriel Fernandez),176/193
Machop,052/102
Code Card - Mythical Pokemon Collection Box [Celebi],
Energy Stadium,099/105
Inteleon V,078/264
Steven's Advice - 2008 (Tristan Robinson),83/108
Yanmega,17/146
Gogoat - XY16,XY16
Hoopa EX,036/098
Furfrou (32),32/39
Primarina,020/084
Gastly,82/130
Tinkaton,167/091
Fighting Energy,160/165
Weedle,70/75
Hoppip,096/091
Clefable (1),01/64
Miraidon - 082 (Pitch Black Stamped),082
Pachirisu,138/091
Garchomp & Giratina GX,146/236
Mawile,9/100
Mr. Fuji,58/62
Dachsbun,161/091
Kricketune,32/127
Yanma,28/109
Metal Energy (Prize Pack Series 3) (Cosmos Holo),
Tornadus EX - BW96 (Prerelease),BW96
Dragonite (51),51/108
Poke Ball,64/64
Dustox ex,86/92
Pawmot,144/091
Decidueye GX - SM37 (SM Black Star Promo),SM37
Roseanne's Research - 2008 (Paul Atanassov),125/132
Finizen,123/091
Donphan - SWSH067 (Prerelease) [Staff],SWSH067
Electivire,20/102
Ninetales,017/095
Sandygast,214/193
Roseanne's Research - 2008 (Jason Klaczynski),125/132
Snivy - BW01,BW01
Dark Golbat,34/109
Zapdos,23/53
Farfetch'd,055/144
Miraidon ex - 2025 (Liao Fu Guan),
Bayleef,35/115
Buizel,061/106
Vaporeon - BW89,BW89
Mewtwo,051/108
Tapu Lele - SM152 (Prerelease),SM152
Wartortle,063/130
Guzma - 2017 (Kabu Fukase),115/147
Toedscruel,185/182
Aerodactyl VSTAR,093/196
Blaine's Quiz #3,112/132
Milo,TG27/TG30
Igglybuff,067/144
Wynaut,70/108
Entei V,GG36/GG70
Rose (Secret),196/189
Tapu Koko ex,247/182
Golisopod ex,221/182
Turtwig,GG31/GG70
Aegislash,085/146
Zubat (118),118/144
Rhydon,19/106
Mewtwo EX,054/099
Holon Mentor - 2007 (Tom Roos),75/101
Colress's Tenacity,087/064
Pokemon Breeder (Full Art),73/73
Entei - HGSS20,HGSS20
Butterfree FB,17
Shadow Rider Calyrex VMAX (Secret),TG30/TG30
Kommo-o GX (Secret),159/145
Regigigas (Master Ball Pattern),086/131
Cornerstone Mask Ogerpon ex,199/167
Vulpix,72/106
Cubone,60/124
Electromagnetic Radar (Secret),230/214
Zeraora VMAX - SWSH264,SWSH264
Rhyperior,076/142
Sabrina's Psyduck,099/132
Professor Sycamore (2015),122/146
Grovyle - 004 (e-League) [Winner],004
Alolan Vulpix VSTAR,034/195
Audino,074/086
Lugia EX (Team Plasma),102/113
Professor Kukui,128/149
Tangela,008/083
Lycanroc (Ash vs Team Rocket Deck Kit),012/026
Wigglytuff ex,222/091
Scolipede,74/149
Ho-oh [Pokemon Center NY],52/53
Entei (H8),H08/H32
Chien-Pao ex,242/091
Lampent (Master Ball Pattern),017/086
Meowscarada,015/198
Genesect,010/101
Mewtwo - 2009 (David Cohen),9/100
Dancer (Secret),274/264
Reshiram,26/114
Moltres ex,115/112
Rowlet & Alolan Exeggutor GX (Alternate Full Art),215/236
Counter Catcher,264/182
Inteleon VMAX (Secret),195/192
Code Card - Team Skull Pin Collection,
Butterfree VMAX,002/189
Multi Energy,89/108
Greninja,040/122
Palkia LV.X,106/106
Coach Trainer (Full Art),233/236
Roselia,42/92
Glaceon,023/116
Solrock,GG15/GG70
Koga's Pidgeotto,027/132
Oddish,122/165
Pikachu,20/108
M Mewtwo EX (159 Full Art),159/162
Arceus Lv.X (94),94/99
Alolan Vulpix V,033/195
Scoop Up Net,165/192
Slowpoke - 086 (Cosmos Holo),086
Banette ex - 2007 (Jeremy Scharff-Kim),85/92
Mudkip - 010 (e-League),010
Electabuzz (Movie Promo),02/53
Marshtomp,24/100
Centiskorch,SV019/SV122
Absol ex - 2007 (Tom Roos),92/108
Whismur - 019 (Target Promo),019
Oddish,63/82
Baltoy - 2009 (David Cohen),60/106
Basic Psychic Energy - 005 (Cosmos Holo),005
Rare Candy - 2011 (Ross Cawthon),82/95
Pokemon Fan Club,009/017
Blacephalon GX (Secret),219/214
Energy Recycler (Secret),143/131
Kadabra,149/091
Pinsir GX,6/68
Dragonite (Silver Tempest Stamped),131/195
Swampert ex,95/95
Talonflame,028/146
Mr. Mime (22),22/64
Ninetales (21),021/165
Walrein ex,89/92
Blastoise (36),036/165
Stormy Mountains (Secret),232/203
Eevee,130/185
Vileplume (31),31/64
Charizard GX,009/068
Klara (Full Art),194/198
Pachirisu,35/130
Erika's Jigglypuff,069/132
Escavalier,080/101
Squirtle (131),131/165
Arcanine (Illustration Contest 2022),SWSH304
Tyranitar (31),31/75
Hydreigon - SWSH037 (Prerelease) [Staff],SWSH037
Marshtomp,46/106
Vanillite (Master Ball Pattern),027/086
Holon Scientist - 2006 (Miska Saari),97/113
Ursaring,110/144
Zekrom (114 Full Art),114/114
Rayquaza,003/017
Powerglass,097/064
Battle Frontier,75/106
Charmeleon,RC4/RC32
Fuecoco - 079,079
Sharpedo Spirit Link,XY201
Duosion (Master Ball Pattern),038/086
Silent Lab - 2015 (Rowan Stavenow),140/160
Haxorus,69/101
Diancie,71/119
M Gengar EX,35/119
Eevee & Snorlax GX (Full Art),171/181
Sprout Tower,097/111
Dondozo,207/198
Galarian Darumaka,SV023/SV122
Zekrom,039/116
Teammates (160 Full Art),160/160
Shadow Rider Calyrex V - SWSH131,SWSH131
Lairon,184/167
Paradise Resort - 045 (World Championships 2023) [Staff],045
Mega Gengar ex,269/217
Munchlax,173/236
Arceus Lv.X (96),96/99
Machamp (16),016/144
Origin Forme Palkia VSTAR (Secret),GG67/GG70
Kabuto,048/110
Eevee - SM235,SM235
Radiant Greninja - 2023 (Tord Reklev),046/189
Pikachu ex,057/191
Lt. Surge's Eevee,051/132
Shaymin Lv.X (Land Forme),126/127
Deoxys ex (Normal Forme),97/107
Bloodmoon Ursaluna ex,216/167
Virizion,013/101
Cleffa,020/111
Starmie V (Full Art),166/189
Illumise,38/100
Virizion EX (Full Art),96/101
Greninja ex,198/167
Lt. Surge's Raticate,016/034
Absol,067/116
Miraidon ex,227/198
Kommo-o,077/111
Pokemon Catcher - 2012 (Igor Costa),95/98
Whimsicott GX (Full Art),206/214
Basic Fire Energy,033/034
Claydol,015/106
Raikou GX,SM121
Articuno,027/099
M Gardevoir EX,106/160
Marowak,078/162
Squirtle,033/214
Garbodor (57) - 2017 (Naoto Suzuki),57/122
Hop's Dubwool (Best Buy Exclusive),136/159
Ethan's Ho-Oh ex,039/182
Nidorina (Delta Species),34/101
Meowth,106/149
Enhanced Hammer,094/108
Pikachu,012/017
Moltres (149),149
VS Seeker - 2016 (Shunto Sadahiro),109/119
Machoke,034/102
Eevee - BW94,BW94
Judge - 2010 (Michael Pramawat),78/95
Unown (Y),81/146
Xerneas,096/146
Shiftry GX,14/168
Tate & Liza (Full Art),166/168
Shroodle,189/091
Dowsing Machine - 2014 (Michikazu Tsuda),128/135
Rapidash - SWSH270 (Prerelease),SWSH270
Rocket's Sneasel - 5 [Winner],005/009
Pecharunt ex,093/064
Blaziken VMAX,021/198
Necrozma GX - SM58,SM58
Greedent V (Alternate Full Art),257/264
Torterra,10/95
Professor Burnet - SWSH167 (2021),SWSH167
Snorlax,TG10/TG30
Riolu,GG26/GG70
Cyclone Energy - 2008 (Jason Klaczynski),90/108
Dragonite V,049/078
Mega Scrafty ex,270/217
Jirachi,126/182
Boss's Orders (Secret),200/192
Samurott (32),32/114
Quaxly -  063,063
Amoonguss - SM202 (Prerelease) [Staff],SM202
Water Energy,103/106
Trevor - XY33,XY33
Tapu Fini GX (Secret),152/147
Roseanne's Research - 2008 (Tristan Robinson),125/132
Victory Cup - BW29 (Battle Road Autumn 2011) [3rd Place],BW29
Pikachu - 214 (Illustration Contest 2024),214
M Venusaur EX,2/83
Charmander - 044,044
Melmetal V (Full Art),075/078
Pikachu (SNAP Promo),26/53
Korrina's Focus (Secret),174/163
Tauros,16/112
Fervor,124/132
Machamp (H15),H15/H32
Houndstone,168/091
Flaaffy,27/97
Swampert,9/106
Warp Point - 2004 (Kevin Nguyen),85/95
Darkness Energy (Basic),111/114
Kleavor VSTAR - SWSH249,SWSH249
Pikachu - 027,027
Drilbur,008/012
Meowth (Delta Species),011/017
Marshadow,103/236
Indeedee V,SV114/SV122
Yanmega - 2011 (Gustavo Wada),98/102
Magmortar Lv.X,123/123
Golurk,150/149
Shinx,043/099
Iron Leaves ex,203/162
Maractus,093/086
Mew V,069/189
Superior Energy Retrieval,103/116
Lanturn,38/101
Slowking,21/122
Munchlax (70),70/111
Combusken,28/109
Judge,TG25/TG30
Toedscruel ex,022/197
Gardevoir ex - 2004 (Kevin Nguyen),96/100
Head Ringer,97/119
Nidoking (H18),H18/H32
Venomoth GX (Full Art),193/214
Prism Energy (Poke Ball Pattern),086/086
Switch - 2004 (Kevin Nguyen),92/109
Garchomp,099/156
Typhlosion - 034 (Epic Collection Value Boxes),034
Smeargle,015/015
Rocket's Moltres ex,100/109
Jolteon VMAX,051/203
Dark Bell,106/084
Rapid Strike Urshifu VMAX,088/163
Beldum,029/101
Houndoom V (Full Art),178/189
Warp Point - 2006 (Hiroki Yano),93/115
Dusknoir,2/130
Meowth,69/112
Raichu GX - SM213,SM213
N's Zekrom,155/217
Tyranitar,040/147
Drowzee,210/198
Koraidon - 014,014
Kyogre EX (148 Full Art),148/160
Bayleef,35/123
Smoochum,30/123
M Charizard EX,13/108
Darkness Energy - 2012 (Igor Costa),
Pikachu,26/83
Island Hermit,76/101
Miltank,47/123
Bidoof,70/130
Sabrina's Psychic Control,121/132
Ancient Technical Machine [Rock] - 2004 (Reed Weichler),85/101
Quaxly - 082,082
Weezing,31/106
Tyranitar V,097/163
Sylveon V,TG14/TG30
Houndoom (14),014/147
Metagross,010/146
Servine,7/113
Solgaleo GX - SM104,SM104
Snorlax ex (Prismatic Evolution Stamped),076/131
Mega Kangaskhan ex,104/132
Rare Candy - 2025 (Jose Cruz Galindo-Resendiz),
Mesprit - 2010 (Mychael Bryan),14/123
Uxie - 2010 (Michael Pramawat),43/146
Dusclops - 2010 (Michael Pramawat),35/100
Dawn Stadium,79/100
Mew,32/68
Scyther (57),057/147
Gyarados 21/98,021/098
Hatenna - SWSH040 (General Mills Promo),SWSH040
Pokemon Catcher - 2013 (Ian Whiton),95/98
Lance (Full Art),192/195
Seaking (Master Ball Pattern),021/131
Meowth,56/64
Judge - 2011 (Gustavo Wada),78/95
Float Stone - 2014 (Trent Orndorff),99/116
Holon Transceiver - 2007 (Jeremy Scharff-Kim),98/113
Cyndaquil (105),105/165
Celebi - 029 (EX Collector's Carry Tin),029
Wooloo - SWSH011 (General Mills),SWSH011
Pheromosa - SM115 (Prerelease) [Staff],SM115
Amarys,170/131
Mew EX - 2014 (Trent Orndorff),46/124
Ninjask,137/132
Wash Rotom - SM94 (Prerelease) [Staff],SM94
Cynthia,119a/156
Lucario EX - 2015 (Rowan Stavenow),54/111
Cubone,51/109
G Booster - 2014 (Andrew Estrada),92/101
Zapdos,14/100
Raihan,TG27/TG30
Shelgon,43/70
Wingull,203/091
Dawn,087/094
Professor's Letter,123/146
Fezandipiti ex,142/217
Victini (98 Full Art),98/101
Sharpedo,37/132
Pikachu ex,238/191
Steelix (Secret),247/236
Nidoking,031/110
Naganadel GX,160/236
Heavy Ball - 2014 (Michikazu Tsuda),88/99
Ralts (Delta Species),61/101
Heatran EX (Team Plasma),13/116
Lt. Surge's Electabuzz (27),027/132
Shining Kabutops,108/105
Trubbish - 2016 (Shunto Sadahiro),56/122
Alolan Ninetales GX (Secret),225/214
Peonia (Secret),219/198
Gigalith,129/086
Meganium,26/123
Mega Zeraora ex,114/084
Porygon-Z,144/182
Holon Mentor - 2007 (Jeremy Scharff-Kim),75/101
Misty's Water Command,63/68
Kirlia - 2017 (Diego Cassiraga),92/147
Mega Venusaur ex - 013,013
Noivern (#13 - Non-Holo),13/30
Dratini,038/130
Slowking,32/95
Heliolisk - XY47,XY47
Jumpluff,14/214
Sylveon (#30 - Holo),30/30
Fletchling,011/012
Scolipede,54/114
Code Card - Ascended Heroes Pokemon Center Elite Trainer Box digital bundle,
Minccino,84/98
Beedrill V (Alternate Full Art),161/189
Misty's Wish,108/132
Cleffa,24/95
Gardevoir - 2004 (Kevin Nguyen),7/109
Diglett,52/82
Morty (Full Art),212/214
Annihilape ex,242/193
Radiant Steelix,124/196
Porygon (103b),103b/147
Quaquaval - 005 (Prerelease),005
Buck's Training,130
Rattata,71/109
Flapple,022/192
Quilava,45/115
Espeon,4/95
Victreebel,12/102
Erika's Bellsprout,038/132
Cradily,3/100
Professor Oak's Visit (2008-2009),122/132
Vikavolt,230/217
Morpeko VMAX,080/202
Vileplume GX (Full Art),211/236
Regirock - SM74 (Prerelease),SM74
Dark Ariados,017/105
Mega Lopunny & Jigglypuff GX (Full Art),225/236
Snivy - BW06,BW06
Jynx,026/110
Lycanroc GX (SV66),SV66/SV94
Zacian V-UNION - SWSH163,SWSH163
Bebe's Search - 2010 (Yuka Furusawa),89/111
Diancie,GG13/GG70
Lycanroc - SM105,SM105
Ceruledge,040/091
Gloom,078/165
Dialga (Full Art Promo),XY77
Mesprit,34/146
Wooper,118/132
Regice ex,97/101
Alolan Persian GX (Secret),257/236
Mewtwo V-UNION [Set of 4],
Leafeon,6/108
Charmander (97),097/165
Klang,075/114
Beedrill Spirit Link - XY159,XY159
Black Kyurem ex (Surging Sparks Stamped),048/191
Sneasel ex,103/109
Hisuian Typhlosion V - SWSH237,SWSH237
Raticate,06/18
Pikachu,57/108
Dowsing Machine - 2013 (Clement Lamberton),128/135
Orbeetle V - SWSH078,SWSH078
Darkness Energy (Basic),94/95
Igglybuff,37/101
Darkrai GX (Full Art),139/147
Magcargo,33/64
Sceptile,8/106
Colress's Tenacity - 057/064 - 2024 (Fernando Cifuentes),057/064
Porygon,012/012
Buddy-Buddy Poffin (EUIC Promo),144/162
Alomomola (Master Ball Pattern),024/086
Virizion V (Full Art),164/189
Eevee,167/236
Celesteela,100/168
Gardevoir ex,233/091
Levincia,244/182
Ninetales,36/127
Metagross (Delta Species),11/113
Jamming Net,98/119
Chandelure (Master Ball Pattern),018/086
Latios GX (Secret),243/236
Manectric,11/127
Espeon,006/012
Bisharp (79),79/108
Dragonite GX (Secret),248/236
Galarian Slowpoke - SWSH126,SWSH126
Altaria ex,90/106
Wigglytuff,79/99
Archie,71/95
Fan Rotom (Master Ball Pattern),085/131
Friends in Paldea,109/131
Psychic Energy (2011 Play! Pokemon),
Diancie - 2017 (Diego Cassiraga),94/147
Delinquent,098b/122
Zacian V-UNION [Set of 4],
Mega Dragonite ex,290/217
Code Card - Celebrations Pokemon Center Elite Trainer Box (Exclusive),
Delcatty - 2004 (Kevin Nguyen),5/109
Vaporeon ex,149/131
Skitty,64/92
Code Card - Perfect Order Booster Bundle,
Frosmoth,064/202
Pidgeotto - 2005 (Takashi Yoneda),45/112
Pokemon Reversal - 2005 (Michael Gonzalez),97/112
Poppy,220/197
Mega Greninja ex,100/086
Munchlax (69),69/111
Heatmor,104/086
Unown [Y],40/64
Kingdra (Prime),85/95
Lightning Energy - 2013 (Clement Lamberton),
Lugia Legend (Top),113/123
Rare Candy,82/95
Scorbunny - SWSH071,SWSH071
Code Card - Elite Trainer Box [Mewtwo X],
Lance Prism Star,61/70
Dark Patch (Secret),216/196
Wartortle,65/127
Wynaut,77/236
Articuno (H3),H03/H32
Voltorb,010/034
Farfetch'd,027/102
Eevee GX - SM175,SM175
Rayquaza V (Full Art),193/203
Morpeko V-Union (SWSH287-290) [Set of 4],SWSH290
Gengar & Mimikyu GX,53/181
Inteleon (Secret),227/203
Machoke,085/165
Bastiodon GL,2/111
Eevee - 2007 (Tom Roos),69/113
Espeon (Master Ball Pattern),033/131
Krookodile EX - XY25,XY25
Glaceon,020/100
Wynaut,54/100
Nightly Garbage Run (Rocket's Secret Machine),77/82
Hatterene VMAX,066/159
Diancie EX,72/124
Prime Catcher - 2024 (Evan Pavelski),157/162
Arcanine,1/12
Mega Heracross ex,108/094
Alakazam EX (Secret),125/124
Pikachu V - SWSH145,SWSH145
Pokemon Park,131/147
Cinderace,034/202
Fossil Researcher (110 Full Art),110/111
Pidgeotto,47/102
Arceus V - SWSH204,SWSH204
Reshiram V (Full Art),172/195
Terapagos ex,128/142
Bulbasaur,93
Bramblin,198/193
Blissey V,TG22/TG30
Irida,147/189
Kamado (Full Art),187/189
Kingdra - XY39 (Prerelease) [Staff],XY39
Ivysaur,35/112
Jirachi - SM161,SM161
Charizard,001/099
Deoxys - SWSH170 (Prerelease),SWSH170
______'s Pikachu,24
Mew V - 2023 (Vance Kelley),113/264
Pikachu,025/165
Solgaleo & Lunala GX (Secret),254/236
Eevee VMAX - SWSH087,SWSH087
Diantha,105/131
Victini V (Full Art),144/163
Diancie,RC22/RC32
Ampharos,40/114
Sparkling Crystal,129/131
Dugtrio (10),010/165
Iron Crown ex,081/162
Brigette - 2018 (Magnus Pedersen),134/162
Wellspring Mask Ogerpon ex,213/167
Reshiram EX (95 Full Art),95/99
Dondozo,126/091
Charmander,RC3/RC32
Vileplume (Delta Species),17/110
Trevenant - 2014 (Trent Orndorff),55/146
M Tyranitar EX (92 Full Art),92/98
Dunsparce,120/159
Nosepass,17/106
Rattata,090/144
Squirtle (132),132/165
Cyclizar ex,228/191
Electrode,021/102
Lightning Cube 01,127/147
Virbank City Gym - 2013 (Yugo Sato),126/135
Ludicolo,7/100
Charizard VMAX,020/189
Oranguru - SM13 (Prerelease),SM13
Noibat (Master Ball Pattern),090/131
Agatha (Secret),210/198
Gyarados V,028/203
Eevee,TG11/TG30
Grass Energy (2009 Unnumbered POP Promo),
Kabu (Secret),77/73
AZ - 2015 (Rowan Stavenow),91/119
Luxray GL - 2009 (Tsubasa Nakamura),9/111
Spinarak (62),062/147
Spark - SWSH226,SWSH226
Morpeko V-Union - SWSH218,SWSH218
Drowzee,54/109
Meowth (Ash vs Team Rocket Deck Kit),013/026
Super Rod - 2025 (Riley McKay),
Aggron,1/109
Charizard GX - SM211 (SM Black Star Promo),SM211
Umbreon (Obsidian Flames Stamped),130/197
Togepi,051/111
Max Potion - 2014 (Michikazu Tsuda),94/98
Lightning Energy (#10),10/30
Spheal,102/123
Erika's Clefable,003/132
League Staff,153/185
Fossil Egg,72/75
Venusaur,28/100
Pidgeot,29/102
Pidgeot V (Full Art),188/196
Gardevoir GX (Full Art),140/147
Town Map,136/149
Zeraora,151/142
Chinchou (71),071/147
Comfey,GG14/GG70
Keldeo,GG07/GG70
Ho-Oh,XY153
Mystery Energy,112/119
Furfrou,012/012
Bellossom,16/101
Galarian Zapdos V,080/198
Kabutops,6/100
Ceruledge - 014,014
Munkidori (Master Ball Pattern),044/131
Chandelure,TG04/TG30
Bulbasaur,068/110
Recall,116/132
Seel,081/105
Charmeleon,3/12
Fraxure (14),14/20
Ivysaur,05/18
Rocket's Hideout,87/109
Flying Pikachu,25/53
Revive - 2011 (Christopher Kan),102/114
Magmar,051/130
Squirtle,46/95
Fossil Researcher,092/111
Single Strike Urshifu V,085/163
Flapple,210/191
Exeggutor,24/123
Kabutops (25),25/75
Chansey ex,96/109
Accelgor (Master Ball Pattern),009/086
Gallade,084/162
Kyurem - SM142,SM142
Politoed (H23),H23/H32
Ampharos,029/086
Dark Typhlosion,010/105
Kabuto (Delta Species),67/110
Azurill,146/236
Toxtricity VMAX,SV113/SV122
Mystery Garden,172/132
Meowth,080/099
Nosepass,18/109
Accelgor,012/101
Professor's Research [Professor Magnolia] (Secret),209/202
Thundurus EX (98 Full Art),98/108
Gabite,SV39/SV94
Mr. Mime,30/123
Sabrina's Jynx,059/132
Dedenne,093/088
Celebi,7/123
Squirtle,63/95
Zacian V,138/202
Deoxys,33/108
Morgan (Full Art),178/181
Pikachu,065/202
Swellow,45/97
Chansey,069/147
Energy Switch,120/147
Zacian V (Secret),211/202
Team Rocket's Giovanni,174/182
Dusclops,4/100
Genesect EX (Team Plasma),11/101
Code Card - Scarlet & Violet Pokemon Center Elite Trainer Box (Exclusive) [Koraidon],
Pachirisu,43/100
Hoppip,112/165
Garchomp & Giratina GX (Secret),247/236
Dragonite (52 Delta),52/108
Float Stone - 2018 (Robin Schulz),137/162
Lunala,70/168
Piplup,RC6/RC25
Windstorm - 2008 (Jason Klaczynski),85/100
Ivysaur,014/017
Golduck (50b),050b/147
Malamar VMAX,122/192
Zoroark,71/114
Dugtrio,052/144
Arbok (3),003/165
Corphish,54/97
Ho-Oh GX - SM80 (SM Black Star Promo),SM80
Dodrio,046/147
Unown V - SWSH300,SWSH300
Wailord V,013/073
Pikachu - SM86,SM86
Dwebble (Master Ball Pattern),051/086
Politoed,018/111
Relicanth,173/162
Froslass (Secret),226/203
Necrozma,101/236
Pansage,089/086
Charizard,004/102
Cobalion - 2016 (Shintaro Ito),74/114
Hitmonchan - 2,002/009
Magikarp,89/123
Buddy-Buddy Poffin,167/132
Sunny Castform,31/113
Spinda,017/017
Volcanion - XY145 (Prerelease) [Staff],XY145
Darkrai Prism Star,77/156
Snorlax GX - SM05,SM05
Vaporeon,025/108
Fighting Energy (2017 Unnumbered) (Wave Foil),
Volcanion - SM179 (Prerelease),SM179
Team Magma's Aron,59/95
Origin Forme Dialga VSTAR (Secret),GG68/GG70
Latios (Delta Species),22/110
Dragonite EX,74/111
Rainbow Energy (Secret),183/168
Golurk,046/101
Greninja Star,SWSH144
Azumarill,2/123
Cobalion ex,103/086
Dusknoir,TG06/TG30
Sceptile (Omega),9/160
Rockruff,SV23/SV94
Toxtricity,103/094
Articuno EX (Team Plasma) (132 Full Art),132/135
Graveler,37/62
Upper Energy,102
Dark Forretress,035/105
Teammates - 2015 (Alejandro Ng-Guzman),141/160
Water Energy,134/146
Entei GX,010a/073
Beartic (Team Plasma),41/135
Misty's Gyarados (Prerelease) [Staff],049/182
Brigette - 2017 (Diego Cassiraga),134/162
Aerodactyl V (Full Art),179/196
Zapdos,8
Raikou EX - 2012 (Chase Moloney),38/108
Fighting Energy - 2011 (Ross Cawthon),
Code Card - 2022 World Championship Deck: Rikuto Ohashi (Ice Rider Palkia),
Eevee,054/144
Torkoal,010/017
Team Aqua's Crawdaunt,14/95
Chatot - 2008 (Dylan Lefavour),55/100
Pikachu - SWSH039 (General Mills),SWSH039
Luxray,028/088
Doublade,132/182
Kabutops (Delta Species),9/110
Squirtle,63/100
Clefairy,030/111
Enamorus V,TG18/TG30
Quaxly - 003,003
Iron Bundle - 066,066
Miraidon - 092 (Prerelease) [Staff],092
Marowak (Delta Species),10/113
Weakness Guard,141/147
Pansear,021/114
Jacq,250/198
Fidough,038/091
Poke Pad,081/088
Zekrom,060/185
Umbreon V,TG22/TG30
White Kyurem EX (146 Full Art),146/149
Darkness Energy - 2013 (Jason Klaczynski),
Golisopod GX (Full Art),129/147
Golisopod ex,246/182
Erika's Bellsprout (75),075/132
Tornadus - BW42,BW42
Steven's Advice - 2005 (Jeremy Maron),92/101
Milotic ex,96/106
Head Ringer (Team Flare Hyper Gear) - 2015 (Patrick Martinez),97/119
Zapdos,42/108
Slowbro,43/62
Torterra,9/156
Pikachu,007/015
Dark Magneton,39/109
Vanilluxe,37/135
Junk Arm - 2012 (Zachary Bokhari),87/102
Mewtwo,9/100
Pyukumuku - SWSH169 (Prerelease),SWSH169
Pikachu (Flying),25
Rockruff - SM120,SM120
Genesect V (Alternate Full Art),255/264
Charizard,5/18
Alolan Ninetales GX (Full Art),205/214
Igglybuff,44/123
Gholdengo ex - 2025 (Liao Fu Guan),
Glaceon,41/111
Lucario VSTAR - SWSH214,SWSH214
Snorlax,141/192
Skeledirge ex,233/193
Goodra,94/131
Ditto V,SV118/SV122
Fezandipiti ex,092/064
Suicune (H25),H25/H32
Umbreon - SWSH129,SWSH129
Slowbro - 083 (Pitch Black Stamped),083
Palkia & Dialga Legend (Top),101/102
Spark (Secret),085/078
Master Ball,94/101
Aipom - SM244,SM244
Lightning Energy (Texture Full Art),155/159
Palafin ex - 126,126
Cyrus's Conspiracy - 2009 (Stephen Silvestro),105/127
Professor Sycamore,107a/122
Garchomp ex,219/182
Kofu,165/142
Incineroar ex,187/162
Girafarig - 2006 (Jason Klaczynski),16/92
Starmie,16/111
Trubbish (65),65/135
Anorith,27/100
Dragapult VMAX - SWSH097,SWSH097
Eiscue ex,222/197
Pumpkaboo - 2022 (Ondrej Skubal),076/203
Yveltal ex,053/088
Torterra,11/100
Riolu (Cracked Ice Holo),016/017
Kangaskhan ex - 055,055
Darkrai V,098/189
Heracross EX,4/111
Boss's Orders,058/072
Reshiram & Charizard GX - SM247,SM247
Manaphy,4/12
Salamence ex,177/159
Delcatty,4/92
Ice Rider Calyrex VMAX,046/198
Mewtwo V (Alternate Full Art),072/078
Pikachu - 225 (World Championship 2025),225
Underground Expedition,097/111
Bellossom,001/090
Koffing,114/165
Naganadel & Guzzlord GX (Full Art),223/236
Cobalion GX (Secret),189/181
Pokemon Reversal,97/112
Xatu,11/95
Kahili (Full Art),210/214
Bulbasaur,77/132
Nidorino,41/112
Steelix,24/95
Mareep - Pikachu 2,107
Energy Root,83/115
Pikachu & Zekrom GX - 2019 (Haruki Miyamoto),33/181
Pikachu (Japanese),PW 5
Mime Jr.,90/130
Felicity's Drawing - 2010 (Mychael Bryan),98/106
Darkrai & Cresselia Legend,099/102 & 100/102
Quagsire - 156,156
Slowpoke,67/82
Iris's Fighting Spirit (Regional Championships) [Staff],149/159
Team Magma's Numel,64/95
Silvally GX,90/111
Oranguru - 2018 (Pedro Eugenio Torres),113/149
Reshiram & Charizard GX - SM201,SM201
Dark Persian,42/82
Venusaur,028/100
Ninetales,017/110
Charmeleon,35/99
Grass Energy,129/132
Vaporeon Star,102/108
Magmar,003/012
Tyrogue,33/115
Porygon2 - 138 (Cosmos Holo),138
Burning Energy,151/162
Marnie (Secret),208/202
Torkoal,27/92
Professor Burnet,TG26/TG30
Aerodactyl,1/92
Code Card - Porygon-Z GX Box,
Kommo-o GX (Full Art),141/145
Full Heal Energy,100/110
Lacey,172/142
Brock's Golem,020/132
Garchomp,5
Spiritomb,035/084
Code Card - League Battle Deck [Mega Lucario ex],
Roaring Moon,109/162
Misty's Tentacool (57),057/132
Dodrio,037/130
Lucario,064/099
Espeon E4,18/111
Incineroar GX,027/149
Yanmega BREAK - 2016 (Jesper Eriksen),8/114
Oricorio ex,110/094
Miraidon,028/084
Sandaconda V (Full Art),175/198
Arcanine,15/100
Luxray GL LV.X - 2010 (Mychael Bryan),109/111
Latias & Latios GX (Full Art),169/181
Hisuian Arcanine V (Full Art),179/195
Zoroark,102/99
Rhydon,46/101
Alolan Muk GX,84/147
Typhlosion,017/115
Electrode - 2008 (Tristan Robinson),26/132
Sinistcha,022/167
Flamigo,227/193
Team Aqua's Spheal,56/95
Meowth (Delta Species),71/110
Computer Search - 2015 (Jacob Van Wagner),137/149
Meowth,106/094
Lugia,XY156
Arceus VSTAR (Secret),GG70/GG70
Alolan Ninetales,028/147
Crobat - BW51 (Team Plasma) (Prerelease) [Staff],BW51
Dusknoir - 2025 ( Jose Cruz Galindo-Resendiz),
Tropical Tidal Wave - HGSS18 (Worlds 10) [Staff],HGSS18
Leafeon VSTAR,014/159
Duraludon V,122/203
Tandemaus (Cosmos Foil),167/193
Mudsdale,076/145
Heatmor (Master Ball Pattern),019/086
M Audino EX,85/124
Munna (Master Ball Pattern),035/086
Latias (Delta Species),21/110
Arcanine,06/53
Ceruledge ex,147/131
Psyduck,002/012
Mareep (75),75/214
Pincurchin V,072/192
Trevenant & Dusknoir GX - SM217,SM217
Lapras,24/123
Red's Challenge (Full Art),213/214
Forretress (56),056/144
Thievul,SV082/SV122
Dawn Wings Necrozma - SM106,SM106
Meowth,078/144
Perrin,220/167
Entei & Raikou Legend (bottom),91/95
Warp Point - 2006 (Miska Saari),93/115
Zekrom ex,158/086
Mr. Mime,027/130
Code Card - Stellar Crown Pokemon Center Elite Trainer Box (Exclusive),
Deoxys ex (Speed Forme),93/106
Naganadel - 2019 (Shintaro Ito),108/214
Grass Energy,88/95
Popplio - SM03,SM03
Cheryl (Secret),173/163
Brock's Diglett,067/132
Baltoy - 2010 (Michael Pramawat),89/147
Bill's Maintenance - 2006 (Jimmy Ballard),87/112
Kingdra ex - 131,131
Volcanion - SM179 (Prerelease) [Staff],SM179
Briar,132/142
Gengar,005/092
Hypno (H12),H12/H32
Swanna (Master Ball Pattern),026/086
Scream Tail - 065,065
Ultra Ball,122/116
Ultra Ball,150/172
Walking Wake ex,189/162
Aggron,1/108
Welder - 2019 (Shintaro Ito),189/214
Archaludon,155/142
Misty's Dewgong,054/132
Jirachi GX,079a/236
Brock's Primeape,035/132
Manaphy,3/95
Dhelmise - 084 (Pitch Black Stamped),084
Zubat,70/82
Froakie -  060,060
Radiant Greninja - 2022 (Rikuto Ohashi),046/189
Shining Jirachi,42/73
Misty's Wrath,114/132
Torchic,73
Mew - BW98,BW98
Island Cave,89/101
Drednaw - SWSH047,SWSH047
Gengar ex,104/162
Magmortar,2/95
Lapras,12/18
Charizard (Delta Species),4/100
Cleffa - 095,095
Honedge - XY12,XY12
Kangaskhan,163/236
Metal Energy (#2),2/30
Drapion V,GG49/GG70
M Scizor EX,77/122
Lucario GL - 2009 (Tsubasa Nakamura),8/111
Dragonite (Movie Promo),05/53
Cleffa,17/123
Zamazenta V (Shiny) - SWSH293,SWSH293
Banette,1/100
Chikorita,77/123
Bagon,50/97
Rayquaza ex - 039 (EX Collector's Tin),039
Candela (Secret),083/078
Heracross,194/193
Charmander,59/99
Clefable,005/130
Slurpuff,154/236
Kyurem EX,30/101
Victory Cup - BW29 (Battle Road Autumn 2012) [3rd Place],BW29
Lightning Energy - 2008 (Tristan Robinson),
Wigglytuff,52/112
Black Kyurem,100/149
Smeargle (11),11/75
Sentret,63/75
Magmar ex,100/109
Crobat,014/095
Hisuian Lilligant VSTAR (Secret),190/189
Banette,1/101
Miraidon - Pikachu 23,148
Pelipper,21/107
Rayquaza (Shiny),SL10
Volkner,135a/156
Mantine,29/123
Latios ex (Delta Species),96/101
Dark Houndoom,007/105
Call Energy,92/100
Scizor ex,195/162
Kingdra - 2011 (Gustavo Wada),85/95
Sparkling Crystal,142/142
Zoroark GX,077a/073
Celio's Network - 2008 (Tristan Robinson),73/100
Shellos West Sea (SDCC 2007),107/132
Garchomp (120 Secret Rare),120/116
Unown [F],48/75
Cascoon,30/92
Snorunt,037/182
Psychic Energy,164/165
Serperior V (Full Art),170/195
Flareon,12/108
Treecko,076/109
Porygon-Z,105a/147
Ninetales,015/108
Manaphy EX,32/122
Drapion E4,17/111
Mewtwo EX (158 Full Art),158/162
Decidueye,011/149
Steelix,38/130
Onix,098/147
Capsakid,106/091
Flygon,15/97
Ultra Ball,135/149
Petilil (Master Ball Pattern),006/086
Kamado (Secret),205/189
Leafeon ex,006/131
Zoroark - BW09,BW09
Litwick - BW27,BW27
Entei,047/214
Salamence - XY59,XY59
Hisuian Electrode V - SWSH294,SWSH294
G Scope (Team Plasma),93/101
Garchomp EX,XY09
Wobbuffet BREAK,XY155
Giratina,004/146
Golbat - 2015 (Patrick Martinez),32/119
Squawkabilly ex,247/193
N's PP Up,153/159
Pansear (Master Ball Pattern),014/086
Inteleon VMAX,050/192
M Gallade EX,35/108
Spheal,199/191
Primal Kyogre EX (Shiny Full Art),96/98
Eevee - SM184,SM184
Slowpoke & Psyduck GX (Secret),239/236
Space Center,091/107
Alakazam - 003 [Staff],003
Machoke,041/101
Team Aqua's Kyogre,003/095
Darkrai EX,63/108
Celesteela GX (Secret),228/214
Snorunt,RC7/RC32
Leafeon VSTAR - SWSH195,SWSH195
Venipede (Master Ball Pattern),054/086
Haunter (21),21/62
Zygarde,072/131
Seedot,61/92
Dark Slowbro (12),12/82
Abra,093/165
Bulbasaur - SWSH231,SWSH231
Hisuian Growlithe,181/167
Mew EX - XY126,XY126
Dubwool V - SWSH049,SWSH049
Dedenne GX,195a/214
Quaquaval - 005 (Prerelease) [Staff],005
Grimmsnarl,SV085/SV122
Premier Ball,91/100
Moltres - XY127 (Prerelease) [Staff],XY127
Charizard EX - XY121,XY121
Blaine's Ponyta,063/132
Horsea,33/97
Tyranitar,056/124
Magikarp,075/144
Spell Tag (Secret),235/214
Glaceon EX,20/124
Gouging Fire - 151 (Staff),151
Iron Bundle - 058 (Prerelease) [Staff],058
Magneton,16/108
Vileplume (15),15/64
Ninetales,025/147
Thundurus,50/113
Nidoqueen,31/123
Lightning Energy - 2010 (Yuta Komatsuda),
Imakuni?'s Doduo,112/108
Charizard EX (12),12/106
Kangaskhan,026/130
Abomasnow,019/123
Clawitzer,141/132
Arcanine G,015/147
Gardevoir,9/108
Code Card - Small but Mighty Premium Collection,
Pachirisu,010/017
Dragapult ex,160/217
Tangrowth,034/095
Dark Vileplume (30),30/82
Gallade - 2008 (Jason Klaczynski),2/17
Mew,111/110
Darkness Energy (Prize Pack Series 3) (Cosmos Holo),
Greninja,40/122
Machamp,43/53
Sunkern,078/111
Xurkitree GX - 2018 (Pedro Eugenio Torres),SM68
Shellos East Sea,79/111
Professor Rowan (2007),112/130
Charizard GX,20/147
Pawmo,143/091
Tapu Bulu GX,SV91/SV94
Meowth V - SWSH004,SWSH004
Growlithe,RC4/RC25
Judge - 2024 (Fernando Cifuentes),176/198
Lugia VSTAR - 2023 (Gabriel Fernandez),139/195
Luxury Ball - 2010 (Yuka Furusawa),86/100
Blastoise EX (142 Full Art),142/146
Falinks,TG07/TG30
Skarmory (63),063/165
Ludicolo (Delta Species),6/100
Bronzong (Master Ball Pattern),067/131
Croconaw,074/165
Unown VSTAR,066/195
Sunflora,050/111
Arceus VSTAR - 2022 (Ondrej Skubal),123/172
Kingdra GX,18/70
Pikachu,060/106
Radiant Alakazam,059/195
Regigigas (15),15/146
Sigilyph,121/086
Togekiss,072/191
Unown [D],68/130
Lightning Energy (2006-2007 League Promo),
Flygon - 025 (e-League),025
Cyrus Prism Star,120/156
Vibrava,206/191
Treecko (78),78/99
Infernape,59/131
Ditto (3),03/62
Broken Time-Space - 2010 (Mychael Bryan),104/127
Team Aqua's Corphish,26/95
Serperior (5),5/114
Altaria GX,41/70
Cubone,60/112
Unown [Q] - 2010 (Mychael Bryan),49/100
Kieran,174/131
Mewtwo,11/146
Psyduck,87/127
Switch (163 Secret Rare),163/160
Quilava,60/123
Warp Point,126/132
Eevee,062/100
Kirlia (Delta Species),33/101
Great Tusk ex,123/198
Sceptile (31),31/99
Sceptile (30),30/99
Tapu Koko GX,047/145
Chikorita (99),099/165
Code Card - 151 Pokemon Center Elite Trainer Box (Exclusive),
Tool Scrapper (Secret),208/192
Turbo Patch,172/189
Wimpod,191/182
Crobat - 076 [Staff],076
Armaldo,001/100
Noctowl - 141 (Pokemon Center Exclusive),141
Bulbasaur,012/17
Team Magma's Houndoom,10/95
N - 2017 (Naoto Suzuki),105/124
Entei V,022/172
Rapidash [Pokemon Center NY],51/53
Stonjourner V (Full Art),193/202
Palkia - DP27,DP27
Hitmonchan,012/034
Bloodmoon Ursaluna ex - 141/167 - 2024 (Jesse Parker),141/167
Dustox,6/109
Salamence,008/020
Raticate,29/99
Switch,206/165
Empoleon,4/130
Piloswine (H22),H22/H32
Mew ex,205/165
Blastoise EX,21/108
Lucario,063/124
Ultra Ball - 2018 (Pedro Eugenio Torres),68/73
Ultra Necrozma - SM165,SM165
Boss's Orders (Full Art),189/192
Exp. Share,18/20
Bisharp (Master Ball Pattern),065/086
Copperajah VMAX (Secret),199/192
Alolan Meowth,008/012
Trevenant,55/146
Cherish Ball (Secret),250/236
Torchic,99/127
Umbreon,120/214
Windstorm - 2007 (Jun Hasebe),85/100
Bonnie (Full Art),128/131
Call Energy,092/100
Kirlia,33/106
Zapdos - SM159 (Prerelease),SM159
Flittle,164/091
Crocalor - 080,080
Houndour (86),086/147
Rayquaza,9/106
Team Magma's Numel - 2004 (Tsuguyoshi Yamato),64/95
Pachirisu,18/95
Donphan,30/107
Kirlia - 2008 (Jason Klaczynski),8/17
Pikachu - SM76,SM76
Dragonite,012/015
Fuecoco,201/193
Tapu Koko V (Full Art),147/163
Iron Thorns ex - 077/167 - 2024 (Fernando Cifuentes Gold Signature),077/167
Uxie,18/123
Gardevoir ex,086/198
Rapid Strike Style Mustard,TG27/TG30
Dark Tyranitar,20/109
Urn of Vitality (Secret),229/198
Darmanitan,60/99
Erika (100),100/132
Dark Dragonite (5),05/82
Blissey,02/64
Mewtwo,059/159
Tranquill,149/086
Cyndaquil,59/100
Deoxys,GG12/GG70
Rhydon (H27),H27/H32
Sableye,184/091
Onix,03/18
Alcremie V,22/73
Unfezant (Master Ball Pattern),073/086
Unown [N],69/132
Bunnelby - SWSH082,SWSH082
Litwick,101/214
Eevee,155/214
Ice Rider Calyrex V - SWSH130,SWSH130
Sunflora - SWSH269 (Prerelease) [STAFF],SWSH269
Tsareena,020/149
Charmander,018/147
Altaria - XY46 (Prerelease) [Staff],XY46
Code Card - Sword & Shield Elite Trainer Box Plus [Zamazenta],
Moltres,014/094
Porygon-Z - DP35,DP35
Metapod,46/123
Basic Fighting Energy (Cracked Ice Holo),014
Kecleon,37/92
Zapdos,044/147
Appletun,211/191
Dragapult ex - 2025 (Jose Cruz Galindo-Resendiz) [Gold Stamped],
Ditto,61/113
Magikarp,039/192
Pokemon Trader,103/110
Kingdra (H14),H14/H32
Oinkologne ex,158/198
Forretress (3),3/90
Sableye,48/100
Goodra,60/98
Joltik,50/135
Arceus V - SWSH306,SWSH306
Team Magma's Poochyena,17/34
Houndoom,18/106
Steelix,024/095
N - 2014 (Andrew Estrada),96/108
Heatran (Master Ball Pattern),068/131
Pokemon Catcher - 2014 (Trent Orndorff),36/39
Psychic Energy (Texture Full Art),156/159
Swampert,011/106
Mandibuzz,145/086
Slowpoke,005/012
Roselia,9/97
Gengar,5/92
Mawile,17/108
Retro Energy,144/144
Zamazenta,201/182
Zekrom - 2011 (Ross Cawthon),47/114
Mewtwo & Mew GX (Full Art),222/236
Mewtwo EX - XY183,XY183
Piloswine (43),043/144
Colress's Experiment,GG59/GG70
Fan Rotom,250/217
Scraggy,007/012
Unown (I),I/28
Kabutops (9),09/62
Gardevoir GX,93/147
Gengar Lv.X,97/99
Dragonite (Delta Species),3/113
Mudsdale - SM20 (Prerelease),SM20
Golem,6/92
Infernape V - SWSH252,SWSH252
Feraligatr,24/70
Parasect,43/112
Skyla - 2013 (Yugo Sato),134/149
White Kyurem GX - SM141,SM141
Hatterene V - SWSH055,SWSH055
Arceus LV.X - DP56,DP56
Brock's Graveler,034/132
Grass Energy (2006-2007 League Promo),
Roxie's Performance,112/086
Medicham ex,161/142
Umbreon (Delta Species),17/113
Mismagius,005/095
Passimian - SWSH115 (Prerelease),SWSH115
Magikarp,052/110
Alolan Persian GX,129/236
Code Card - Unbroken Bonds Lightning Loop Theme Deck - [Zeraora],
Glaceon VSTAR,GG40/GG70
Shelmet 11/101 (Championship Series) [Staff],011/101
Larvitar (Master Ball Pattern),047/131
Super Scoop Up - 2012 (Igor Costa),103/114
Entei,001/017
Island Challenge Amulet (Secret),265/236
Deino,097/113
Egg Incubator (Secret),087/078
Chimchar,014/017
Electivire,3/130
Mudkip,59/109
Peony (Secret),220/198
Xurkitree GX (Full Art),142/156
Sandslash (Delta Species),27/113
Roseanne's Research - 2009 (Stephen Silvestro),125/132
Gardevoir GX (Secret),159/147
Radiant Jirachi,120/195
Lucario,64/99
Gardevoir EX,78/114
Flareon,TG01/TG30
Surfing Pikachu V,008/025
Oranguru V (Full Art),179/189
Dark Gyarados (25),25/82
Absol - XY178,XY178
Nuzleaf,49/100
Frosmoth - SWSH007 (Prerelease) [Staff],SWSH007
Ludicolo,31/135
Virizion,095/086
Koga's Weezing,050/132
Chansey,69/127
Tapu Koko GX (Secret),153/145
Scream Tail (Master Ball Pattern),042/131
Rampardos,005/017
Kingdra - XY39 (Prerelease),XY39
Charizard ex - 056,056
Suicune,004/017
Jolteon,26/98
Pangoro,068/111
Barbaracle - 065 [Staff],065
Venusaur ex,198/165
Totodile (134),134/165
Latios,23/106
Alolan Exeggutor ex,225/191
Magikarp,30/113
Druddigon,TG09/TG30
Alolan Exeggutor GX (Secret),118/111
Beautifly,8/124
TV Reporter,88
Mega Charizard X ex,130/094
Magnezone - 2011 (David Cohen),96/102
Great Tusk ex - 072 (Paldean Fates Stamped),072
Chikorita,51/115
Nidoqueen,012/130
Arbok ex,024/165
Greedent V (Full Art),256/264
Kabutops ex,97/100
Darkness Energy - 2007 (Tom Roos),87/108
Black Kyurem - XY160,XY160
Leavanny,3/101
Cinderace VMAX,045/264
Mary's Impulse,142/165
Celebi Prism Star,19/214
Cherish Ball - 2019 (Haruki Miyamoto),191/236
Gliscor - DP36,DP36
Eldegoss - SWSH046,SWSH046
Pidgeot - 2006 (Jimmy Ballard),10/112
Basic Water Energy (Blue Border),
Psychic Energy,109/114
Silvally GX - SM91,SM91
Kartana GX (Full Art),106/111
Exeggutor,135/132
Tauros GX (Full Art),144/149
Muk & Alolan Muk GX (196) (Full Art),196/214
Zinnia's Resolve (Secret),225/203
Abomasnow,101/091
Minun,012/017
Grookey - SWSH001,SWSH001
Scyther,130/127
Gyarados,4/123
Kricketune V (Full Art),142/163
Narrow Gym,124/132
Rapidash,52/113
Teal Mask Ogerpon ex,012/131
Hisuian Basculegion - SWSH205,SWSH205
Gothorita,125/086
Professor Juniper - 2012 (Shuto Itagaki),98/108
Golduck,043/110
Arcanine,002/147
Porygon-Z,157/214
Electrode (Secret),222/198
Team Aqua's Electrike - 2004 (Chris Fulop),27/95
PlusPower - 2012 (Zachary Bokhari),96/114
Collapsed Stadium (Secret),215/196
Haunter,063/144
Field Blower,125/145
Haunter,049/088
Raichu V (Full Art),158/172
Galarian Cursola,SV050/SV122
Origin Forme Dialga V,113/189
Grusha,253/193
Cyndaquil (104),104/165
Ariados,2/115
Raichu,67/236
Wash Rotom,RT5
Politoed (27),27/75
M Charizard EX (Y),13/106
Dratini (2),2/20
Town Map - 2014 (Trent Orndorff),136/149
Charizard V,018/159
Ninetales,21/113
Diancie EX - XY43,XY43
Medicham,241/217
Gengar (2022 Copyright Date),066/196
Light Wigglytuff,054/105
Prism Energy,93/99
Scyther,46/100
Ditto,051/144
Arven - 2025 (Riley McKay),
Morpeko,121/182
Quilava - 2011 (Christopher Kan),49/95
Weavile,40/132
Shelgon,50/100
Klink,010/012
Sentret,62/92
Briar,163/142
Lt. Surge's Spearow (52),052/132
Time-Space Distortion - 2008 (Paul Atanassov),124/123
Victini - BW32,BW32
Team Magma's Aron,12/34
Snorlax - SWSH068 (Prerelease) [Staff],SWSH068
Zoroark - BW19,BW19
Water Energy (#29),29/30
Buzzwole GX,57/111
Team Magma's Claydol,11/34
Muk (Team Plasma),46/116
Giovanni's Machamp,006/132
Dark Dragonair,32/109
Dialga GX,82/131
Gothita - 2013 (Ian Whiton),43/98
Cofagrigus (47),47/101
Porygon2,028/147
Blissey ex,134/167
Tepig - 050,050
Pelipper - 022 (Prerelease) [Staff],022
Field Blower - 2018 (Naohito Inoue),125/145
Prism Tower,111/086
Basic Darkness Energy - 007 (Cosmos Holo),007
Vaporeon,34/100
Umbreon,010/090
Phanpy,111/214
Slowpoke,81/123
Fire Energy (2011 Play! Pokemon),
Gulpin,154/142
Drowzee,54/82
Field Blower - 2017 (Diego Cassiraga),125/145
Vileplume,045/165
Crabominable - 134 (Prerelease) [Staff],134/142
Code Card - Gallade EX Box,
Sandslash,009/034
Jellicent,35/99
Copycat,138/165
Noctowl - SWSH027,SWSH027
Mightyena ex,101/110
Pecharunt - 129,129
Gengar Spirit Link,95/119
Greninja ex - 054,054
Staraptor,16/130
Heatran EX (Team Plasma) (Full Art),109/116
Aurorus (Perfect Order Stamped),024/088
Sawsbuck,092/086
Pokemon Personality Test,102/105
Dark Slowbro,008/110
Double Rainbow Energy - 2007 (Akira Miyazaki),88/100
Minccino,SV093/SV122
Revive,089/102
Arceus - DP50,DP50
Viridian City Gym,123/132
Avalugg,031/106
Empoleon - 2007 (Akira Miyazaki),4/130
Arbok,3/30
Charmeleon (Delta Species),30/100
Golurk,59/124
Celesteela GX (Full Art),208/214
Raihan,GG65/GG70
Steven's Advice,83/108
Serperior VSTAR,008/195
Cheren's Care,GG58/GG70
Bulbasaur,166/165
Manaphy - SWSH275,SWSH275
Togetic,55/106
Multi Energy - 2009 (Stephen Silvestro),118/123
Victini (15),15/101
Giratina - XY184,XY184
Pokemon Reversal,99/123
Emboar (20),20/114
Fan of Waves (Secret),226/198
Gardevoir (Holo),7
Raichu BREAK,50/162
Electivire,025/132
Tangela,44/92
Quick Ball,237/264
Heal Energy - 2005 (Jeremy Maron),94/107
Rapid Strike Urshifu VMAX (Secret),TG30/TG30
Kirlia,008/017
Lapras ex,032/142
Rayquaza EX (XY73),XY73
Dusk Mane Necrozma - SM107,SM107
Clefairy,094/088
Professor Sada's Vitality - 2025 (Yuya Okita),
Riolu,SV21/SV94
M Rayquaza EX (61),61/108
Sharpedo (Team Plasma),33/135
Fighting Energy (2024),014
Pansear,XY131
Xerneas EX - XY07,XY07
Dark Vileplume (13),13/82
Lucario,6/130
Oshawott - BW08,BW08
Lunatone - 004,004
Banette,23/132
______'s Tepig,N/A
Jolteon,029/131
Pikachu,28/73
Hoppip (90) - 2010 (Yuka Furusawa),90/132
Lugia BREAK,79/124
Venusaur V - SWSH100,SWSH100
Flareon,010/110
Klefki,159/091
Salamence,057/108
Snorlax,77/124
Audino,108/124
Erika's Invitation,203/165
Butterfree FB,017/147
Kyogre ex,95/100
Rayquaza C,8
Vileplume GX,4/236
Lunala,102/236
Luxray GL - 2009 (Stephen Silvestro),9/111
Alakazam ex,201/165
Darkrai & Cresselia Legend (Top),99/102
Team Magma's Torkoal,12/95
Great Tusk ex - 072,072
Manectric - SM130 (Prerelease) [Staff],SM130
Town Volunteers,136/147
Magnezone (Team Plasma),046/135
Mewtwo,75/214
Code Card - Chaos Rising Pokemon Center Elite Trainer Box Digital Bundle,
Aerodactyl (Prerelease),01/62
Altaria EX (Full Art),123/124
Celebi & Venusaur GX - SM167,SM167
Basic Grass Energy (Blue Border),
M Heracross EX,5/111
Zekrom,64/108
Leafeon,005/131
Zorua - 2018 (Robin Schulz),52/73
Fraxure (Master Ball Pattern),069/086
Erika's Clefairy,040/132
Pidgeot,033/110
Nidoqueen,28/102
Hoopa EX,36/98
Jolteon (Delta Species),7/113
Scizor,094/149
Mary's Request - 2006 (Jason Klaczynski),86/115
Flareon GX - SM171,SM171
Dragonite EX (Full Art),106/108
Drakloak,248/217
Accelgor,094/086
Bronzong - XY21 (Prerelease),XY21
Chandelure VMAX (Secret),265/264
Kartana GX - 2018 (Robin Schulz),70/111
Jolteon,6/100
Cheren's Care (Full Art),168/172
Marill,204/193
Dark Magneton (28),28/82
Kingler,38/62
Code Card - Vivid Voltage Theme Deck [Drednaw],
Weavile,228/217
Pheromosa GX (Full Art),140/156
Furret,27/132
Hitmonlee,081/165
Dark Blastoise (20),20/82
Leafeon - SWSH191,SWSH191
Koffing,58/82
Simipour (Master Ball Pattern),018/086
Chespin,XY01
Psychic Energy - 2004 (Tsuguyoshi Yamato),107/109
Mega Eelektross ex,278/217
Porygon2,12/115
Chandelure,103/086
Float Stone,137/162
Dubwool V,SV120/SV122
Giovanni's Meowth (43),043/132
Groudon EX,54/108
Mimikyu - 075 (Pokemon Center Exclusive),075
Machamp,42/83
Exeggcute,064/105
Electabuzz,46/53
Grass Energy,088/095
Combusken,25
Drowzee (74a),074a/147
Chimchar (Cracked Ice Holo),012/017
Stantler,009/017
Holon Energy FF,104/113
Togekiss V,140/185
Marill,76/113
Chimchar (57),57/100
Cyclone Energy - 2007 (Jeremy Scharff-Kim),90/108
Team Magma Grunt,30/34
Butterfree,33/64
Latios - SM88,SM88
Blastoise,002/130
Grimmsnarl V,SV116/SV122
Pokemon Center,40/53
Professor's Research [Professor Rowan] (Full Art),150/159
Salamence GX,44/70
Basculin,108/086
Hydreigon,098/124
Flaaffy (Delta Species),30/101
Piplup,33/113
Unown (A),A/28
Raichu & Alolan Raichu GX (Alternate Full Art),221/236
Snorlax,080/106
Charmander,17/113
Charizard - SM226,SM226
Dark Weezing (14),14/82
Brandon (Secret),203/195
Gastly,33/62
Arven - 2024 (Fernando Cifuentes),186/197
Charizard ex,125/197
Vanillish (Master Ball Pattern),028/086
Gengar Spirit Link,095/119
Sabrina's Gastly (96),096/132
Leafeon,011/116
Charizard GX (Secret),150/147
Espurr,RC14/RC32
Luxray,48/156
Psychic Energy - 2008 (Jason Klaczynski),
Bronzong,TG11/TG30
Braviary (Master Ball Pattern),078/086
Onix - 2006 (Hiroki Yano),69/109
Scrafty,74/99
Pikachu (Snap),4
Emboar EX,14/122
Tyrantrum,045/088
Combusken,31/100
Tropius (Delta Species),23/101
Zekrom - BW005,BW005
Corviknight V,TG18/TG30
Darkrai & Cresselia Legend (Bottom),100/102
Celesteela,SV32/SV94
Boss's Orders [Cyrus],132/172
Raichu,40/99
Boost Energy,93/107
Thorton (Full Art),195/196
Buzzwole - 2018 (Naohito Inoue),77/131
Gabite,059/147
Clefairy,50/83
Kingdra,7/146
Mega Charizard X ex - 029,029
Larvitar,011/017
Stonjourner,SV075/SV122
Dialga (Shiny),SL2
Sableye,22/108
Double Colorless Energy - 2018 (Robin Schulz),69/73
Charizard EX - XY17,XY17
Duraludon VMAX (Secret),219/203
Alolan Exeggutor GX (Full Art),107/111
Iron Hands ex,248/182
Mienfoo (Master Ball Pattern),052/086
Carmine,204/167
Buddy-Buddy Poffin,223/167
Zapdos,46/113
Vibrava (Delta Species),54/110
Jynx,TG04/TG30
Water Energy (2011 Play! Pokemon),
Pikachu (Italian),PW 2
Mega Darkrai ex,101/084
Unown (C),C/28
Copycat - 2007 (Akira Miyazaki),73/101
Milotic ex,237/191
Fire Energy (Secret),284/264
Bloodmoon Ursaluna ex,141/167
Sewaddle (Master Ball Pattern),001/086
Krookodile,065/114
Mewtwo ex,101/109
Phanpy - 2011 (Ross Cawthon),77/123
Pawniard,142/086
Yveltal GX,79/131
Coalossal (Secret),198/189
Scramble Switch,186/191
Raichu,009/034
Tapu Lele GX - 2018 (Robin Schulz),60/145
Bede (Full Art),199/202
Ethan's Typhlosion (Prerelease) [Staff],034/182
Weavile G,17/127
Lucario,80/113
Dewgong (H6),H06/H32
Energy Retrieval,082/086
Duskull - 2014 (Trent Orndorff),38/106
Teal Mask Ogerpon - 123,123
Giratina EX (124 Full Art),124/124
Malamar VMAX (Secret),198/192
Marnie - SWSH120,SWSH120
Lana's Fishing Rod (Secret),266/236
Purugly,36/130
Eevee - SWSH190,SWSH190
Giratina VSTAR - 2024 (Evan Pavelski),131/196
Lotad (66) - 2005 (Michael Gonzalez),66/100
Gallade EX,34/108
Professor Turo's Scenario (Regional Championship),171/182
Inteleon V (Full Art),180/192
Mega Floette ex,117/086
N's Zoroark ex,137/217
Dialga G LV.X,122/127
Electivire,25/132
Palkia GX (Secret Rare),165/156
Sawsbuck,16/236
Houndoom E4,65/111
Pikachu - SWSH153 (Holiday Calendar),SWSH153
Pheromosa - SM115 (Prerelease),SM115
Cubone,50/64
Salamence,19/97
Liepard,91/149
Sharpedo,30/102
Pikachu,027/078
Seadra,37/101
Yamper,099/094
Kingdra ex (Delta Species),94/101
Terrakion - SM205 (Prerelease),SM205
Vulpix,81/101
Sudowoodo,9/95
Cynthia's Garchomp ex,104/182
Charmeleon,037/110
Thwackey,SV005/SV122
Luxio - BW34 (Cosmos Holo),BW34
Steven's Resolve,145/168
Caterpie,001/012
Gouging Fire ex,214/162
Mega Lucario ex - 012,012
Iron Leaves ex,186/162
Magnezone - SWSH208,SWSH208
Lickitung,16/18
Zubat,83/107
Dudunsparce,129/162
Lanturn (Prime),86/95
Blissey - 2011 (Ross Cawthon),106/123
All-Night Party,96/122
Black Kyurem EX,100/113
Zubat - 2015 (Patrick Martinez),53/135
Code Card - ex Battle Deck [Miraidon ex],
Entei GX,10/73
Alolan Sandslash - SM127,SM127
Pikachu EX - XY174,XY174
Boss's Orders [Ghetsis],114/132
Crobat G,47/127
Sylveon ex,086/191
Penny - 183/198 - 2024 (Fernando Cifuentes),183/198
M Ampharos EX (88 Full Art),88/98
Salazzle GX (Full Art),132/147
Meowth ex,107/088
Torterra,39/127
Armored Mewtwo - SM228,SM228
Eevee - SWSH042,SWSH042
Cynthia,119/156
Team Magma's Rhydon,22/95
Ultra Necrozma GX (Secret),78/70
Starmie,25/64
Minccino (Master Ball Pattern),075/086
Orthworm,224/193
Torchic,002/012
Snorlax (Team Plasma),101/135
Greninja,41/146
Pikachu,087/130
Night Maintenance - 2009 (Tsubasa Nakamura),120/132
Genesect,16/113
Thundurus GX - SM133,SM133
Miriam,251/198
Grass Energy - 2017 (Kabu Fukase),
Team Rocket's Houndoom,191/182
Trainers' Mail - 2015 (Jacob Van Wagner),92/108
Lycanroc,166/159
Choice Band - 2018 (Naohito Inoue),121/145
Lysandre - 2014 (Michikazu Tsuda),90/106
Cornerstone Mask Ogerpon ex,112/167
Heracross E4,24/111
Kingdra EX,73/124
Zoroark GX - 2018 (Robin Schulz),53/73
Holon Energy GL,105/113
Espathra,197/182
Braixen - XY161,XY161
Koraidon ex,231/198
Grimmsnarl V - SWSH057,SWSH057
Eldegoss,SV011/SV122
Electabuzz ex,97/109
Charizard V (Full Art),153/172
Pikachu (Full Art),RC29/RC32
Grimsley's Move,120/094
Boltund VMAX (Secret),267/264
Scizor EX,76/122
Scizor,141/197
M Venusaur EX (Full Art),100/108
Metagross GX (Full Art),139/145
Rattata,128/165
Mega Darkrai ex,120/084
Glaceon (Team Plasma),23/116
Kingdra (Alpha),108/160
Ho-oh,149/144
Lapras - HGSS14,HGSS14
Magnemite (7),07/75
Mega Lopunny & Jigglypuff GX (Alternate Full Art),226/236
Piplup,016/017
Lucario,14/95
Allister,TG24/TG30
Team Rocket's Ariana,224/182
Scizor (Prime),84/90
Hop's Snorlax - 184 (Prerelease),184
Rayquaza,11/20
Alolan Ninetales (17),SM128
Lairon,32/108
Squirtle,96/127
Beartic,110/086
Jolteon Star,101/108
Armarouge,203/198
Crawdaunt G,23
Lt. Surge (17),017/132
Snorlax ex,076/131
Poncho-wearing Pikachu,37/SM-P
Fire Energy (2004-2005),108/109
Giovanni's Nidorina,044/132
Mr. Stone's Project,77/101
Archeops - SWSH272 (Prerelease) [STAFF],SWSH272
Gallade - 2010 (Michael Pramawat),2/17
Spinarak,78/109
Raging Bolt (Cosmo Holo) (Best Buy),111/142
Gardevoir,7
Kabu,TG26/TG30
Plusle,47/113
M Tyranitar EX,43/98
Luxray,7/130
Blaine's Rapidash,033/132
N (Supporter) - BW100,BW100
Double Colorless Energy,090/108
Snorunt,188/182
Field Blower - 2017 (Zachary Bokhari),125/145
Throh,128/086
Neo Upper Energy,162/162
Swampert,27/100
Gloom - 2011 (Ross Cawthon),27/90
Guzma & Hala,193/236
Pincurchin,SV043/SV122
Ancient Tomb - 2005 (Takashi Yoneda),87/101
Psychic Energy (2024),013
Leafeon - SM237,SM237
Centiskorch VMAX,TG15/TG30
Vileplume,45/146
Flareon (3),03/64
Battle VIP Pass - 2022 (Rikuto Ohashi),225/264
Quick Ball (Secret),216/202
Weezing (32),032/165
Sylveon (Master Ball Pattern),040/131
Gurdurr (Master Ball Pattern),048/086
Heatran,001/017
Dark Gyarados,8/82
Galarian Ponyta,SV047/SV122
Mega Gengar ex - 073,073
Dark Gyarados (8),08/82
Electrode,39/181
Koraidon ex,247/198
Druddigon,017/020
Meganium,8/214
Jigglypuff (22),21/111
Arceus VSTAR (Secret) (176),176/172
Drampa,184/162
Lugia ex - 2006 (Hiroki Yano),105/115
Poliwrath (H24),H24/H32
Victini (Master Ball Pattern),012/086
Scyther,SV1/SV94
Salamence ex,96/108
Dudunsparce ex,178/159
Pikachu (Baby),27
Pikachu,052/196
Revavroom - 008 (Prerelease) [Staff],008
Fezandipiti ex - 2025 (Yuya Okita),
Leafy Camo Poncho (Secret),214/195
Lunala GX,066/149
Pokemon Center Lady (105 Full Art),105/106
Meowth,10/53
Ledian (Delta Species),18/101
Cherish Ball - 2019 (Shintaro Ito),191/236
Latias - 139 (Cosmo Holo),139
Lugia,029/115
Seeker,088/102
Rescue Stretcher - 2018 (Magnus Pedersen),130/145
Escavalier,138/086
Grass Energy (Texture Full Art),152/159
Flygon - 016 [Staff],016
Donphan,007/147
Moltres ex - 031 (EX Collector's Window Tins),031
Weezing (Team Plasma),58/135
Ledian,23/109
Lt. Surge's Raichu,028/132
Salamence V,143/189
Kingdra (148),148/147
Leafeon GX,13/156
Psychic Energy - 2018 (Magnus Pedersen),
Magmortar,12/123
Magikarp,23/124
Landorus,058/111
Kingdra,17/95
Professor Elm's Training Method - 2006 (Jimmy Ballard),89/115
Flygon EX - XY61 (XY Black Star Promo),XY61
Mega Sableye & Tyranitar GX (Alternate Full Art),226/236
Gyarados,024/124
Zacian - 015,015
Ninetales ex,96/101
Dedenne,88/131
M Absol EX - XY63,XY63
Primal Groudon EX,086/160
Mewtwo - SM214,SM214
Team Magma's Poochyena,65/95
Riolu,016/017
Drapion,4/102
Holon's Electrode - 2006 (Hiroki Yano),21/113
Slaking,16/127
Chimchar - 041,041
Mismagius GL Lv.X,110/111
Pokemon Breeder,105/130
Scream Tail ex,197/167
Ursaring (15),15/75
Mudkip,57/100
Slowpoke & Psyduck GX (Full Art),217/236
Seaking,46/64
Ninetales,20/95
Cynthia's Feelings - 2010 (Mychael Bryan),131/146
M Mewtwo EX (160 Full Art),160/162
Sylveon VMAX,TG15/TG30
Tauros,133/165
Sentret,4/30
Ash's Pikachu - SM114,SM114
Ralts (15) - 2008 (Jason Klaczynski),15/17
Slowpoke (Master Ball Pattern),018/131
Acerola (Full Art),142/147
Pikachu,71/99
Wigglytuff,111/264
Imposter Professor Oak,073/102
Jirachi - XY195,XY195
Gengar ex,108/112
Chinchou,055/111
Tepig,003/012
Secret Mission,118/132
Crobat,091/163
Poliwhirl,44/75
Gastrodon East Sea,8/132
Solrock,13/100
Infernape,31/127
Koga's Arbok,025/132
Jolteon ex,109/113
Milotic,28/124
Charmander (Delta Species),010/017
Jigglypuff,78/99
Caterpie,096/165
Relic Hunter,120/144
Cyndaquil (Delta Species),45/101
Superior Energy Retrieval - 189/193 - 2024 (Evan Pavelski),189/193
Kyogre EX,XY41
Golem,006/092
Oshawott,004/012
Eldegoss V (Full Art),176/192
Sableye V (Full Art),194/202
Tapu Fini,151/214
Flaaffy (#17),17/30
Darkness Energy - 2004 (Tsuguyoshi Yamato),93/109
Team Aqua Ball,75/95
Chansey,76/123
Spidops ex,019/198
Eevee,59/111
Weepinbell,064/130
N (Supporter),105/124
Serperior ex,156/086
Fire Energy,102/106
Mamoswine,009/146
Steven's Advice - 2008 (Jason Klaczynski),83/108
Drakloak,SV061/SV122
Octillery,34/64
Raikou,016/132
Pikachu ex - 2025 (Liao Fu Guan),
Rampardos GL,11/111
Judge,078/095
Solgaleo,99/168
Rescue Stretcher,130a/145
Greninja V-UNION - SWSH157,SWSH157
Alolan Ninetales GX (Secret),150/145
Skarmory,209/191
Electabuzz,024/130
Regieleki,060/203
Dragonair (Delta Species),28/101
Lanturn (H15),H15/H32
Professor Turo's Scenario,257/182
Lunala GX (Secret),153/149
Emolga,49/113
Charizard ex,228/197
Exeggutor (13),013/147
Solgaleo & Lunala GX,75/236
Azelf - 2009 (Stephen Silvestro),19/146
Girafarig - 2006 (Miska Saari),16/92
Maractus (Master Ball Pattern),008/086
Flygon (Delta Species) - 2007 (Jun Hasebe),7/110
Rare Candy,100/108
Nidoqueen (22),022/144
Magnemite (52),052/147
Pidgeot - 2005 (Jeremy Maron),10/112
Team Yell's Cheer,149/172
M Blastoise EX,30/146
Eevee,101/149
Tinkatuff,217/193
Typhlosion (28),028/165
Mewtwo (XY Evolutions Prerelease),51/108
Teammates,141/160
Metal Energy,112/114
Team Rocket's Mewtwo ex,081/182
Totodile (81),081/111
Kangaskhan - SWSH038 (Prerelease) [Staff],SWSH038
Seadra,063/110
Malamar - SM117 (Prerelease) [Staff],SM117
Code Card - Noble Victories Booster Pack,
Ducklett,SV095/SV122
Wobbuffet,045/144
Cinccino ex,119/086
Umbreon VMAX (Secret),214/203
Mewtwo,010/130
Water Energy,90/95
Gengar,038/111
Ash-Greninja EX - XY133,XY133
Kyogre ex - 001 (Nintendo Power Magazine),001
Butterfree (38),038/165
Sandaconda V (Alternate Full Art),252/264
Froakie,SV11/SV94
Buzzwole - SM218 (Prerelease) [Staff],SM218
Spearow,151/132
Unown VSTAR (Secret),199/195
Celebi V,001/202
Articuno,27/99
Bouffalant - 136 (Prerelease) [Staff],136
Sabrina's Abra,19/53
Dragonair (4),4/20
Galarian Rapidash V - SWSH111,SWSH111
Suspicious Food Tin (Secret),80/73
Watchog,079/114
Super Scoop Up,99/112
M Gyarados EX,27/122
Fire Energy,106/110
Regidrago V - 2024 (Evan Pavelski),135/195
Unit Energy LPM - 2018 (Robin Schulz),138/156
Blissey V (Alternate Full Art),183/198
Grass Energy,
Centiskorch VMAX,SV109/SV122
M Mawile EX - XY104,XY104
Espeon ex - 175,SVP 175
Bombirdier,219/198
Item Finder,074/102
Deoxys (Defense Forme),18/107
Dunsparce,053/144
Genesect EX,64/124
Krookodile,066/108
Iono,254/193
Houndoom,096/163
Oranguru - SM13 (Prerelease) [Staff],SM13
Ludicolo,2/18
Team Magma's Rhydon,11/95
Code Card - Decidueye GX Premium Collection,
Numel (Peelable Ditto),013/078
Dusknoir FB,26
Bagon,6/20
Duraludon - SWSH028 (EB Games Exclusive),SWSH028
Dark Metal Energy,97/110
Mega Gardevoir ex,178/132
Piplup (15) - 2008 (Dylan Lefavour),15/17
Zacian VSTAR,096/159
Mega Zeraora ex,098/084
Mismagius ex,036/094
Lightning Energy (2004-2005),109/109
Energy Switch (Raichu),29/30
Darkness Energy (#26),26/30
Alolan Persian,079/149
Entei GX (Secret),74/73
Golurk,059/124
Lunala GX (Secret Rare),172/156
Raichu (#30 Holo),30/30
Kyogre,53/160
Leafeon VMAX,008/203
Pokemon Collector - 2010 (Mychael Bryan),97/123
Sceptile,8/116
Super Scoop Up,098/111
Spiritomb - 2010 (Michael Pramawat),32/99
Entei,112/091
Slakoth,99/123
Guzzlord,080/131
Bunnelby,150/189
Mega Lucario ex,077/132
Pecharunt ex,095/064
Shedinja,14/107
Dragonair,14/97
Ivysaur,044/130
Eevee GX - SM174,SM174
Code Card - TAG TEAM Powers Collection [Umbreon & Darkrai GX],
Charizard,004/130
Malamar EX,58/119
Tapu Lele GX - 2017 (Kabu Fukase),60/145
Naganadel & Guzzlord GX (Secret),260/236
Blastoise & Piplup GX (Full Art),214/236
Holon Scientist - 2007 (Jun Hasebe),97/113
Geodude,55/97
Sceptile EX - XY53,XY53
Lombre,46/100
Chansey - 2011 (Ross Cawthon),58/123
Flareon,013/131
Champions Festival - XY27 (2014 Staff),XY27
Radiant Tsareena,016/195
Machamp,20/100
Frillish,126/086
Decidueye GX - 2017 (Kabu Fukase),12/149
Oranguru,SV44/SV94
Flareon V - SWSH179,SWSH179
Erika's Gloom (46),046/132
Lucario GX,SV64/SV94
Slowbro,043/198
Ivysaur,35/100
Basic Lightning Energy (Blue Border),
Galarian Perrserker V (Full Art),183/196
Honchkrow,10/123
Tinkatink,216/193
Regidrago V (Full Art),183/195
Vivillon (High Plains [Orange]),17/146
Chien-Pao ex - 030,030
Dragonite EX,072/108
Feraligatr (5),005/111
Nidoking (150),150/147
Charizard G Lv.X,143
Cradily,7/108
Groudon EX (106 Full Art),106/108
Iron Valiant ex,157/131
Lt. Surge's Electrode,052/132
Ampharos,001/132
Regigigas,037/146
Water Energy (WotC 2002 League Promo),
Delcatty,4/127
Greninja & Zoroark GX (201) (Alternate Full Art),201/214
Dodrio,200/091
Charizard,3/70
Vanilluxe (Master Ball Pattern),029/086
Murkrow,30/115
Gengar & Mimikyu GX (Alternate Full Art),165/181
Tyranitar,30/100
Pokemon Reversal - 2004 (Kevin Nguyen),87/109
Toxtricity ex - 215 (Illustration Contest 2024),215
Wartortle,171/165
Luxio - BW34 (Cracked Ice Holo),BW34
Cynthia,SV82/SV94
Zeraora GX,86/214
Pokemon Collector,097/123
Brave Bangle,080/086
Scyther,095/091
Zacian V-UNION - SWSH164,SWSH164
Hisuian Decidueye V (Full Art),173/189
Feebas (Delta Species),49/101
Jirachi - XY112,XY112
Chandelure VMAX,040/264
Ivysaur,134/132
Torterra LV.X - DP09,DP09
Charizard GX - SM60 (SM Black Star Promos),SM60
Cleffa - 2011 (Gustavo Wada),24/95
Snorlax,15/112
Omastar,43/75
Togepi (Delta Species),41/101
Azelf,4/123
Ampharos - BW67,BW67
Hypno (8),08/62
Rattata,66/82
Garbodor (119 Secret Rare),119/116
Squirtle - 048 (Cosmos Holo),048
Pikachu ex,179/131
Virbank City Gym - 2014 (Haruto Kobayashi),126/135
Paldean Wooper,180/091
Awakening Drum,141/162
Suicune,59/214
Diglett,106/165
Sudowoodo,SV20/SV94
Piplup,032/156
Luxray,046/122
Alolan Golem GX (Full Art),102/111
Chingling,042/123
Azelf LV.X - 2010 (Michael Pramawat),140/146
Infernape E4 Lv.X,108/111
Dark Sylveon V - SWSH134,SWSH134
Lampent,102/086
Copycat,21/30
Glalie,13/106
Feebas - 2005 (Jeremy Maron),61/101
Lightning Energy - 2012 (Chase Moloney),
Eelektross (Team Plasma),33/101
Water Energy (2004-2005),106/109
Hoopa - 2019 (Haruki Miyamoto),140/236
Morpeko V-Union - SWSH287,SWSH287
Dwebble,003/012
Beedrill (H4),H04/H32
Magnezone (5),5/100
Geodude (Stamped),043/083
Whirlipede,133/086
Artazon,229/197
Machamp,008/102
Eevee,074/131
Kommo-o GX - SM71 (SM Black Star Promo),SM71
Glaceon GX - SM147,SM147
Lillipup,154/086
Rayquaza C Lv.X,146
Leafeon (Master Ball Pattern),005/131
Yveltal (Game Stop),088/132
Pikachu VMAX (Secret),188/185
Garbodor,141/086
Alolan Meowth,010/012
Misty's Poliwag,087/132
Pikachu VMAX - SWSH062,SWSH062
Hydrapple (Cosmos Holo),018/182
Code Card - Charizard EX Box,
Gengar (Cosmos Holo) (EB Games Exclusive),050/088
Double Colorless Energy - 2012 (Shuto Itagaki),92/99
Choy (Full Art),182/189
Cleffa,78/130
Victini EX (131 Full Art),131/135
Corviknight V - SWSH200,SWSH200
Latias,GG20/GG70
Victreebel,44/146
Zacian V,GG48/GG70
Metang,44/101
Pignite,25/149
Water Energy - 2007 (Akira Miyazaki),
Sabrina's Slowbro,060/132
Togekiss EX,83/122
Magcargo (H17),H17/H32
Baltoy - 2010 (Yuka Furusawa),60/106
Lycanroc - SM118 (Prerelease),SM118
Lt. Surge's Voltorb,084/132
Holon's Castform - 2007 (Tom Roos),44/110
Tropical Beach - 2014 (Haruto Kobayashi),BW50
Zorua,142/086
Metal Energy (Basic),122/123
Suicune - 2014 (Michikazu Tsuda),20/101
Infernape LV.X - DP10,DP10
Radiant Gardevoir,069/196
Code Card - Trainer's Tool Kit (2020),
Croconaw (Delta Species),27/101
Sceptile GX (Secret),216/214
Garchomp EX - XY09 (XY Black Star Promo),XY09
Mallow & Lana,256/S-P
Azurill,20/113
Venomoth GX,12/214
Multi Technical Machine 01,009/017
Team Rocket's Wobbuffet (Pokemon Center Exclusive),203
Muscle Band,121/146
Alolan Ninetales GX,SV53/SV94
Absol,15/92
Mega Sableye & Tyranitar GX,126/236
Espeon V (Alternate Full Art),180/203
Galarian Linoone,SV079/SV122
Mewtwo EX (62),62/162
Genesect - BW99,BW99
Blastoise,25/181
Lunatone,GG11/GG70
Magneton,17/97
Code Card - Mega Evolution Pokemon Center Elite Trainer Box (Exclusive),
Piloswine,044/111
Minun,71
Zamazenta V - SWSH019,SWSH019
Pokemon Collector - 2011 (Christopher Kan),97/123
Code Card - Mimikyu Sidekick Collection,
Terrakion (99 Full Art),99/101
Espeon,011/147
Code Card - Scarlet & Violet Pokemon Center Elite Trainer Box (Exclusive) [Miraidon],
Trapinch,68/108
Galarian Obstagoon (Secret),198/185
Greninja (40) - 2016 (Cody Walinski),40/122
Lisia's Appeal,234/191
Vanillish,112/086
Wigglytuff (#30 Holo),30/30
Giratina,97/214
Lombre,33/107
Quagsire,045/111
Memory Capsule (Secret),202/185
Smeargle,157/214
Galarian Rapidash V (Alternate Full Art),168/198
Scorbunny,SWSH002
Corsola,102/165
Altaria,SV37/SV94
Suicune,030/122
Lillie's Clefairy ex - 195,195
Smeargle,128/203
Steelix EX,67/114
Mewtwo V-UNION - SWSH159,SWSH159
Garganacl,147/132
Eevee - SWSH212,SWSH212
Jigglypuff,044/105
Energy Switch - 2012 (Shuto Itagaki),94/114
Tropical Beach - 2013 (Clement Lamberton),BW50
Granbull,061/144
Alcremie VMAX (Secret),073/072
Luxray,007/130
Kricketune V,006/163
Reuniclus,126/124
Porygon-Z GX - SM216 (SM Black Star Promo),SM216
Hydreigon BREAK,87/114
Slaking,12/109
Swoop! Teleporter - 2005 (Curran Hill),92/109
Riolu,061/130
Absol ex,214/197
Wishiwashi,62/236
Muscle Band - 2015 (Patrick Martinez),121/146
Yveltal,046/072
Switch - 2006 (Jason Klaczynski),102/113
Yanmega ex,003/182
Shelgon,53/113
Haxorus (Master Ball Pattern),070/086
Mightyena,18/108
Energy Retrieval,99/98
Togepi & Cleffa & Igglybuff GX,143a/236
Lanturn (58),58/146
Xerneas - XY31,XY31
Rapidash,44/64
Natu,151/091
Rhydon (#25),25/30
Holon Scientist,97/113
Toxapex GX (Full Art),136/145
Uxie,043/146
Startling Megaphone - 2014 (Michikazu Tsuda),97/106
Basic Fire Energy (Blue Border),
Wooloo,SV103/SV122
Lucario (63),63/124
Adventure Bag (Secret),228/214
Machop,074/144
Oddish,092/091
Dark Flaaffy,33/109
Ralts,67/109
Fire Energy,106/114
Metapod,39/112
Primal Groudon EX (Omega),86/160
Raichu,043/146
Lanturn,19/92
Shedinja,014/107
Multi Switch (Secret),164/147
Mew ex,88/92
Alolan Golem,042/145
Bruno (Secret),172/163
Ash's Pikachu - SM109,SM109
Espeon - SWSH174,SWSH174
Copycat (Full Art),200/203
Excadrill ex,168/086
Pidgeot,35/132
Latias,4/10
Accelgor,11/108
Zekrom (Full Art Promo),XY76
Skyarrow Bridge - 2012 (Zachary Bokhari),91/99
Electrode GX (Full Art),155/168
Tentacruel,44/62
Celesteela GX (Full Art),144/156
Eevee (105),105/156
Kyurem - 2013 (Yugo Sato),31/116
Dwebble,129/086
Voltorb - 2008 (Tristan Robinson),117/132
Energy Retrieval - 2011 (Christopher Kan),92/114
Zeraora V - SWSH263,SWSH263
Melony,TG26/TG30
Hisuian Arcanine,TG08/TG30
Froakie,088/086
Muk,11/92
Brigette - 2018 (Robin Schulz),134/162
Haunter (41),41/99
Gible,SV38/SV94
Flapple,TG02/TG30
Golduck (Delta Species),43/110
Float Stone - 2017 (Naoto Suzuki),137/162
Meganium,026/123
Flygon - BW53 (Prerelease) [Staff],BW53
Yveltal - XY32,XY32
Tyranitar GX (Full Art),203/214
Xurkitree,SV14/SV94
Iron Treads ex,233/198
Ditto V,050/072
Grovyle,31/97
Kabuto,50/62
Professor Sycamore - 2018 (Magnus Pedersen),107/122
Golurk V (Full Art),181/203
Onix,056/102
Pineco (85),085/144
Latios EX,58/108
Hitmontop,37/53
Skitty,119/146
Lisia's Appeal,246/191
Bronzong,15/102
Solrock,47/107
Latias - SWSH171 (Prerelease),SWSH171
Gengar ex,193/162
Groudon,113/236
Froakie,XY03
Brave Bangle,104/084
Victini EX,24/113
Ursaring (34),34/75
Friends in Galar,140/172
Snivy,001/114
Luxray GL LV.X - 2009 (Stephen Silvestro),109/111
Beast Ring (Secret),141/131
Mudkip,60/109
Grass Energy (2),
Leafeon V - SWSH194,SWSH194
Emboar - 2011 (David Cohen),20/114
Butterfree,19/75
Grookey - 052,052
Umbreon ex,112/115
Regieleki V (Full Art),175/195
Snubbull (#27),27/30
Empoleon (117 Secret Rare),117/116
Eevee - 200 (Cosmos Holo),SVP 200
Dragapult ex,200/167
Psychic Energy,119/123
Octillery,6/95
Charizard,100/97
Sharpedo EX (152 Full Art),152/160
Chandelure,20/99
Tropius,195/193
Rugged Helmet (Secret),228/198
Drapion VSTAR,119/196
Seaking,24/107
Ampharos,1/132
Azumarill,001/109
Team Rocket's Meowth (Cosmos Holo),149/182
Dewgong (7),007/144
Green's Exploration (Full Art),209/214
Leafeon,45/111
Magnemite,66/109
Venusaur,15/102
Marnie's Grimmsnarl ex,287/217
Moltres,10/100
Unown (55),55/123
Sceptile,010a/168
Rayquaza EX (104 Full Art),104/108
Serperior V,TG13/TG30
Kleavor,TG08/TG30
Cobalion,084/101
Eelektrik - 2012 (Chase Moloney),40/101
Blaine's Last Stand (Full Art),69/70
Code Card - Pokemon GO Pokemon Center Elite Trainer Box Plus (Exclusive),
Mysterious Fossil,62/62
Energy Recycler,108/088
Cherubi,96
Rare Candy,88/100
Scovillain,202/198
Roserade,TG02/TG30
Swampert,23/109
Erika's Clefairy,025/132
Pikachu (Blue Border),
Gwynn,119/084
Manectric ex,101/107
Naganadel GX (Full Art),121/131
Origin Forme Palkia VSTAR,SWSH254
Empoleon LV.X,120/130
Sandile (Master Ball Pattern),057/086
Magikarp (#19),19/30
Braviary,214/191
Solrock,9/102
Full Face Guard (Secret),231/203
Keldeo EX,49/149
Weakness Policy (164 Secret Rare),164/160
Charmander (Delta Species),49/100
Misty's Tears,118/132
Pinsir,13/101
Tyranitar (Delta Species),16/113
Sceptile GX,22/214
Stufful (Ash vs Team Rocket Deck Kit),017/026
Vaporeon (H31),H31/H32
Combusken,27/109
Carracosta GX - SM239,SM239
Kangaskhan EX,078/106
Articuno GX,31/168
Electabuzz,22/115
Luxray (Perfect Order Stamped),028/088
Pikachu (Ivy),1
Ceruledge ex,036/191
Haunter - 2009 (Jason Martinez),40/100
Totodile (#14),14/30
Erika's Exeggcute (43),043/132
Acro Bike - 2015 (Jacob Van Wagner),122/160
Hex Maniac,075a/098
Rare Candy,83/106
Aegislash,86/146
Marill,232/217
Dragapult ex,073/131
Blaine's Quiz #2,111/132
Dowsing Machine,128/135
Latios EX,86/116
Team Aqua's Manectric,29/95
Alomomola,005/012
Tarragon,116/088
Holon Transceiver,98/113
Eevee (47),47/90
Persian,44/112
Jolteon V (Full Art),177/203
Raichu,041/147
Team Aqua's Poochyena,16/34
Erika's Vileplume,005/132
Professor Birch (2006),82/106
Scyther,46/75
Moltres,021/144
Vibrava,40/108
Hitmonlee,013/110
Suicune ex,94/95
Chandelure,038/167
Gouging Fire - 151,151
Gardevoir ex (Delta Species),93/101
Kirlia - SWSH271 (Prerelease) [STAFF],SWSH271
Sylveon GX (Full Art),140/145
Peonia (Full Art),196/198
Team Rocket's Archer,223/182
Mew ex,216/091
Metagross V (Full Art),181/198
Mega Venusaur ex,177/132
Rillaboom V - SWSH014,SWSH014
Sunflora,31/123
Magnezone (Team Plasma),46/135
Blaine's Gamble,121/132
Dartrix,010/149
Castaway - 2007 (Jeremy Scharff-Kim),72/100
Warp Energy - 2010 (Mychael Bryan),95/100
Slowpoke,66/90
Delcatty - SM132 (Prerelease) [Staff],SM132
Latios Prism Star,108/168
Eternatus VMAX (Secret),192/189
Virizion,17/98
Lt. Surge's Raticate,053/132
Flygon,5/111
Mewtwo EX,052/108
Mary's Request - 2007 (Tom Roos),86/115
Inteleon VMAX (Alternate Art Secret),266/264
Poliwrath,25/108
Tepig (BW02),BW02
N's Darmanitan - 181 (Prerelease),181
Zacian V-UNION,
Whimsicott V (Full Art),160/172
Togepi,30/53
Pheromosa & Buzzwole GX (191) (Full Art),191/214
Lugia EX (Team Plasma) (134 Full Art),134/135
Bulbasaur,001/034
Porygon-Z GX - SM216,SM216
Reuniclus,171/162
Victini (14),14/101
Carmine,145/167
Garchomp & Giratina GX (Full Art),228/236
Gyarados VMAX,029/203
Lugia ex,017/034
Eternatus V,SV121/SV122
Pidgey,085/110
Magikarp,61/95
Code Card - Mega Salamence EX Premium Collection,
Cyclizar,195/091
Roggenrola (Master Ball Pattern),046/086
Fezandipiti ex - 038/064 - 2024 (Jesse Parker),038/064
Jumpluff,11/132
Musharna,117/086
Mega Signal,171/132
Fennekin - 080 (Pokemon Center Exclusive),080
Cofagrigus (Team Plasma) (57),57/116
Revavroom ex,224/197
Delcatty,121/168
Lucario,080/113
Enhanced Hammer (Secret),162/145
Mr. Mime,179/165
Kyogre EX,26/108
Weavile,25/90
Landorus (Team Plasma) - BW79,BW79
Dimension Valley,93/119
Trubbish - 2018 (Magnus Pedersen),56/122
Lapras (7-Eleven Promo),031/142
Turtwig,017/017
Beheeyem BREAK - XY135,XY135
Professor Oak's New Theory - 2012 (Shuto Itagaki),83/95
Team Rocket's Moltres ex,031/182
Claydol ex,93/108
Spiky Energy,190/159
Vulpix,18/124
Totodile - 048,048
Espeon GX,SV60/SV94
Dratini,063/105
Mismagius GL,10/111
Durant ex,236/191
Remoraid,105/147
Unown [F],56/106
Shining Ho-Oh - SM70,SM70
Time-Space Distortion,124/123
Team Rocket's Nidoking ex - 217,217
Altaria,12/106
Feraligatr (12),012/165
Blaziken,3
Mightyena,243/217
Gothitelle (47),47/98
Honedge 83/146 (Regional Championships) [Staff],083/146
Raging Bolt - 2025 (Yuya Okita) [Gold Stamped],
Toxapex GX,57/145
Professor's Research [Professor Magnolia] (Full Art),201/202
Kingler,26/112
Pikachu,005/005
Snorlax - 051,051
Dugtrio,22/112
Dark Houndoom,5/109
Ditto (Squirtle),064/113
Charizard ex,199/165
Machamp - SWSH053,SWSH053
Dark Hypno (26),26/82
Arceus - XY83,XY83
Eevee (48),48/90
Glalie,34/101
Clefairy,53/115
Capturing Aroma,153/195
Team Galactic's Invention G-101 Energy Gain - 2010 (Yuta Komatsuda),116/127
Lairon,36/109
Hypno,016/147
Unown V (Full Art),176/195
Radiant Hawlucha,081/189
Reversal Energy,266/182
Jolteon Star - 2007 (Tom Roos),101/108
Scorbunny,225/217
Goodra,077/119
Voltorb,69/82
Fearow,042/110
Rhydon,059/130
Zamazenta - SWSH034,SWSH034
Bulbasaur,001/025
Primal Kyogre EX,055/160
Haunter,043/130
Serperior,013/149
Turtonator GX (Secret),148/145
Dedenne GX - 2019 (Shintaro Ito),57/214
Arcanine (12),12/99
Oricorio - SM19 (Prerelease),SM19
Bianca - 2013 (Yugo Sato),90/98
Misty's Poliwrath,031/132
Poliwag,67/115
Zekrom GX - SM138,SM138
Beheeyem (Master Ball Pattern),041/086
Parallel City - 2016 (Shunto Sadahiro),145/162
Wattrel,178/167
Wishiwashi GX,38/145
Oricorio,GG04/GG70
Recycle Energy (WotC 2002 League Promo),
VS Seeker - 2015 (Alejandro Ng-Guzman),109/119
Lapras,
Arcanine,1/111
Zamazenta V,GG54/GG70
Luxray,46/99
Celio's Network - 2008 (Dylan Lefavour),73/100
Code Card - Dragon Majesty Elite Trainer Box,
Flaaffy - SWSH122 (Prerelease),SWSH122
Garchomp,091/124
Growlithe,001/012
Charmander,070/110
Typhlosion (Prime),110/123
Blaine's Doduo,061/132
Double Colorless Energy - 2012 (Chase Moloney),92/99
Typhlosion - SM185,SM185
"Code Card - Evolutions Theme Deck - ""Pikachu Power"" [Pikachu]",
Charcadet - 022 (Pokemon Center Exclusive),022
Roaring Moon ex,124/182
Ho-Oh EX (Full Art),121/122
Flygon - 016,016
Kirlia - SWSH271 (Prerelease),SWSH271
Basic Lightning Energy - MEE 004 (Cosmos Holo),004
Irida (Secret),204/189
Cosmog,064/149
Metal Energy (Texture Full Art),159/159
Lt. Surge (101),101/132
Cherubi,013/017
Mega Hawlucha ex,283/217
Xerneas (Mega Evolution Stamped),064/132
Roark,242/182
Muscle Band - 121/146 - (Pokemon League),121/146
Jolteon GX - SM173,SM173
Houndour,69/106
Naganadel,108/214
Mew VMAX (Secret),268/264
Alolan Ninetales GX,132/214
Bellossom - 2004 (Chris Fulop),16/101
Rosa,204/236
Smeargle - 2012 (Chase Moloney),21/95
Paras,59/64
Jirachi,11/95
Moltres (H20),H20/H32
Cafe Master,TG25/TG30
Lumineon V,040/172
Pikachu,227/S-P
Junk Arm - 2012 (Igor Costa),87/102
Bouffalant - 136,136
Magnezone - 2011 (Gustavo Wada),96/102
Machamp V,072/189
Tapu Lele GX - 2017 (Diego Cassiraga),60/145
Shaymin,185/182
Alolan Raichu - SM65 (#25 Pikachu Stamped),SM65
Claydol,2/101
Maushold,210/091
Dark Pupitar,40/109
Gloom,093/091
Muk & Alolan Muk GX (Secret),220/214
N - 2018 (Magnus Pedersen),105/124
Arbok ex,185/165
Servine,003/114
Erika's Bulbasaur,039/132
Delphox,26/146
Spiritomb,087/132
Typhlosion (Prime) - HGSS09,HGSS09
Chaos Gym,102/132
Fighting Energy (Texture Full Art),157/159
Roserade,23/100
Paras,72/112
Allister (Secret),192/185
Eelektross,065/160
Zeraora,060/214
Eelektross,41/101
Blend Energy WLFM,118/124
Blaine's Dodrio,032/132
Shelmet,008/111
Bianca - 2014 (Michikazu Tsuda),109/113
Sunny Castform,26/101
Seaking,21/109
Double Dragon Energy,97/108
Celio's Network - 2006 (Jimmy Ballard),88/112
Heracross (Delta Species),3/101
Mewtwo,12/18
Graveler,37/99
Penny,252/198
Golett,122/086
Boltund V (Full Art),181/192
Paradise Resort - 150 (World Championships 2024) [Staff],150
Iron Defender,110/084
Walking Wake ex,178/131
Koga's Pidgey (49),049/132
Salamence (Delta Species),14/113
Smeargle - 2012 (Zachary Bokhari),21/95
Rayquaza EX -BW47,BW47
Victini - 208,208
Gastly,177/162
Mimikyu V,068/172
Venonat (10),10/214
Charmeleon,99/97
Rapidash (26),026/165
Rayquaza,16/110
Psychic Energy (Prize Pack Series 3) (Cosmos Holo),
Suicune & Entei Legend (Bottom),95/95
Manectric,16/106
Koraidon ex,245/091
Snorlax (33),33/111
Darkness Energy (Secret),236/203
Zoroark GX - SM84,SM84
Cobalion,84/101
Light Jolteon,048/105
Lycanroc VMAX (Secret),213/203
Carnivine G - DP42,DP42
Grumpig,29/106
Mabosstiff,218/198
Mightyena,10/109
Galarian Zigzagoon,117/202
Eevee,4/30
Great Tusk (Master Ball Pattern),055/131
Code Card - Venusaur VMAX Battle Box,
Weezing,058/135
Herdier (Master Ball Pattern),075/086
Gengar (Cosmos Holo) (Gamestop Exclusive),050/088
Onix,010/034
Psyduck,20/53
Fighting Energy,93/95
Manectric,061/160
Tyrantrum,062/111
Professor's Research [Professor Juniper] - SWSH152,SWSH152
Lightning Energy,104/106
Kirlia - 2010 (Michael Pramawat),51/127
Blastoise,13/95
Gardevoir,57/99
Raichu,51/110
Shaymin EX,077a/108
Pikachu (55),55/236
Hilda (Poke Ball Pattern),084/086
Gyarados (H10),H10/H32
Archeops (Master Ball Pattern),051/086
Sunflora,169/167
Torchic - XY37,XY37
Janine's Secret Art,173/131
Charmander,004/165
N's Darmanitan - 181 (Prerelease) [Staff],181
Greninja ex,106/167
Rare Candy,175/132
Tyranitar GX (Secret),223/214
Boldore,051/098
Suicune V (Full Art),173/203
Tyranitar,222/193
M Aggron EX (154 Full Art),154/160
Sentret,107/147
Breloom,3/107
Psychic Energy,101/102
Unown [N],50/75
Fast Ball,124/144
Drapion LV.X,123/127
Scolipede,040/098
Teddiursa,77/115
Jigglypuff,63/101
Yveltal BREAK,66/114
Focus Band,086/111
Ursaring,38/123
Lillipup (Master Ball Pattern),074/086
Charizard ex,234/091
Martial Arts Dojo (Secret),268/236
Togepi,50/109
Ralts,153/091
Stoutland (Master Ball Pattern),076/086
Ancient Mew,1
Haunter,35/92
Thundurus (Master Ball Pattern),033/086
Fighting Energy (2011 Pokemon League),
Guzzlord GX (Full Art),105/111
Electrode GX (Secret),172/168
Tool Scrapper,085/086
Applin (Master Ball Pattern),009/131
Bulbasaur,
Team Rocket's Moltres ex,229/182
Magneton - 159,159
Nita (Full Art),180/181
Floatzel GL Lv.X,104/111
Cramorant V (Full Art),198/202
Scovillain ex,216/191
Water Energy (2024),011
Water Energy - 2014 (Michikazu Tsuda),
Emboar,026/149
Florges,152/236
Blastoise GX (Secret),218/214
M Blaziken EX,XY86
Suicune ex - 2004 (Reed Weichler),94/95
M Aerodactyl EX,XY98
Meowscarada ex,015/193
Jirachi - 021 (Jirachi: Wish Maker DVD Release),021
Bruxish (Ash vs Team Rocket Deck Kit),004/026
Sabrina's Jynx,057/132
Code Card - Greninja ex Ultra-Premium Collection,
Cresselia,59/156
Ultra Necrozma GX (Secret),140/131
Murkrow,024/111
Shelgon (Delta Species),38/101
Noivern,77/111
Mienshao,200/182
Butterfree,09/18
Gengar (10),010/144
Torchic,73/109
Mesprit,204/191
Servine (Master Ball Pattern),002/086
Articuno GX (Full Art),154/168
Machamp VMAX,073/189
Blastoise,2/132
Dragonair,018/102
Tepig 15/114 (Cosmos Holo),015/114
Reuniclus (52),52/101
Slowpoke,80/112
Maractus,160/159
Dark Espeon,004/105
Team Aqua's Sealeo,16/95
Bastiodon,21/123
AZ's Tranquility,106/086
Magikarp - 2010 (Mychael Bryan),65/100
Vaporeon ex - 2006 (Jimmy Ballard),110/113
Blipbug,SV007/SV122
Gallade V (Full Art),181/196
Pokemon Collector - 2011 (Gustavo Wada),97/123
Dragonite EX,72/108
Mewtwo EX,54/99
Team Aqua Hideout,78/95
Ponyta,014/083
Fezandipiti ex - 2025 (Liao Fu Guan),
Pikachu,173/165
Deoxys EX - 2013 (Yugo Sato),53/116
Fezandipiti ex - 038/064 - 2024 (Evan Pavelski),038/064
Sandslash,42
Pawmot,209/198
Cyndaquil,59
Mewtwo - SM77,SM77
Cinccino (Master Ball Pattern),076/086
Erika's Tangela,079/132
Reshiram (Full Art Promo),XY74
Camerupt EX,29/160
Servine,RC2/RC25
Trainers' Mail,092a/108
Team Galactic's Invention G-101 Energy Gain - 2009 (Stephen Silvestro),116/127
Venusaur & Snivy GX (Secret),249/236
Poochyena,70/107
Zapdos,019/110
Scream Tail - 065 (Pokemon Center Exclusive),065
Porygon-Z,006/106
Dragonite ex (Delta Species),91/101
Remoraid,50/64
Full Heal,082/102
Bagon,23/97
Lotad,66/100
Rika,258/182
Zarude (What's Your Favorite Stamp),056/084
Charmander,48/100
Fighting Energy,120/123
Volcanion ex,182/159
Mewtwo (20),020/165
Pikachu - 012 (EX Series Collector's Tin),012
Shinx,135/091
Rayquaza VMAX (Alternate Art Secret),218/203
Crawdaunt,3/97
Vanilluxe,33/99
Mewtwo EX (157 Full Art),157/162
Ampharos (2),002/165
Darumaka - BW18,BW18
Mega Pyroar ex,099/086
Gliscor E4,062/111
Blaine's Kangaskhan,036/132
Starmie,064/102
Cresselia EX (143 Full Art),143/149
Metapod,42/75
Porygon-Z,7/102
Hilda - 2025 (Jose Cruz Galindo-Resendiz),
M Kangaskhan EX - 2014 (Michikazu Tsuda),79/106
Jirachi ex - 2008 (Jason Klaczynski),94/100
Primal Groudon EX,097/098
Team Rocket's Murkrow,200/182
Shaymin,225/SM-P
Reset Stamp - 2019 (Shintaro Ito),206/236
Amoonguss - SM202 (Prerelease),SM202
Corviknight V (Full Art),156/163
Fighting Energy - 2005 (Takashi Yoneda),
Swinub,084/105
Jamming Tower - 2025 (Jose Cruz Galindo-Resendiz),
Hypno,25/112
Eternatus VMAX,117/189
Mr. Briney's Compassion,008/017
N's Reshiram,116/159
Meowscarada ex - 078,078
Wurmple,78/109
Meowscarada ex,271/193
Rotom,005/017
Cofagrigus (Team Plasma) (56),56/116
Suicune & Entei Legend (Top),94/95
Kilowattrel ex,068/191
Darkness Energy,094/095
Victini,30/236
Iron Thorns - 098 (Pokemon Center),098
Manaphy,8/100
Skarmory FB,83
Espeon,16
Code Card - Shrouded Fable Pokemon Center Elite Trainer Box (Exclusive),
Dawn,118/094
Tepig,096/086
Porygon (103a),103a/147
Blastoise,2/127
Zekrom,050/099
Ariados,TG09/TG30
Weavile GX,132/236
Hisuian Voltorb,GG01/GG70
Dark Croconaw,032/105
Lt. Surge's Secret Plan,107/132
Team Magma's Baltoy - 2004 (Tsuguyoshi Yamato),60/95
Enamorus V (Full Art),178/196
Energy Search - 2012 (Zachary Bokhari),93/114
Unown [U],51/75
Rapidash,060/110
Cleffa - 037 (Prerelease),037
Meowth,053/083
Piplup,072/100
Brock's Vulpix [W Stamped],037/132
Tapu Lele GX - 2017 (Zachary Bokhari),60/145
Gwynn,109/084
Full Flame,74/92
Teddiursa,105/123
Pupitar,116/214
Stantler,32/115
Holon Farmer - 2007 (Akira Miyazaki),91/113
Marnie - SWSH121,SWSH121
Lady (Secret),208/196
Rocket's Sneasel ex,103/109
Lechonk (Pokemon Center Exclusive),155/198
Luvdisc,44/168
Crispin,164/142
Wally (107 Full Art),107/108
Mega Venusaur ex,155/132
"Reshiram, Zekrom & Kyurem",
Rufflet (Master Ball Pattern),077/086
Mudkip,004/005
Snorlax,109/149
Lugia GX (Secret),227/214
Slurpuff,236/217
Mew EX (120 Full Art),120/124
Espeon & Deoxys GX Oversized - SM240 (SM Black Star Promo),SM240
Fletchling,RC25/RC32
Turtwig,077/100
Magby (17),017/165
Hop's Trevenant,237/217
Lillie's Clefairy ex,280/217
Ball Guy (Full Art),065/072
Bulbasaur,39/95
Copycat,73/101
Dark Raichu,83/82
Decidueye GX,12/149
Ninetales (57),057/165
Snorlax,064/110
Growlithe,068/105
Riolu - BW33 (Cosmos Holo),BW33
Groudon ex,93/101
Gyarados ex,225/198
Zygarde EX,054a/124
Weezing,45/62
Tapu Lele GX,60/145
Necrozma GX (Secret),153/147
Okidogi ex,036/064
Garchomp V,117/189
Cessation Crystal - 2008 (Dylan Lefavour),74/100
Piplup - DP03,DP03
Mega Greninja ex,122/086
Meowth,62/82
Wartortle - 2006 (Hiroki Yano),50/112
Electrode,025/130
Pikachu ex,219/191
Team Magma's Groudon - 2004 (Tsuguyoshi Yamato),9/95
Misty's Magikarp,088/132
Primeape,029/147
Pidove (Master Ball Pattern),071/086
Leafeon,7/111
Rayquaza (Delta Species),13/113
Girafarig,066/105
Lost City,161/196
Lugia VSTAR,139/195
Squirtle,007/165
Ivysaur,002/034
Junk Arm - 2012 (Shuto Itagaki),87/102
Growlithe,
Garbodor,68/113
Water Energy,107/114
Simipour,102/086
Venusaur EX (141 Full Art),141/146
Marshadow & Machamp GX (Secret),221/214
Glimmora ex,213/197
Pidgey (#29),29/30
Shaymin EX - 2015 (Patrick Martinez),77/108
Sidney (Full Art),264/264
Axew (12),12/20
Lightning Energy (#8),8/30
Pikachu - SM81,SM81
Bibarel,16
Hisuian Typhlosion V (Full Art),169/189
Eevee,143/191
Falinks,SV074/SV122
Espeon & Deoxys GX,72/236
Charmander - 047 (Cosmos Holo),047
Wingull,81/107
Gumshoos (Ash vs Team Rocket Deck Kit),016/026
Seadra - 2011 (Gustavo Wada),40/95
Stunfisk (Master Ball Pattern),035/086
Path to the Peak (Secret),213/189
Slaking,13/108
Scorbunny - 053,053
Rampardos,65/156
Gyarados VMAX (Secret),207/203
Hisuian Samurott V,101/189
Team Magma's Camerupt - 2004 (Tsuguyoshi Yamato),19/95
Mega Froslass ex,265/217
Crobat G - 2010 (Yuka Furusawa),47/127
Candela - SWSH228,SWSH228
Neutralization Zone,060/064
Golem (49),049/165
Blastoise ex,009/165
Galarian Rapidash,SV048/SV122
Rapid Strike Urshifu V - SWSH107,SWSH107
Houndoom,08/64
Quagsire,60/132
Salamence Spirit Link,XY172
Ditto,4/112
Radio Tower,095/105
Oshawott,BW03
Lapras VMAX,SV111/SV122
Togedemaru,104/094
Jigglypuff (#25),25/30
M Steelix EX,68/114
Duskull (Master Ball Pattern),035/131
Eevee (84),84/108
Dark Raticate,17/109
Corsola,013/017
Galarian Stunfisk,SV088/SV122
Magikarp,47/82
Silcoon,43/109
Lt. Surge's Electabuzz (6),006/132
Kangaskhan ex,115/165
Zangoose (Delta Species),015/017
Shelmet,093/086
Arceus - XY197,XY197
Heal Energy,94/107
Galarian Mr. Rime,036/189
Manectric - SM130 (Prerelease),SM130
Armaldo ex (Non-Holo),016/017
Jellicent ex,168/086
Cyndaquil,061/105
Ash's Pikachu - SM108,SM108
Jacinthe,110/088
Gengar VMAX (Alternate Art Secret),271/264
Swellow,015/017
Ampharos (H1),H01/H32
Empoleon,029/108
Dark Ursaring,021/105
Alolan Sandshrew,004/012
Mega Camerupt ex,022/132
Starmie,005/034
Honedge (#27),27/30
Fire Energy (WotC 2002 League Promo),
Volcanion (XY Steam Siege Prerelease),XY145
Cacturne ex,91/106
Inteleon - SWSH113 (Prerelease),SWSH113
Mimikyu ex - 004,004
Joltik (41),41/108
Tapu Fini GX,SV92/SV94
Lycanroc,076/147
Pikachu GX - SM232,SM232
Meowth,42/95
Warp Energy,91/108
Infernape - 116 (Prerelease) [Staff],116
Swoobat (Master Ball Pattern),037/086
Grass Cube 01,124/127
Piplup,93/130
Espeon GX (Secret),152/149
Charizard ex - 074,074
Sneasel,182/091
Bisharp,64/114
Rocket's Hideout,63/64
Timburr (Master Ball Pattern),047/086
Misty's Seaking,055/132
Lunatone,074/132
Team Magma Ball - 2004 (Tsuguyoshi Yamato),80/95
Latias & Latios GX (Secret),190/181
Super Rod - 2014 (Michikazu Tsuda),20/20
Leafeon - BW87,BW87
Mega Lopunny ex,115/094
"Raikou, Entei & Suicune",
Foongus,095/086
Salazzle GX,25/147
Code Card - Mythical Pokemon Collection Box [Darkrai],
Float Stone - 2016 (Shunto Sadahiro),137/162
Power Tablet (Secret),281/264
Cessation Crystal - 2008 (Tristan Robinson),74/100
Glaceon,30/108
Mega Feraligatr ex,274/217
Glass Trumpet (Gym Stamp Asia Exclusive),135/142
Dragonite,096/149
Houndour (5),05/75
Gyarados,012/110
Snubbull,008/012
Ekans,46/62
Latios - SM136,SM136
Minun,194/182
Carkol,SV068/SV122
Breloom,33/100
Glaceon - SWSH192,SWSH192
Dark Dragonite,15/109
Feraligatr,002/012
Sigilyph GX,98/214
Sneasel,025/111
Wartortle,092/165
Kirlia,40/100
Wailord,14/92
Lickitung (Delta Species),19/101
Celebi - XY187,XY187
Jynx ex,124/165
Alolan Persian,119/214
Forretress (H8),H08/H32
Pineco,077/105
Team Galactic's Invention G-109 SP Radar - 2009 (Stephen Silvestro),96/111
Sceptile,10/168
Snow-cloud Castform,29/113
Adventure Bag,167/214
Pikachu ex (Holiday Calendar),063/193
Pikachu (Collector Chest),XY89
Torkoal V,024/202
Reshiram,63/108
Pikachu EX - XY84,XY84
Escape Board,122/156
Feraligatr (46),046/165
Grimer,57/82
Bulbasaur - 037,037
Flareon - SM186 (#44 Charizard Stamped),SM186
Miltank,017/034
Dark Machoke,40/82
Golduck (50a),050a/147
Scovillain,107/091
Poliwhirl,057/130
Rocket's Sneasel - 5,005/009
Fuecoco,002/015
Metagross - BW75 (Team Plasma) (Prerelease),BW75
Pikachu (Secret),241/236
Ditto,17/102
Farigiraf ex,194/162
Low Pressure System,011/017
Totodile,78/115
Chesnaught,14/146
Erika's Oddish (47),047/132
Palkia,26/106
Welder - 2019 (Henry Brand),189/214
Armarouge,041/198
Zacian V - SWSH076,SWSH076
Swalot,38/119
Moltres (36),36
Kirlia,32/101
Metal Cube 01,129/147
Arceus (AR2),AR2
Reshiram & Charizard GX,20/214
Poliwhirl,176/165
Growlithe,028/102
Magnemite (26),26
Phione (12),12/100
Umbreon & Darkrai GX,125/236
Mr. Mime GX (Full Art),156/168
Blaziken GX,28/168
Water Energy (Secret),231/198
Professor's Research [Professor Willow] (Secret),084/078
Torkoal,12/97
Xerneas,107/162
Pokemon Communication - 2010 (Yuka Furusawa),98/123
Wailord,30/106
Mamoswine GL,27/111
Dewgong,097/094
Magikarp,022/083
Nidoking (24),024/147
Varoom,206/197
Primal Kyogre EX (Alpha),55/160
Mudsdale - SM20 (Prerelease) [Staff],SM20
Aggron,2/92
Banette - 2007 (Jeremy Scharff-Kim),1/100
Unown [E],67/75
Weezing,51/107
Team Aqua's Muk,8/34
Shuckle,072/111
N - 2016 (Cody Walinski),105/124
Sabrina's Gastly,093/132
Nidoqueen (23),23/64
Mega Audino ex,253/217
Archeops,54/101
N's Zorua - 189 (Pokemon Center Exclusive),189
Tatsugiri,127/091
Flareon (Delta Species),5/113
Lechonk,209/197
Dreepy (Poke Ball Pattern),071/131
Inteleon,059/202
Lunatone - 2007 (Jeremy Scharff-Kim),36/107
Lucario,12
Heatran VMAX,026/189
Dragonair,32/102
Zoroark BW - BW19,BW19
Nessa,157/185
Tornadus (Master Ball Pattern),078/086
Holon's Magneton - 2006 (Hiroki Yano),22/113
Boss's Orders (CLV),019/034
Holon Research Tower,94/113
Squirtle,093/130
Ultra Ball,146/159
Blaziken,014/111
Kabutops,4/99
Pikachu,94/123
Pineco,61/75
Delphox,013/124
Umbreon GX - SM36,SM36
Nidoqueen (7),07/64
Colress,118/135
Quilladin,4/39
Kyurem,43/113
Flapple VMAX (Secret),164/163
Dragapult ex,130/167
Feebas,198/191
Sandslash,062/110
Fieldworker,73/92
Wobbuffet,36/119
Nidoking,45/108
Mamoswine,005/102
Nidoqueen,9/112
Bulbasaur,143/142
Castform,48/146
Keldeo - BW60 (Tinsel Holo),BW60
Great Tusk ex,246/198
Tyranitar (H28),H28/H32
Bagon,006/020
Zoroark,090/113
Gengar,066/196
Lucario GX (Secret),135/131
Haxorus,16/20
Staraptor,27/100
Trapinch,67/92
Lucario Spirit Link,XY211
Aerodactyl (01/62) (DUPLICATE),01/62
Burmy Plant Cloak,011/017
Zoroark,071/108
Croagunk - 2008 (Tristan Robinson),60/100
Ash's Pikachu - SM110,SM110
Type: Null,SV45/SV94
Porygon - HGSS22,HGSS22
Togetic - SWSH276,SWSH276
Darkness Energy (2011 Pokemon League),
Genesect GX (Full Art),204/214
Miltank,GG24/GG70
Victory Cup - BW31 (Battle Road Spring 2013) [1st Place],BW31
Twin Energy (Secret),209/192
Simisage,090/086
Lucario - BW85,BW85
Galarian Articuno V (Alternate Full Art),170/198
Kyurem,34/101
Umbreon V,094/203
Revavroom - 008 (Prerelease),008
Psychic Energy,131/132
Colress's Experiment (Secret),205/196
Counter Energy (Secret),122/111
Luxury Ball - 2009 (David Cohen),86/100
Holon Adventurer - 2007 (Akira Miyazaki),85/110
Zygarde,053/124
Mewtwo EX - XY107,XY107
Orbeetle V,TG12/TG30
Rayquaza,93/113
Premier Ball - 2009 (David Cohen),91/100
Giovanni's Persian,008/132
Raichu,15/123
Marnie's Pride (Full Art),171/172
Hariyama,8/109
Oddish - 102,102
Inteleon - 002 [Staff],002
Rampardos,13/127
Rocket's Tricky Gym,90/109
Iron Crown ex,191/162
Regigigas,084/111
Vanillite,111/086
Garbodor V,100/203
Lunala,061/145
Espeon V,064/203
Salamence,24/100
Eneporter (Secret),142/131
Ting-Lu ex,275/193
Clefairy,59/112
Rotom Dex (Secret),159/149
Steven's Advice - 2004 (Chris Fulop),92/101
Pachirisu - DP04,DP04
Yveltal - 2016 (Shunto Sadahiro),65/114
Groudon,102/101
Tyranitar V (Alternate Full Art),155/163
Bebe's Search - 2010 (Yuta Komatsuda),89/111
Glaceon V (Full Art),174/203
Grass Energy (2024),009
Harlequin,163/086
Umbreon V (Alternate Full Art),189/203
Zygarde (Prerelease),XY129
Machoke,41/100
Misty's Goldeen (85),085/132
Oshawott,027/114
"Code Card - Evolutions Theme Deck - ""Mewtwo Mayhem"" [Mewtwo]",
Spidops ex,223/198
Brock's Sandslash,023/132
Dodrio,25
Melmetal - SM181 (Prerelease) [Staff],SM181
Mega Sableye & Tyranitar GX (Full Art),225/236
Dusclops (Master Ball Pattern),036/131
Lickitung,048/130
Tyrogue - 2011 (Gustavo Wada),33/123
Tornadus EX,90/108
Cynthia,155/S-P
Flareon,44/95
Flygon,4/97
Shaymin EX (Full Art),RC21/RC25
Skitty - 2004 (Reed Weichler),44/109
Crystal Beach,75/100
Wigglytuff ex,187/165
Ampharos,040/124
Shining Celebi,106/105
Metang,SV31/SV94
Dratini,52/109
Slakoth,212/191
Aurorus,026/111
Darkness Energy,158/165
Rotom,20/90
Galarian Slowking VMAX,100/198
Turtwig - 040,040
Kirlia,092a/147
Guzma - 2018 (Naohito Inoue),115/147
Fisherman,92/123
Applin,SV012/SV122
Zebstrika,082/114
Mysterious Treasure (Secret),145/131
Xerneas GX,90/131
Pecharunt - 129 (Pokemon Center Exclusive),129
Mimikyu - SM99,SM99
Electrode,27/106
Rayquaza,128/124
Alolan Exeggutor,002/012
Budew (Master Ball Pattern),004/131
Regirock,28/110
Minun,7/97
Unown [Q],059/105
Lillie's Ribombee,164/159
Charmeleon,073/165
Brock's Ninetales,003/132
Hex Maniac - 2017 (Diego Cassiraga),75/98
Scizor,7/90
Poliwrath (28),28/75
Gumshoos - SM97 (Prerelease),SM97
Luxray GL LV.X - 2010 (Yuta Komatsuda),109/111
Eevee - SM184 (Cosmos Holo),SM184
Flygon - 2009 (David Cohen),5/111
Charizard ex,006/165
Hitmonlee (22),22/62
Togekiss - 038 (Prerelease),038
M Rayquaza EX,76/108
Pawmi,226/091
Magneton (H16),H16/H32
Underground Lake,141/144
VS Seeker - 2017 (Naoto Suzuki),109/119
Feraligatr (47),047/165
Psyduck - SM199 (In-Store Event Promo),SM199
Spearow,62/64
Pikachu V-Union - SWSH141,SWSH141
Bicycle - 2013 (Jason Klaczynski),117/135
Chien-Pao ex,061/193
Pelipper (Delta Species),26/100
Grass Energy (2010 Play! Pokemon),
Reshiram & Charizard GX (Full Art),194/214
Lightning Energy (2017 Unnumbered) (Wave Foil),
Dark Ariados,30/109
Ninetales - 2019 (Kaya Lichtleitner),16/181
Dewgong,025/102
Koraidon - 2025 (Yuya Okita),
Challenge!,74/82
Togedemaru (Ash vs Team Rocket Deck Kit),006/026
Flareon V - SWSH149,SWSH149
Dusknoir - DP33,DP33
Team Magma's Houndour,63/95
Double Rainbow Energy,87/106
Lightning Energy (#23),23/30
Cinderace VMAX,019/072
Duraludon V (Alternate Full Art),198/203
Blaine (17),017/132
Golem ex,076/165
Misty's Vitality,111/084
Butterfree (5),005/165
Torkoal,41/146
Gyarados - XY60 (Prerelease),XY60
Meloetta - XY193,XY193
Eiscue,SV035/SV122
Alolan Golem GX (Secret),113/111
Cetitan,201/191
Shroomish,78/100
Houndoom,75/124
Alakazam ex,215/091
Bulbasaur (Holo Common),1/18
Beldum,SV30/SV94
Metal Energy (Special),094/109
Gengar (2021 Copyright Date),057/198
Zoroark,67/98
Centiskorch V,TG14/TG30
Wally's Training - 2005 (Curran Hill),85/106
Ethan's Typhlosion (Prerelease),034/182
Gengar 094/165 (Cosmos Holo),094/165
Qwilfish,27/109
Psychic Cube 01,132/147
Electabuzz,020/102
Candice (Full Art),189/195
Shaymin Prism Star,10/181
Clefable (#16),16/30
Charmeleon,019/147
Gallade E4,20/111
Rillaboom (Secret),197/189
Togekiss,085/197
Bede (Secret),207/202
Basic Metal Energy,099/064
Baxcalibur,210/193
Tropius,27/107
Foongus (Master Ball Pattern),010/086
Hero's Cape,152/162
Dive Ball (161 Secret Rare),161/160
Dark Dragonair,31/109
Hypno,012/034
M Alakazam EX,26/124
Frigibax,208/193
Acerola's Premonition,TG24/TG30
Undersea Ruins,138/147
Psychic Energy,105/106
Mienshao,134/086
Blitzle,195/182
Seadra,048/111
Shiftry,163/162
Drakloak (Poke Ball Pattern),072/131
Munkidori - 2025 (Jose Cruz Galindo-Resendiz),
Persian (Delta Species),48/110
Starmie,119/091
Bewear (Ash vs Team Rocket Deck Kit),018/026
Mareep,065/111
Pikachu - 190,190
Machamp GX,64/147
Larry's Staraptor,249/217
Jirachi - 2005 (Michael Gonzalez),9/107
Pikachu,
Victini,23/113
Mew,15/132
Greninja (Illustration Contest 2022),SWSH305
Plusle - 2006 (Hiroki Yano),44/107
Maintenance,083/102
Mareanie (Ash vs Team Rocket Deck Kit),002/026
Team Magma's Groudon,009/095
Sabrina's ESP,117/132
Hisuian Zoroark VSTAR,147/196
Salvatore,202/162
Houndoom (12),012/144
Buzzwole,77/131
Zeraora VSTAR,055/159
Sobble,SWSH003
Gigalith,071/149
Mew - 8 (Glossy Finish),8
Cinccino,RC19/RC25
Tapu Fini - SM203 (Prerelease),SM203
Iono's Bellibolt ex,188/159
Vulpix,136/165
Crystal Shard,122/144
Blastoise,014/100
Ninetales,013/130
Reverse Valley - 2016 (Shunto Sadahiro),110/122
Mareep,GG34/GG70
Adaman (Secret),199/189
Dark Tyranitar,011/105
Team Galactic's Invention G-101 Energy Gain,116/127
Gardevoir LV.X,131/132
Lunala GX,66/149
Gladion's Final Battle,118/084
Espeon ex,102/115
Pidgey (Delta Species),77/110
Zacian V (Shiny) - SWSH292,SWSH292
Groudon (Master Ball Pattern),049/131
White Kyurem,102/149
Mudkip,033/160
Switch - 2004 (Tsuguyoshi Yamato),92/109
Umbreon & Darkrai GX - SM241,SM241
Mandibuzz BREAK,XY182
Armaldo ex (Holo),016/017
Gyarados - XY109,XY109
Tinkaton - 020 (Prerelease) [Staff],020
Growlithe,65/123
Hisuian Goodra V,135/196
Champions Festival - BW95 (Worlds 13),BW95
Grass Energy - 2012 (Zachary Bokhari),
N - 2013 (Clement Lamberton),96/108
Elekid,23/115
Quilava,49/123
Shelgon,7/20
Arceus - DP50 (DP Black Star Promos),DP50
Kyogre,036/159
Holon Energy GL,85/101
Mesprit LV.X,143/146
Hisuian Samurott VSTAR (Secret) (209),209/189
Charmander,48/108
Suicune - SM149 (Prerelease),SM149
Ninetales,7/123
Quaxly,206/193
Sobble,SV025/SV122
Dialga,016/106
Mudkip -  057,057
Fire Energy (2007-2008 League Promo),
Nidoqueen - 2009 (Jason Martinez),30/111
Horsea,31/101
Skiploom,49/109
Magearna EX,XY175
Professor Elm - 3,003/009
Grapploct,SV073/SV122
Multi Energy,96/110
Darkness Energy (Special),86/106
Kingler VMAX,029/172
Regirock - 2018 (Naohito Inoue),80/168
Whismur (117),117/168
Shuppet,40/100
Kyurem,21/20
Fiery Flint (Secret),76/70
Pikachu,43/95
Larvitar,63/109
Arcanine,12/99
Reshiram ex (Journey Together Stamped),030/159
Mareep,64/97
Vileplume GX (Secret),250/236
Weepinbell,065/147
Piloswine,46/100
Dark Arbok (19),19/82
Paradise Resort - 224 (World Championships 2025) [Staff],224
Lunala GX - SM103a,SM103a
Venipede,132/086
Exeggcute,33/112
Morpeko V,095/172
Zamazenta V,TG22/TG30
Pikachu with Grey Felt Hat,085
Shuckle,51/64
Holon Energy FF - 2008 (Paul Atanassov),84/101
Code Card - Lost Thunder Elite Trainer Box,
Code Card - Champion's Path Premium Collection [Marnie],
Lugia - SWSH069 (Prerelease),SWSH069
Psychic Energy (WotC 2002 League Promo),
Politoed,7/95
Team Rocket's Handiwork (Full Art),124/124
Volcanion ex,171/159
Treecko,67/100
Super Rod - 2012 (Chase Moloney),95/101
Magnemite,62/97
Kyurem EX,38/99
Team Rocket's Orbeetle,198/182
Magneton (11),11/62
Cleffa,202/197
Zekrom,50/99
Xerneas - 2014 (Michikazu Tsuda),96/146
Minccino,RC18/RC25
Mareep,67/109
Articuno,32/113
Meowth (#12),12/30
Mewtwo - XY101,XY101
Rotom ex,126/094
Caterpie,53/75
Magnezone,8/130
Luvdisc,35/127
Togetic (Delta Species),11/101
Steven's Advice - 2008 (Paul Atanassov),83/108
Team Aqua's Kyogre,3/95
Mew,29/124
Tatsugiri,186/167
Electrode ex,107/112
Dark Marowak,7/109
Hearthflame Mask Ogerpon ex,040/167
Latios EX,XY72
Noctowl,8/123
Ultra Ball,068a/073
Poliwrath,21/95
Vaporeon,18/68
Darkrai - DP24 (DP Black Star Promos),DP24
Zacian - 015 [Staff],015
Tyranitar EX,42/98
Kangaskhan - SWSH038 (Prerelease),SWSH038
Lugia,131/181
Jirachi,RC13/RC32
Cyclizar,215/182
Kyurem,034/101
Delphox EX - XY19,XY19
Armarouge,086/084
Pikachu,025/025
Eevee,049/068
Trubbish,50/145
Magnifier,101/105
Chesnaught V (Full Art),171/195
Team Magma Technical Machine 01,84/95
Gloom,198/197
Max Potion - 2012 (Shuto Itagaki),94/98
Golem E4,23/111
Steven's Advice - 2005 (Takashi Yoneda),92/101
Gyarados,26/123
Boss's Orders [Ghetsis],172/193
Charmander,57/112
Blastoise (Delta Species),2/100
Scraggy,010/012
Bidoof (Alpha),117/160
Plusle,013/017
Fighting Energy,127/132
Code Card - Shiny Rayquaza EX Box,
Garchomp & Giratina GX - SM193,SM193
Dark Octillery,8/109
Water Energy,117/123
Togepi,70/90
Skitty,79
Lillie's Clefairy ex,173/159
Regigigas FB,9
Zoroark,71/108
Yveltal,094/162
Ledian,25/123
Gardenia's Vigor (Full Art),184/189
Good Manners,111/132
Kabuto,56/75
Float Stone - 2013 (Clement Lamberton),99/116
Professor's Research [Professor Willow] (Full Art),078/078
Drifloon,51/156
Leafeon V,007/203
Zygarde - SM48 (Prerelease) [Staff],SM48
Jigglypuff,077/130
Eevee (Master Ball Pattern),074/131
Snorlax,109/159
Swirlix (#1),1/30
Mewtwo EX,54/113
Slowbro,24/108
Snivy,001/012
Reshiram ex,166/086
Unown (!),!/28
Camerupt,3/100
Tyranitar ex,066/197
Poliwrath,17/111
Timburr,183/167
Sharpedo EX,91/160
Torchic (Omega),26/160
Milcery,152/142
Girafarig,64/123
Boltund V - SWSH219,SWSH219
Bagon (Shiny),SH10
Lillie's Poke Doll (Secret),267/236
Grass Energy,162/165
Fairy Energy (#3),3/30
Ivysaur,34/100
Grotle,164/162
Unown (G),G/28
Black Kyurem EX (145 Full Art),145/149
Basic Darkness Energy - 015 (Cosmos Holo),015
Archie's Ace in the Hole (157 Full Art),157/160
Guzma - 2017 (Diego Cassiraga),115/147
Hitmonchan,129/127
Reuniclus (Master Ball Pattern),039/086
Venusaur,006/017
Scraggy (Master Ball Pattern),057/086
Stakataka - SM180 (Prerelease),SM180
Mew VMAX (Secret),TG30/TG30
Larvitar,57/75
Grotle,31/95
Meditite,37/97
M Aggron EX,94/160
Volcarona GX (Full Art),213/236
Tapu Lele - SM152 (Prerelease) [Staff],SM152
Galarian Cursola V (Full Art),71/73
Morty's Conviction,211/162
Unown (Q),Q/28
Eevee,084/108
Switch,157/165
Colress - 2014 (Haruto Kobayashi),118/135
Qwilfish,49/64
Darkrai VSTAR,099/189
Scizor,25/100
Town Volunteers - 2004 (Kevin Nguyen),136/147
Hydreigon (Team Plasma),78/116
Team Rocket's Giovanni,225/182
Persian,42/64
Raging Bolt ex,196/162
Skeledirge ex,258/193
Azelf - 2010 (Michael Pramawat),19/146
Corviknight VMAX (Secret),171/163
Xurkitree GX (Secret Rare),160/156
Kartana GX,SV73/SV94
Raichu,28/111
Rockruff,TG07/TG30
Nidoran M,055/102
Metang,114/162
Blaine's Growlithe,062/132
Code Card - Super-Premium Collection [Mew & Mewtwo],
Gardevoir,TG05/TG30
Ho-Oh,001/017
Luxury Ball,86/100
Victory Medal - 2008-2009 (Battle Road Autumn),
Zeraora V,053/198
Rocket's Mewtwo ex,99/109
Articuno (17),17/62
Exp. Share (Secret),180/163
Mudkip,56/106
Zapdos ex,202/165
Goop Gas Attack,78/82
Adventurer's Discovery,TG23/TG30
Umbreon (Prime),86/90
Dracozolt V (Full Art),178/203
Scyther,
Carvanha,56/107
Team Magma's Rhyhorn,38/95
Lillie's Determination,119/132
Toxicroak EX (102 Full Art),102/106
Unown (L),L/28
Machamp,9/101
Holon Farmer,91/113
Code Card - ex Battle Deck [Victini ex],
Fire Energy,104/108
Rotom,82
Seeker - 2011 (Ross Cawthon),88/102
Mewtwo EX - 2012 (Igor Costa),54/99
Luxray V,050/189
Ditto (Geodude),62/113
Slaking ex,227/191
Lusamine Prism Star,182/214
Espeon EX - 2017 (Kabu Fukase),52/122
Dragonair,075/165
Eevee ex,167/131
N - 2018 (Naohito Inoue),105/124
Pecharunt ex,163/131
Volcanion EX (Secret),115/114
Pikachu,005/025
VS Seeker - 2016 (Cody Walinski),109/119
Blissey ex,201/167
Snubbull,98/162
Crabominable,149/142
Jolteon (Master Ball Pattern),029/131
Pokegear 3.0,186/198
Alolan Exeggutor ex,248/191
Puzzle of Time - 2018 (Pedro Eugenio Torres),109/122
Tauros GX,100/149
Houndour,59/95
Machamp GX (Secret),154/147
Warp Energy,100/115
Lucario,SV22/SV94
Mew,053/108
Alcremie ex,075/159
Sunkern,106/144
Charmander,017/113
Mimikyu - SM29,SM29
Staryu (104),104/144
Castaway - 2008 (Paul Atanassov),72/100
Raichu,77
Dialga EX (122 Secret Rare),122/119
Gengar (20),20/62
Landorus (Master Ball Pattern),053/086
Double Colorless Energy,124/130
Porygon-Z (Team Plasma) - BW84 (Prerelease),BW84
Gardevoir ex - 2023 (Tord Reklev),086/198
Audino EX - 2016 (Shintaro Ito),84/124
Armarouge ex,218/182
Primal Groudon EX - 2015 (Alejandro Ng-Guzman),86/160
Combusken,25/97
Clefable,1/95
Quilava (47),047/111
Cursed Stone - 2007 (Akira Miyazaki),72/92
Lombre - 2005 (Michael Gonzalez),45/100
Code Card - Celestial Storm Elite Trainer Box,
Loudred,212/182
Fuecoco -  062,062
Ditto,37/113
Hawlucha,063/111
Raichu ex,98/100
Lumineon V,GG39/GG70
Zapdos ex,116/112
Tarountula,199/198
Hippowdon,29/130
Garbodor - SWSH025 (Prerelease) [Staff],SWSH025
Umbreon,009/015
Aerodactyl,53/108
Slakoth,80/100
Raikou,032/073
Magneton - 2004 (Reed Weichler),17/097
Raikou - SM150 (Prerelease) (Staff),SM150
Lana's Aid,219/167
Frillish (Master Ball Pattern),044/086
Sawsbuck,166/162
Zekrom,39/116
Ferrothorn,209/182
Wellspring Mask Ogerpon ex,152/131
Mega Starmie ex,102/088
Aerodactyl GX (Full Art),224/236
PokeNav (Secret),181/168
Sylveon ex,041/131
Tyrantrum EX - XY70,XY70
Sabrina's Slowpoke,095/132
Solgaleo GX (Secret Rare),173/156
Starmie,48/107
Castaway,72/100
Frogadier,SV12/SV94
Metagross,11/101
Solgaleo GX - 2019 (Henry Brand),SM104
Greninja & Zoroark GX,107/214
Rayquaza EX (60),60/108
Lotad (63) - 2005 (Michael Gonzalez),63/107
Rapidash (62),062/165
Absol G Lv.X,141
Exploud,6/101
Crobat G - 2010 (Mychael Bryan),47/127
Dedenne,TG07/TG30
Professor Turo's Scenario,240/182
Reshiram - 2011 (David Cohen),26/114
Zinnia's Resolve (Full Art),203/203
Latias,009/020
Dusknoir,063/149
Lillie's Ribombee - 183 (Prerelease),183
Voltorb (115),115/147
Larvitar,089/147
Shadow Rider Calyrex VMAX,075/198
Seadra,22/101
Hydreigon C lv.61 - SWSH138,SWSH138
Haunter,40/100
Raichu LV.X,99/100
Galarian Rapidash,082/202
Mewtwo,029/110
Mamoswine,9/146
Kyurem EX (86 Full Art),86/98
Lance's Charizard V - SWSH133,SWSH133
Swampert (Alpha),36/160
Kyogre,053/160
Shuckle GX (Secret),215/214
Fearow,36/64
Misdreavus,039/144
Holon's Castform - 2008 (Dylan Lefavour),44/110
Miraidon,121/162
Yveltal EX (144 Full Art),144/146
Infernape LV.X,121/130
Mega Skarmory ex,055/088
Phanpy,69/107
Dark Hypno,6/109
Mareep (#20),20/30
Kingdra EX,073/124
Umbreon GX (Secret),154/149
Zorua and Celebi (Black and White Tour Promo),
Pikachu,006/012
Raichu,211/193
Multi Technical Machine 01,144/165
Boldore (Master Ball Pattern),047/086
Brooklet Hill - 2018 (Naohito Inoue),120/145
Mewtwo - XY100,XY100
Omanyte,180/165
Scraggy - BW25 (Cosmos Holo),BW25
Battle Reporter,088/111
Kakuna,46/113
Metal Energy (2009 Unnumbered POP Promo),
Horsea (84),084/147
VS Seeker (CLB),031/034
Hisuian Zoroark,076/196
Sandshrew,74/109
Crabominable V (Full Art),248/264
Crobat,3/101
Flamigo,211/091
Rocket's Mewtwo - 8 [Winner],008/009
Mega Chandelure ex,115/084
Vespiquen E4,35/111
Slowbro,38/90
Regirock - XY49,XY49
Charizard GX - SM195 (SM Black Star Promo),SM195
Pikipek,011/012
Kingdra (Cosmos Holo),032/182
Water Energy - 2006 (Jimmy Ballard),
Lugia,002/017
Strong Energy,104/111
Slowpoke,108/147
Garchomp,9/123
Suicune GX (Secret),220/214
Switch (Raichu),24/30
Raikou V - 2024 (Jesse Parker),048/172
Wigglytuff (16),16/64
Scyther - 2008 (Tristan Robinson),46/100
Swablu,GG27/GG70
Sandshrew,82/113
Golisopod GX,17/147
Ho-Oh,027/115
Tsareena ex,220/182
Geodude,47/62
Leafeon GX (Full Art),139/156
Salamence EX - XY170,XY170
Dunsparce,60/100
Garbodor,051a/145
Vileplume,8/214
Hisuian Typhlosion VSTAR (Secret),193/189
Delphox V (Full Art),173/196
Doctor (Full Art),190/198
Pupitar (Delta Species),51/113
Pokemon Retriever - 2006 (Jimmy Ballard),84/109
Switch (Secret),160/149
Gyarados - 2010 (Mychael Bryan),19/100
Magcargo GX (Full Art),198/214
Steelix ex - 2006 (Hiroki Yano),109/115
Water Energy (2009 Unnumbered POP Promo),
Sonia (Full Art),192/192
Team Rocket's Crobat ex,122/182
Ninetales,012/102
Team Rocket's Mimikyu (Prerelease),087/182
Pikachu,60/64
Mimikyu V,TG16/TG30
Machamp,13/18
Rhyperior,062/146
Unown [M],49/75
Gardevoir & Sylveon GX (204) (Full Art),204/214
Articuno (2),02/62
Arcanine (3),003/144
Landorus,74/101
Houndoom (4),04/75
Snorunt,227/217
M Venusaur EX,2/146
Coalossal - SWSH024 (Prerelease),SWSH024
Noivern GX,99/147
Tirtouga,27/101
Zygarde EX,54/124
Fraxure,146/086
Lapras ex - 164,164
Snorlax Lv.X,111/111
Shaymin EX - 2016 (Shunto Sadahiro),77/108
Musharna (Master Ball Pattern),036/086
Wailord,26/124
Gholdengo ex,252/182
Amoonguss,096/086
Mega Scrafty ex,285/217
Trash Exchange,126/132
Rillaboom V,SV105/SV122
Togetic,016/111
Unown (J),J/28
Cobalion - BW72,BW72
Gardevoir,008/127
Unown [L],91/106
Giratina VSTAR (212) (Secret),212/196
Magneton,022/147
Magmar,21/92
Glalie EX,34/162
Houndoom (H11),H11/H32
Ash-Greninja EX - XY133 (XY Black Star Promos),XY133
Luvdisc,014/017
Jigglypuff,72/106
Kabuto,36/92
Code Card - XY BREAKpoint Elite Trainer Box,
Tinkaton - 140 (Cosmo Holo),140
Metagross,002/017
Sylveon GX (Secret),158/145
Unown (W),W/28
Tyranitar ex (Non-Holo),017/017
Pidgeotto - 2006 (Jimmy Ballard),45/112
Entei Star,113/115
Pikachu,70/100
Tornadus EX (108 Full Art),108/108
Poliwrath (24),024/165
Swalot,58/168
Code Card - Lycanroc V Battle Deck,
Regigigas,004/017
Hisuian Decidueye VSTAR (Secret),195/189
Blaine's Charmeleon,031/132
Shelgon,105/168
Dragonite,151/236
Sylveon V - SWSH202,SWSH202
Clefairy,006/130
N - 2017 (Diego Cassiraga),105/124
Raticate,105/149
Mew V - 2022 (Andre Chiasson),113/264
Alakazam ex,065/165
N - 2012 (Chase Moloney),96/108
Fisherman,125/144
Cook,TG25/TG30
Whimsicott (Master Ball Pattern),008/131
Melmetal - SM181 (Prerelease),SM181
Pidgey,086/130
Pokemon Breeder Fields,62/64
Omastar,20/108
Metal Energy (Special),97/115
Psychic Energy (2007-2008 League Promo),
Super Rod,20/20
Radiant Charjabug,051/159
Galvantula,43/108
Big Parasol (Secret),199/189
Arven's Mabosstiff ex,139/182
Elesa,RC20/RC25
Exeggcute - SM119,SM119
Slurpuff,95/146
Drifblim - DP34,DP34
Vaporeon,34/111
Magmortar,6
Ursaring (Prime),89/95
Energy Charge,085/111
Zangoose - 2009 (Jason Martinez),66/127
Delphox - 074,074
Holon Mentor - 2006 (Miska Saari),93/113
Heracross,43/109
Meloetta EX,RC11/RC25
Alakazam - 009,009
Tauros,41/95
Wynaut,42/130
Raboot,SV016/SV122
Crustle (Master Ball Pattern),052/086
Energy Pickup,132/146
Lucario,002/017
Sandslash,093/144
Exeggutor,13/18
Wurmple,002/005
Boss's Orders,132/172
Psyduck (33),33/149
Rare Candy,007/017
Wigglytuff,134/214
Palafin,200/197
Mewtwo GX,39/73
Aegislash - 060 (Prerelease) [Staff],060
Togepi,88/106
Code Card - Rayquaza EX Box,
Frosmoth,TG04/TG30
Empoleon - BW56,BW56
Gastly,63/112
Wiglett,121/091
Clefable (#28),28/30
Night Stretcher - 2024 (Sakuya O.),061/064
Mega Greninja ex,116/086
Typhlosion,42/214
Ivysaur,62
Togepi & Cleffa & Igglybuff GX,143/236
Natu,59/75
Lillie (Full Art),151/156
Galarian Zapdos V (Full Art),173/198
Swirlix (#18),18/30
Fairy Energy (#27),27/30
Gulpin (40),40/99
Blastoise (4),004/165
Pikachu,086/110
Charmeleon,110/091
Galarian Moltres V,097/198
Team Rocket's Nidoking ex,233/182
Single Strike Style Mustard (Full Art),163/163
Holon Ruins,96/113
Aurorus,28/131
Lurantis GX (Secret),150/149
Rillaboom VMAX,SV106/SV122
Blaziken,6/70
VS Seeker,100/112
Jolteon,37/108
Slugma (98),098/144
Kangaskhan GX - SM188,SM188
Golisopod GX (Secret),148/147
Flygon V (Full Art),164/172
Poipole,55/131
Ethan's Ho-Oh ex,239/182
Chingling,58/100
Drowzee,67/113
Weavile,040/132
Quaquaval ex,260/193
Victory Cup - BW30 (Battle Road Autumn 2011) [2nd Place],BW30
Spinda,46
Aromatisse - 2014 (Michikazu Tsuda),93/146
Azumarill,002/111
Magnezone EX (101 Full Art),101/106
Magby,186/182
Sabrina's Gaze,125/132
Team Aqua's Seviper,9/34
Hydreigon EX,62/108
Silvally GX (Full Art),108/111
Koga's Golbat,046/132
Haunter (6),06/62
Gengar,094/165
Super Energy Removal,108/130
Rayquaza VMAX (101),101/159
Clawitzer BREAK,35/114
Alcremie VMAX,23/73
Pikachu V,086/264
Code Card - Battle Arena Deck [White Kyurem EX],
Colress - 2014 (Michikazu Tsuda),118/135
Meowth,114
Snorunt,75/99
Empoleon,26/127
Blaine's Mankey,063/132
Litten,059/SM-P
Zacian V (Full Art),195/202
Pansage,002/012
Quilava,091/165
Ivysaur,007/017
Ledian,144/142
Shelgon,42/97
Monferno,056/130
Dragonite,83/116
Durant,150/086
Kartana GX (Secret),117/111
Blacephalon GX - 2019 (Shintaro Ito),52/214
Charizard,103/100
Banette GX,66/168
Marill,053/147
Erika's Weepinbell (48),048/132
Electabuzz - 1,001/009
Ampharos - Pikachu 47,109
Blissey - 2008 (Paul Atanassov),5/123
Eevee,063/098
Golem (14),014/165
Minun,41/107
Lunatone,8/100
Magnezone,083/156
Legacy Energy,167/167
Dreepy,SV060/SV122
Crobat,051/086
Blitzle (Master Ball Pattern),031/086
Metal Core Barrier (Secret),232/214
Trubbish (64),64/135
Team Aqua's Secret Base,28/34
Holon Mentor - 2007 (Akira Miyazaki),75/101
Starmie GX,14/68
Marnie,169/202
Arceus V (Alternate Full Art),166/172
Lucario (78),78/135
Acerola,112a/147
Eevee (83),83/108
Ponyta (46),46/99
Code Card -  Phantasmal Flames Pokemon Center Elite Trainer Box Digital Bundle,
Baxcalibur - 019 (Prerelease) [Staff],019
Pikachu on the Ball,001/005
Alolan Muk GX (Full Art),138/147
Charizard,003/070
Beast Energy Prism Star - 2018 (Naohito Inoue),117/131
Venusaur (Secret Wonders),020/132
White Kyurem EX,103/149
Azumarill,004/147
Rapid Strike Style Mustard (Secret),176/163
Scyther,45/53
Shelgon,41/97
Flareon,19/100
Saffron City Gym,122/132
Greninja V-UNION [Set of 4],
Code Card - Unified Minds Single Pack Blister [Pikachu],
Carbink BREAK,51/124
Hisuian Zoroark V - SWSH297,SWSH297
Paldean Tauros,172/091
Mewtwo,075/214
Vibrava - 2007 (Jun Hasebe),42/101
Unown [W],029/105
Lickitung,180/162
Drapion,23/130
Eevee,63
Grovyle (Delta Species),19/100
Zapdos,046/113
Skuntank,15/130
Tornadus - 210,210
Salamence GX - SM139 (SM Black Star Promo),SM139
Silvally,095/084
Premier Ball,101/106
Brute Bonnet,207/182
Mewtwo EX - 2012 (Shuto Itagaki),54/99
Poke Pad,113/088
Peony (Full Art),197/198
Mawile GX (Full Art),227/236
Latios EX (113 Full Art),113/116
Kindler (Secret),179/172
Crobat BREAK,XY181
Volbeat,56/113
Igglybuff,168/236
Quagsire,9/123
Sabrina's Haunter,055/132
Pokemon Breeder's Nurturing (Full Art),188/189
Psychic Energy,092/095
Machamp (XY Evolutions Prerelease),59/108
Code Card - Marnie Premium Tournament Collection Box,
Anorith,28/100
Slowpoke,45/95
Garchomp V (Full Art),178/189
Holon Adventurer - 2007 (Jeremy Scharff-Kim),85/110
Audino,012/012
Klawf,217/198
Necrozma V (Full Art),149/163
Espeon - 2/90 (HGSS Undaunted - Cracked Ice Holo),002/090
Trubbish (Master Ball Pattern),059/086
Hydreigon,99/113
Choy (Secret),200/189
Minun,67/101
Samurott,041/149
Leafeon VSTAR,GG35/GG70
Ho-Oh,9/95
Flannery (Secret),215/198
Garchomp ex,245/182
Code Card - Battle Arena Decks: Mewtwo EX vs Darkrai EX,
Golurk,123/086
Professor Juniper - 2013 (Clement Lamberton),98/108
Loudred,35/106
Serperior (6),6/114
Jigglypuff (87),87/146
Air Balloon,166/132
Tyranitar ex,111/115
Fire Energy,098/102
Dark Alakazam (1),01/82
Shaymin,10/149
Palkia,026/106
Axew - BW10,BW10
Ignition Energy (Poke Ball Pattern),086/086
Blacephalon,104/236
Sceptile EX (84 Full Art),84/98
Galarian Sirfetch'd V - SWSH043,SWSH043
Sudowoodo - 2017 (Zachary Bokhari),66/145
Tickling Machine,119/132
Pidgeot ex,217/197
Canari,257/217
Marnie (Full Art),200/202
Grass Energy (Prize Pack Series 3) (Cosmos Holo),
Gordie (Full Art),201/203
Metal Energy (2010 Play! Pokemon),
Dachsbun ex,067/142
Bubble Coat,129/146
Gigalith,053/098
Ditto,40/113
Suicune (Shiny),SL11
Krokorok,136/086
N (Supporter) (Full Art),101/101
Detective Pikachu - SM170,SM170
Charmander,109/091
Kabutops,10/108
Woobat (Master Ball Pattern),036/086
Manectric,089/084
Master Ball,143/165
Necrozma V,063/163
Heat Rotom,RT3
Magnezone LV.X,142/146
Sudowoodo - SM207,SM207
Charizard,010/078
Professor's Research - 189/198 - 2024 (Fernando Cifuentes),189/198
TV Reporter - 2008 (Paul Atanassov),82/101
Dark Kadabra,39/82
Bayleef (28),028/111
Nidoking BREAK,46/108
Holon Transceiver - 2007 (Tom Roos),98/113
Brock's Rhyhorn (70),070/132
Gold Berry,093/111
Darmanitan,25/114
Dewgong,24
Gengar - SWSH241 (Prerelease) (Staff),SWSH241
Rayquaza,014/015
Psyduck (Delta Species),81/110
M Metagross EX (Shiny),XY35
Servine,088/086
Naclstack,177/091
Palafin - 036 (Prerelease) [Staff],036
Pikachu,120
Klingklang (Master Ball Pattern),063/086
Rocket's Scyther ex,102/109
Dark Electrode,34/82
Victory Piece,130/135
Ninetales,19/124
Lana's Aid,207/167
Rillaboom VMAX,018/192
Hearthflame Mask Ogerpon ex (Twilight Masquerade Stamp),040/167
Crobat G - 2009 (Tsubasa Nakamura),47/127
Magmar,39/62
Slowbro EX,26/108
Keldeo ex,159/086
Rocket's Scyther,013/132
Ho-Oh,27/115
Cynthia - 2018 (Magnus Pedersen),119/156
Cyclone Energy - 2010 (Mychael Bryan),94/100
Unown (!),42/146
Lt. Surge's Magneton,008/132
Jigglypuff,53/100
Lugia V - SWSH301,SWSH301
Rillaboom,SV006/SV122
Team Magma Conspirator - 2004 (Tsuguyoshi Yamato),82/95
Sabrina (20),020/132
M Sceptile EX (85 Full Art),85/98
Lightning Energy (#15),15/30
Scramble Energy,89/101
Gyarados (11),011/144
Jirachi EX - 2015 (Jacob Van Wagner),60/101
Shuckle,3/113
Lapras V,049/202
Battle Frontier,71/108
Heatran (6),6/146
Trubbish - 2018 (Robin Schulz),56/122
Metagross V,112/198
Flareon (19),19/64
Dark Dragonite,005/110
Luxray ex,068/167
Combusken - 2004 (Chris Fulop),28/109
Fearow,041/130
Roaring Moon (Master Ball Pattern),065/131
Xatu,52/75
Duskull (60),60/100
Pikachu - SWSH020,SWSH020
Blissey - XY56,XY56
Steelix,89/168
Blastoise,031/149
Mew,76/214
Warp Point,152/165
Trubbish - 2017 (Naoto Suzuki),56/122
Yveltal EX - XY08,XY08
Brave Bangle (Poke Ball Pattern),080/086
Forretress (2),02/75
Dartrix,014/197
M Manectric EX,24/119
Flygon - 025 (e-League) [Winner],025
Exeggcute (77),077/147
Snorlax,033/111
Radiant Greninja - 2024 (Jesse Parker),046/189
Corviknight VMAX,TG19/TG30
Aerodactyl EX - XY97,XY97
Blaziken,3/109
Lycanroc GX (Full Art),136/147
Colress - 2013 (Yugo Sato),118/135
Inkay,006/012
Galarian Slowbro V,099/189
Lake Boundary - 2008 (Jason Klaczynski),112/123
Misty's Psyduck,054/132
Emboar,100/99
Azelf,19/146
Janine's Secret Art,088/064
Kingler (15),015/165
Slowking (Master Ball Pattern),019/131
Yveltal - XY06,XY06
Greninja GX - SM197,SM197
Alolan Vulpix V (Full Art),173/195
Rosa's Encouragement,123/088
Zangoose,25/108
Heatran,3/99
Team Galactic's Wager - 2008 (Jason Klaczynski),115/123
Glaceon VSTAR - SWSH197,SWSH197
Palkia,19/95
Ho-Oh GX (Full Art),131/147
Shedinja,48/124
Gabite,48/123
Zisu (Full Art),189/189
Milotic V (Full Art),179/192
Switch,102/123
Lycanroc GX - SM14,SM14
Budew - 2007 (Jun Hasebe),43/130
Kyurem EX (96 Full Art),96/99
Salamence Lv.X,98/99
Unown (F),F/28
Suicune GX,60/214
Koraidon (Gamestop Promo),119/162
Wait and See Hammer (Secret),236/214
Vulpix,87/123
Metagross GX,157a/145
Bellsprout,53/112
Claydol - 2008 (Jason Klaczynski),15/106
Lickitung (Delta Species) - 2007 (Tom Roos),19/101
Psyduck,104/147
Reshiram & Charizard GX (Secret),217/214
Heatran (30),30/146
Miltank,094/147
Dark Weezing,42/109
Caterpie,069/110
Iono's Kilowattrel,163/159
Reshiram (Full Art),RC22/RC25
Phanpy,62/109
Meganium (Prime) - HGSS08,HGSS08
Pikachu - SM183,SM183
Victini - XY189,XY189
Archeops,67/101
Gastly,057/144
Goldeen,111/165
Articuno,002/110
Mega Froslass ex,047/217
Darkrai GX,088a/147
Mew (Prime),97/102
Noibat (#23),12/30
Dipplin,170/167
Poliwag,087/144
Hitmontop (3),03/75
Icy Sky's Shaymin (Japanese 11th Movie Commemoration Set),001/009
Iron Leaves ex,176/131
Sylveon - SWSH211,SWSH211
Celadon City Gym,107/132
Seadra,39
Giratina V (Alternate Full Art),186/196
Jynx,31/64
Garganacl,202/182
Mewtwo & Mew GX (Secret),242/236
Pokedex,087/102
Zigzagoon,79/109
Tropical Wind - DP48 (Worlds 09),DP48
Drowzee,049/102
Forest of Vitality,117/132
Persian,50/113
Pidgeotto,197/091
Jolteon ex - 2007 (Jun Hasebe),109/113
Flygon LV.X - 2009 (David Cohen),105/111
Lucario GX (Full Art),122/131
Leafeon LV.X,99/100
Mothim,005/017
Samurott - BW22,BW22
Ultra Necrozma,164/236
Muscle Band - 2014 (Trent Orndorff),121/146
Night Stretcher,173/132
Fire Energy (2017 Unnumbered) (Wave Foil),
Buzzwole,077/131
Piplup,093/130
Ho-Oh Legend (Bottom),112/123
Hariyama,073/132
Charizard V,017/172
Electabuzz,033/111
Blaziken (Cosmos Holo),042/182
Zorua,009/012
Vileplume (H31),H31/H32
Flygon ex,94/108
Archaludon ex,241/191
Altaria,2/108
Trevenant BREAK,66/122
Chinchou,42/64
Furfrou (Master Ball Pattern),088/131
Iron Leaves ex,213/162
Reshiram ex,158/086
Charmander,50/82
Iris's Fighting Spirit,292/217
Wattrel,145/091
Alolan Ninetales GX (Full Art),132/145
Cresselia (Secret),228/203
Crobat - BW51 (Team Plasma) (Prerelease),BW51
Noctowl,008/123
Sprigatito,001/015
Staryu,004/034
Greedent,206/091
Spiritomb (Trick or Trade Stamped) (DUPLICATE),087/132
Shiftry,12/92
Buzzwole GX - 2018 (Naohito Inoue),57/111
Aurorus,092/088
Rare Candy - 2004 (Kevin Nguyen),88/100
Golem ex,189/165
Stakataka,106/214
Regirock V,104/202
Magikarp,004/012
Team Magma's Baltoy,32/95
Slakoth,73/107
Ditto,053/078
Pidgeotto,022/102
Morpeko,206/182
Ho-Oh,010/086
Noctowl,042/111
Eevee GX - SM176,SM176
Minun,004/017
Latios GX - 2019 (Henry Brand),78/236
Pidove,148/086
Swalot,009/099
Iono's Bellibolt ex,053/159
Boost Energy,87/101
M Swampert EX,XY87
Dialga (Japanese 11th Movie Commemoration Set),008/009
Scorbunny on the Ball,004/005
Slowking (Prime),85/90
Victory Medal - 2006-2007 (Battle Road Spring),
Bastiodon,20/127
Crustle,85/149
Snorlax,100/144
Gastly,007/012
Call Energy - 2008 (Dylan Lefavour),92/100
Super Rod,95/101
Empoleon,034/156
Meganium ex,106/115
Totodile (Delta Species),67/101
Phoebe's Stadium - 2007 (Jeremy Scharff-Kim),79/108
Tapu Koko GX - SM33,SM33
Swalot,50/101
Regice Star,90/92
Snivy,RC1/RC25
Gligar,059/144
Cufant,SV090/SV122
Zigzagoon,011/012
Scraggy - BW25 (Cracked Ice Holo),BW25
Sceptile,8/160
Radiant Eevee - SWSH230,SWSH230
Leavanny,089/086
Metagross,95/168
Blastoise,016/101
Team Galactic's Invention G-105 Poke Turn - 2010 (Yuta Komatsuda),118/127
Super Rod - 2018 (Naohito Inoue),149/162
Drizzile,SV026/SV122
Basic Metal Energy - 008 (Cosmos Holo),008
Glaceon GX (Full Art),141/156
Giratina Lv. 70,028/127
Tapu Bulu GX (Secret),149/147
Cleffa,131/214
Pewter City Gym,115/132
Team Galactic's Invention G-103 Power Spray - 2010 (Yuta Komatsuda),117/127
Druddigon (Team Plasma) - BW80 (Cosmos Holo),BW80
Bloodmoon Ursaluna ex,168/131
Scramble Energy - 2005 (Takashi Yoneda),95/107
Rhyhorn,008/012
Lileep,43/100
Darkrai - DP52,DP52
Misty's Seadra (Prerelease),009/132
Dragonite VSTAR,050/078
Shelgon,45/107
Goodra,77/119
Luxray V (Full Art),168/189
Lucario,174/091
Night Stretcher,061/064
VS Seeker,109/119
M Rayquaza EX (105 Full Art),105/108
Clefable,36/115
Meditite,153/142
Metal Energy - 2005 (Takashi Yoneda),88/106
Zacian V,095/159
Dark Raichu,007/110
Dark Sandslash,18/109
Zangoose,39/95
Iris's Fighting Spirit,149/159
Metagross,11/107
Sophocles (Full Art),146/147
Ledian - 133 (Prerelease) [Staff],133
Wailord EX (147 Full Art),147/160
Pheromosa,SV5/SV94
Alph Lithograph,ONE
Yveltal ex,105/088
Kangaskhan GX - SM188 (SM Black Star Promo),SM188
Holon's Magneton,22/113
Zangoose,21/106
Metal Energy,019/111
Rayquaza VMAX (Secret),217/203
Reshiram ex,020/086
Omanyte,60/92
Dialga (6),6/127
Arboliva ex,207/182
Okidogi ex,090/064
Champions Festival - SM78 (World Championships 2017),SM78
Fire Energy (2010 Play! Pokemon),
Noivern ex,153/193
Eiscue ex (Holiday Calendar),042/197
Ultra Ball,131/132
Dragonite V (Full Art),191/203
Dawn (Regional Championship),087/094
Mewtwo V-UNION - SWSH162,SWSH162
Meloetta - XY120,XY120
Ampharos,40/124
Houndoom (Secret),179/163
Roxanne (Secret),206/189
Necrozma GX,63/147
Skeledirge,038/198
Iron Thorns - 098,098
Drednaw,039/185
Lycanroc GX - 2018 (Naohito Inoue),74/145
Tinkaton ex,262/193
Flaaffy,077/165
Holon's Castform,44/110
Potion Energy,101/110
Bibarel - SWSH188,SWSH188
Bulbasaur,45/100
Squirtle,017/025
Altaria EX,83/124
Kyurem EX - BW37,BW37
Beartic (Master Ball Pattern),026/086
Volo (Full Art),196/196
Mamoswine (Japanese 11th Movie Commemoration Set),006/009
Druddigon,17/20
Ampharos,1/115
Cramorant VMAX,055/072
Pidgey,016/165
Reshiram,017/116
Pokemon Collector - 2010 (Yuka Furusawa),97/123
Dewott,029/114
Professor Elm's Training Method - 2006 (Hiroki Yano),89/115
Crobat (Prime),84/95
Charizard,136/135
Chimecho (Delta Species),001/017
Arcanine BREAK - XY180 (XY Black Star Promos),XY180
Gloom,27/90
Koga's Ditto,010/132
Galarian Sirfetch'd,098/189
Dugtrio,019/102
Electrode GX,SV57/SV94
M Sharpedo EX - XY200,XY200
Torchic,025/160
Dark Persian,006/110
Beautifly,2/109
Arcanine,023/102
Zorua,075/064
Bronzong E4,16/111
Dark Steelix,10/109
Feebas,49/106
Moltres - SM143,SM143
Snubbull - SM200 (Detective Pikachu Stamped),SM200
Mega Zygarde ex,124/088
Guzzlord,80/131
Dudunsparce (Poke Ball Pattern),080/131
Genesect EX (Full Art),120/124
Friends in Galar,TG23/TG30
Charizard,003/034
Popplio,039/149
Pikachu VMAX (Secret),TG29/TG30
Red's Pikachu (Japanese Exclusive),270/SM-P
Cherrim,008/163
Rillaboom V (Full Art),175/192
Joltik,196/182
Mightyena,17/39
Flaaffy,28/64
Gyarados,6
Double Colorless Energy,103/123
Code Card - Greninja V-UNION Special Collection,
Kabuto [W Stamped],50/62
Delcatty,5/109
Dialga GX (Full Art),125/131
M Blaziken EX - XY86,XY86
Miracle Sphere Gamma,131/144
Pikachu (Pokemon Day 2026),051/162
Camerupt ex,92/106
Wartortle,042/100
Horsea - 2011 (Gustavo Wada),49/95
Giovanni's Nidoran M,076/132
Fairy Energy (#18),18/30
Teal Mask Ogerpon (Cosmos Holo) (EB Games Exclusive),024/167
Moltres,14/99
Volcarona V,021/203
Ponyta (Shiny),SH11
Olivia (Full Art),111/111
Simisear (Master Ball Pattern),015/086
Weavile (Team Plasma),66/116
Slugma,67/90
Hawlucha EX,64/111
Galarian Zapdos,082/203
Pidgeot (59),059/165
Gyarados,34/108
Typhlosion (18),018/111
Cloyster,32/62
Misty's Determination (Full Art),108/108
Sandshrew,092/144
Fuecoco,029/191
Watchog (Master Ball Pattern),073/086
Ethan's Typhlosion,034/182
Wally's Training,89
Manaphy,XY113
Unown (J),76/146
Rhyperior LV.X,145/146
Staryu,118/091
Dark Muk,16/109
Burmy Sandy Cloak,012/017
Raikou,028/144
Murkrow,181/091
Victory Medal - 2009-2010 (Battle Road Autumn),
Articuno (Cosmos Holo),036/195
Mewtwo EX,52/108
Venusaur,13
Marshtomp - 2004 (Reed Weichler),40/109
Ditto,XY40
Gyarados,021/098
Radiant Venusaur,004/078
Ampharos,001/017
Lt. Surge's Jolteon,028/132
Dedenne ex,239/193
Diglett,50/100
Celebi V (Full Art),160/198
Abra,063/165
Moltres,030/110
Teal Mask Ogerpon ex,177/131
Purrloin,136/086
Bombirdier ex,234/182
Swoop! Teleporter - 2005 (Michael Gonzalez),92/109
Gabite,008/017
Slowking,55/214
Brock's Onix (21),021/132
Coalossal - SWSH024 (Prerelease) [Staff],SWSH024
Slowpoke,057/142
Duraludon,SV092/SV122
Torchic (Wizard World Chicago),69/106
Gabite,048/123
Mewtwo V - SWSH223,SWSH223
Shaymin VSTAR (Secret),173/172
Pikachu,27/111
Toxel,140/091
Abomasnow,TG01/TG30
Blastoise,2/102
Mightyena,018/108
Alolan Raichu - SM72 (Prerelease),SM72
Umbreon - 059 (Cosmos Holo),059/131
Ash's Pikachu - SM112,SM112
Moltres & Zapdos & Articuno GX (Secret),69/68
Surskit,014/017
Gyarados,
Potion Energy,82/82
Machamp (51),051/165
Vaporeon (Delta Species),18/113
Code Card - Black Bolt Pokemon Center Elite Trainer Box (Exclusive),
Vaporeon,033/144
Blastoise ex - 2006 (Hiroki Yano),104/112
Flareon ex - 2006 (Jimmy Ballard),108/113
Squirtle - SWSH233,SWSH233
Charmander - 044 (Pokemon Center Exclusive),044
Buzzwole GX (Secret),115/111
Giratina,86/236
Whimsicott ex,165/086
Aipom,026/111
Alolan Golem GX,34/111
Garbodor VMAX,101/203
Code Card - Dark Powers ex Special Collection,
Blastoise GX - SM189 (Black Star Promos),SM189
Professor Turo's Scenario,177/182
Exeggutor,109/108
Rocket's Secret Experiment,120/132
Charizard GX,SV49/SV94
Popplio - SM03 (General Mills Promo),SM03
Pikachu (27),27/53
Dragonite FB - 2010 (Yuta Komatsuda),56/157
Code Card - League Battle Deck [Mew VMAX],
Black Market Prism Star,134/181
Victini VMAX (Secret),165/163
Shadow Rider Calyrex VMAX,TG18/TG30
Erika's Dratini,042/132
Litleo (Master Ball Pattern),015/131
Swablu,SV42/SV94
Marowak,7/112
Pichu,59/106
Palkia & Dialga Legends,101/102 + 102/102
Manectric,7/106
Greedent VMAX (Secret),272/264
Lugia VSTAR (Secret) (211),211/195
Chien-Pao ex,261/193
Professor Sycamore,114/114
Gigalith,53/98
Krookodile,127/124
Electrode,022/110
Hoothoot - 2025 (Yuya Okita),
Unown (S),S/28
Jolteon - BW91,BW91
Metang (Delta Species),49/113
Dancer (Full Art),259/264
Trevor (Wigglytuff),24/30
Chatot - 2008 (Jason Klaczynski),55/100
PokeDex (HANDY909),96/112
Dunsparce,60
Bulbasaur,001/108
Here Comes Team Rocket! (15),15/82
Fire Energy,116/123
Hariyama,44/113
Xatu - 059 (Prerelease),059
Farfetch'd,43/64
Garbodor (Team Plasma) (67),67/135
Torterra,009/156
Mega Latias ex,181/132
Rocket's Scizor - 4,004/009
Lillie's Clefairy ex,056/159
M Rayquaza EX (76),76/108
Pokegear 3.0,96/123
Code Card - Mysterious Powers Tin [Necrozma GX],
Mr. Mime,013/034
Mega Latias ex,100/132
Wartortle,
Poliwag,125/165
Galarian Articuno - SWSH123 (Prerelease),SWSH123
Hitmontop,240/217
Genesect - BW101,BW101
Lapras ex,99/109
Latias ex (Surging Sparks),076/191
Luxio,008/017
Deoxys Attack Forme,24/146
Lucario,014/095
Deoxys (Delta Species - Speed Forme),6/110
Gardevoir,061/198
Zamazenta VSTAR,099/159
Squirtle,170/165
Bronzor,58/102
Garchomp C LV.X,145/147
Plusle,76
Galarian Weezing,SV077/SV122
Paldean Wooper,102/094
Zebstrika,82/214
Kangaskhan (5),05/64
Scizor,33/53
Skeledirge ex,037/193
Kirlia,51/127
Zoroark - SM89,SM89
Gym Trainer (Full Art),068/072
Purrloin,009/012
Banette ex,229/198
Scizor,032/147
Wobbuffet - 2005 (Curran Hill),26/100
Blastoise,137/135
Magcargo ex,191/167
Altaria,2/97
Ivysaur,167/165
Unown (O),O/28
Togekiss (45),45/108
Ninetales EX,13/83
Heatran VMAX (Secret),191/189
Wooper,21/116
Hitmonlee (7),07/62
Swellow,46/109
Gardevoir,4/106
Ponyta,004/034
Pikachu - DP16,DP16
Dawn Wings Necrozma GX (Secret Rare),161/156
Windstorm - 2008 (Dylan Lefavour),85/100
Sylveon,040/131
Iron Treads ex,143/198
Wigglytuff,56/123
Arcanine,001/123
Blastoise,025/181
Teammates - 2017 (Naoto Suzuki),141/160
Vulpix,020/160
Manectric ex - 2006 (Jason Klaczynski),101/107
Abra,69/123
Basic Water Energy (Cracked Ice Holo),011
Delcatty ex,91/100
Lightning Energy (#6),6/30
Blastoise GX - SM189,SM189
Dark Claw,92/108
Pikachu,61/90
Origin Forme Dialga VSTAR,SWSH256
Unown (B),B/28
Pidgeotto (Delta Species),49/110
Arcanine,50
Morpeko ex,117/084
Pikachu,74/112
Shining Genesect,9/73
Naganadel GX,56/131
Serperior - 064 [Staff],064
Metal Energy (Special),080/090
Fighting Energy (Secret),169/145
Psyduck - 007,007
Swellow (Delta Species),40/101
Togekiss VMAX (Secret),191/185
Arceus LV.X - DP53,DP53
Scramble Energy - 2007 (Akira Miyazaki),89/101
Salamence GX (Secret),73/70
Virizion GX,34/214
Memory Berry,128/147
Darkness Energy (2007-2008 League Promo),
Deoxys - SM164,SM164
Ludicolo,10/107
Ultra Ball,102/108
Piloswine (24),024/144
Mightyena,66/146
Victini,26/236
Lumineon V (Full Art),155/172
Slaking,103/124
Slowbro - 083 [Staff],083
Rock Guard - 2015 (Patrick Martinez),108/116
Drampa GX,115/145
Emboar,27/113
Light Machamp,025/105
Torkoal,172/167
Popplio - 045,045
Enamorus,180/167
Kecleon,94/116
Mimikyu - 075,075
Koga's Grimer,078/132
Ampharos GX (Full Art),163/181
Beast Energy Prism Star - 2019 (Shintaro Ito),117/131
Delibird,152/132
Abra,046/144
Dragonair,042/113
Boost Energy - 2004 (Kevin Nguyen),145/147
Blanche (Secret),082/078
Rhyhorn,122
Mail from Bill,105/105
Mega Excadrill ex,103/084
Jynx,28/115
Vigoroth (#4),4/30
Crobat G - 2010 (Yuta Komatsuda),47/127
Telescopic Sight (Secret),203/185
Snorlax - SWSH032,SWSH032
Gossifleur - SWSH010 (General Mills Promo),SWSH010
Luvdisc,40/101
Vaporeon VMAX - SWSH182,SWSH182
Training Court - 2022 (Rikuto Ohashi),169/192
Dragapult V (Full Art),183/192
Moltres,146/165
Stufful,154/132
Dark Charmeleon [W Stamped],32/82
Joltik - 2025 (Liao Fu Guan),
Druddigon,151/086
Kyogre - 2023 (Shao Tong Yen),003/025
Kingler,20/106
Forretress ex,230/193
Steelix,015/111
Mega Latias ex,163/132
Raichu,21/64
Girafarig,16/92
Resistance Gym,109/132
Meloetta,077/149
Kabuto,037/144
Torchic,003/012
Mew ex - 2025 (Riley McKay),
Team Rocket's Tyranitar,096/182
Drilbur (Master Ball Pattern),045/086
Solosis,118/086
Pikachu - SM86 (Build-A-Bear Workshop Exclusive),SM86
Tinkaton ex,240/193
Pidgeot,77/106
Froakie - XY138,XY138
U-Turn Board (Secret),255/236
Sabrina's Drowzee,092/132
Gothitelle - 2013 (Ian Whiton),47/98
Lycanroc - SM118 (Prerelease) [Staff],SM118
Herdier,155/086
Raikou - HGSS19,HGSS19
Rapid Strike Urshifu V,087/163
Eevee,012/012
Pokemon Collector - 2010 (Yuta Komatsuda),97/123
Giovanni (18),018/132
Stunfisk,118/086
Klang (Master Ball Pattern),062/086
Metal Energy (#5),5/30
Mantyke,55/130
Whimsicott (12),12/98
Machamp EX,XY108
Espeon ex - 2006 (Jimmy Ballard),102/115
Raichu - DP21,DP21
Nidoqueen - 2005 (Jeremy Maron),9/112
Water Energy,165/165
Charizard Star (Delta Species),100/101
Team Magma's Groudon,9/95
Team Aqua Technical Machine 01,79/95
Max Elixir - 2018 (Pedro Eugenio Torres),102/122
Tatsugiri ex,226/191
Munna - 2013 (Ian Whiton),48/114
Prism Energy - 2014 (Haruto Kobayashi),93/99
Charmeleon,005/165
Pokegear 3.0 (Secret),233/214
Single Strike Urshifu VMAX (Secret),167/163
Misty's Starmie,056/132
Solgaleo Prism Star,89/156
Alakazam,001/130
Charmander,82/132
Stunfisk,202/191
Fighting Energy (WotC 2002 League Promo),
Rotom V (Full Art),176/196
Magikarp,203/193
Growlithe,55/92
Gloria,TG26/TG30
Jellicent ex,160/086
Fighting Energy (2010 Play! Pokemon),
Sylveon GX,92/145
Blacephalon,32/214
Gloom,036/111
Meowth - BW35,BW35
Dratini,072/110
Forretress (9),009/144
Clefable,014/034
Friends in Sinnoh,131/159
Cleffa - 037 (Prerelease) [Staff],037
Full Heal Energy,81/82
Gardevoir VMAX (Secret),76/73
Shauna,111a/124
Morpeko - SWSH116,SWSH116
Heracross,43/123
Parallel City - 2018 (Magnus Pedersen),145/162
Lillie's Clefairy ex,184/159
Charizard ex,054/091
Probopass,13/146
Volcarona - BW40 (Prerelease) [Staff],BW40
Unown [O],70/132
Victini - SM225,SM225
Regirock ex,214/182
Computer Search - 2013 (Jason Klaczynski),137/149
Houndour,60/109
Lillie's Full Force (Full Art),230/236
Gengar,70/214
Toxicroak G,40/127
Professor's Research [Professor Turo],241/198
Charizard EX (11),11/106
Brock's Geodude,068/132
Metal Energy (130) - 2008 (Tristan Robinson),130/132
Ampharos - Pikachu 28,109
Gyarados ex,109/112
Code Card - Lillie Premium Tournament Collection,
Hassel,205/167
Darkness Energy (2009 Unnumbered POP Promo),
Latios,004/017
Metagross ex,95/101
Max Potion (Secret),164/145
Erika's Invitation,196/165
Magma Basin (Secret),185/172
Espeon GX - SM35,SM35
Pineco (86),086/144
Morpeko V,037/072
Mewtwo GX (Secret),76/73
Dark Dragonair,33/82
Sandile,008/012
Rocket's Scizor ex,101/109
Tympole (Master Ball Pattern),019/086
Machamp V (Full Art),171/189
Noctowl - 141,141
Computer Search - 2013 (Ian Whiton),137/149
Dark Golbat (24),24/82
Bidoof,54/100
Ninetales,
Reshiram,28/113
Entei (15),15/98
Slowking,28/106
Volcanion Prism Star,31/131
Loudred,39/101
Vikavolt GX (Secret),152/145
Zeraora GX (Secret),221/214
Gardevoir - 2008 (Jason Klaczynski),7/132
Crobat (6),006/144
Bisharp,064/114
Vaporeon (28),28/64
Bastiodon - 085 [Staff],085
Chimchar,057/100
Alolan Ninetales (30),SM128
Palpitoad (Master Ball Pattern),020/086
Charmeleon,002/034
Meganium - 001 [Staff],001
Blastoise ex,200/165
Eevee,11/53
Venusaur,1
Wailord EX,38/160
Stantler,38/64
Ultra Ball (Secret),186/172
Rampardos,33/123
Natu,66/107
Tangrowth,29/100
Blend Energy GRPD,117/124
Victini Prism Star,7/70
Shining Lugia - SM82,SM82
Pokemon Trader,077/102
Water Energy (Secret),124/111
Magmortar,31/132
Lycanroc ex,241/193
Impidimp,SV083/SV122
Gyarados V (Full Art),171/203
Hisuian Goodra VSTAR,136/196
Cobalion EX,93/135
Gumshoos,153/132
Team Rocket's Mimikyu,238/217
Ampharos ex - 016,016
Arven,235/198
Feraligatr - 089 (Prerelease) [Staff],089
Jolteon,003/017
Pokemon Collector - 2011 (Ross Cawthon),97/123
Zapdos,29/83
Kirlia - 2025 (Riley McKay),
Alolan Raichu,57/236
Mareep,014/017
Schoolboy (Full Art),261/264
Starly,221/198
Rayquaza EX (123 Full Art),123/124
Hitmontop,8/95
Teal Mask Ogerpon ex - 166,166
Holon Energy FF,84/101
Fennekin,003/012
Latias ex - 2025 (Liao Fu Guan),
Cottonee,143/236
Surfer,187/191
Stantler,102/144
Mega Dragonite ex,271/217
Tapu Lele GX,060a/145
Brock's Grit (Full Art),107/108
Mew (55),055/165
Pikachu,002/015
Team Flare Grunt,073a/083
Wobbuffet - HGSS04,HGSS04
Leafeon GX (Secret Rare),157/156
Computer Search,137/149
Zapdos,015/062
Charizard (6),006/165
Lucky Stadium,41/53
Marill,120/165
Amaura,025/111
M Sharpedo EX - XY200a,XY200a
Arven,235/091
Eelektrik,114/086
Rayquaza C,008/147
Fighting Energy - 2015 (Alejandro Ng-Guzman),
Slaking V (Full Art),077/078
Riolu,008/017
Primeape,18/18
Gym Badge (Koga),XY207
Chi-Yu ex,259/193
Sawk,130/086
High Pressure System,85
Absol G,1
Dialga (23),23/127
Deoxys VMAX - SWSH267,SWSH267
M Metagross EX - XY35,XY35
Ditto,201/091
Roaring Moon ex,162/131
Wobbuffet (16),16/75
Aggron ex,95/100
Kingdra,TG03/TG30
Professor Sycamore - 2018 (Robin Schulz),107/122
Quagsire,26/109
Mismagius,212/193
Detective Pikachu - SM170 (Stamped),SM170
Rare Candy - 2011 (Gustavo Wada),82/95
Luxray GL Lv.X,109/111
Hisuian Sneasler V (Alternate Full Art),175/189
Rowlet,SM01
Phanpy,100/147
PokeGear,088/111
N's Resolve (Full Art),232/236
Iron Boulder (Master Ball Pattern),046/131
Wigglytuff (89),89/146
Sceptile ex (Delta Species),96/100
Masquerain,007/017
Blastoise (37),037/165
Dark Octillery,062/105
Toxtricity,068/094
Togetic (H27),H27/H32
Shadow Rider Calyrex VMAX (Secret),204/198
Hitmonchan - 2 [Winner],002/009
Sableye,23/107
Arceus (AR6),AR6
Pal Pad,182/198
Pikachu V - SWSH285,SWSH285
Bruxish - SM11 (Prerelease),SM11
Torchic,65/100
Dodrio,26/106
Lightning Energy,108/110
Absol,GG16/GG70
Excadrill EX,82/113
Crabominable - SM47 (Prerelease),SM47
Switch - 2015 (Alejandro Ng-Guzman),91/104
Sentret,016/017
Code Card - Paradox Rift Pokemon Center Elite Trainer Box (Exclusive) [Roaring Moon],
Gardevoir V - SWSH105,SWSH105
Emboar (19),19/114
Drayton,232/191
Arceus (AR1),AR1
Milotic C,035/147
Gardenia's Vigor (Secret),202/189
Falinks V,SV115/SV122
Capture Energy (Secret),201/189
Beedrill (13) - 2009 (Stephen Silvestro),13/106
Meowth VMAX - SWSH005,SWSH005
Boss's Orders,154/192
Dragonair,181/165
Zacian,139/192
Eevee,38/75
Tangrowth,10/106
Budew,43/130
Poipole,SV19/SV94
Eevee,101a/149
Karrablast,094/086
Machamp - XY13 (Prerelease),XY13
Zekrom EX,52/113
Unown [G] - 2009 (Tsubasa Nakamura),57/106
Marnie - 2022 (Sebastian Lashmet),
Sabrina's Alakazam,016/132
Wooper,082/111
Dark Exeggcutor,033/105
Kyurem EX,44/113
Minun,40/108
Pokemon Collector (#27),27/30
Chien-Pao ex,274/193
Tate & Liza,148a/168
Meganium (53),053/165
Ho-Oh ex,104/115
Gastly,52/92
M Charizard EX (X),69/106
Flying Pikachu VMAX - 2022 (Ondrej Skubal),007/025
Team Rocket's Mewtwo ex,240/182
Hydreigon EX (103 Full Art),103/108
Jirachi - XY67a,XY67a
Groudon Star,111/113
Dragonite GX - SM156,SM156
Regieleki VMAX (Secret),198/195
Squirtle,83/112
Rayquaza V (Alternate Full Art),194/203
Golem,148/144
Blissey,006/147
Morpeko - SWSH012 (General Mills Promo),SWSH012
Water Energy,111/111
Wooper,88/123
Trapinch,78/97
Shauna - 2014 (Michikazu Tsuda),127/146
Crushing Hammer,105/084
Deoxys Speed Forme,26/146
Code Card - Lost Origin Pokemon Center Elite Trainer Box (Exclusive),
Team Magma's Houndour,35/95
Noctowl - 2025 (Yuya Okita),
Smeargle,32/53
Zebstrika,082/214
Scolipede,134/086
Unown [Q] - 2010 (Yuka Furusawa),49/100
Dual Ball,139/165
Team Magma's Mightyena,19/34
Rowlet,009/149
Wimpod,SV4/SV94
Torchic Star,108/109
Smoochum,31/115
Snivy,087/086
Wooper,25/70
Magcargo GX - 2019 (Henry Brand),44/214
Pikachu (Delta Species) - 035 (Value Pack),035
Squirtle - 2006 (Hiroki Yano),83/112
Black Kyurem - BW58,BW58
Ultra Ball - 2018 (Magnus Pedersen),68/73
Naganadel GX - 2019 (Shintaro Ito),160/236
Sylveon (Poke Ball Pattern),040/131
Dragapult ex,165/131
Donphan,021/111
Gyarados Star (Delta Species),102/110
Xatu,55/100
Victini,171/086
Clefairy,83/132
Happiny,052/123
Giratina EX - 2016 (Shunto Sadahiro),57/98
Munkidori ex,037/064
Corviknight V,109/163
Quaquaval ex,273/193
Cinnabar City Gym,113/132
Ampharos V (Full Art),171/185
Hitmonchan,081/147
Snorlax - SWSH119,SWSH119
Holon Mentor,75/101
Silicobra,SV070/SV122
Donphan - SWSH067 (Prerelease),SWSH067
Psyduck,16/122
Lt. Surge's Rattata,015/034
Gyarados,019/100
Tentacool,113/147
Wigglytuff,079/099
Shroomish,RC2/RC32
Vespiquen,39/130
Jynx (Delta Species),17/101
Colress - 2015 (Patrick Martinez),118/135
Copycat - 2011 (Gustavo Wada),77/95
Articuno - 2015 (Jacob Van Wagner),17/108
Rowlet - SM01,SM01
Heatran LV.X - DP31,DP31
Hyper Devolution Spray,73/75
Exeggutor,039/130
Metagross VMAX,113/198
Gardevoir ex,217/091
Rainbow Energy,121/127
Banette ex,088/198
Kyogre,053/236
Thunder Mountain Prism Star,191/214
Iono - 185/193 - 2024 (Fernando Cifuentes),185/193
Boltund V,TG13/TG30
Golduck BREAK,18/122
Alakazam - 009 (Pokemon Center Exclusive),009
Drampa GX (Secret),160/145
Cleffa - 2011 (David Cohen),17/123
Mega Audino ex,172/217
Shieldon (Japanese 11th Movie Commemoration Set),007/009
Incineroar GX,27/149
Roggenrola,049/098
Typhlosion (65),065/165
Pidgeot ex,225/197
Ivysaur,030/102
Metagross,7
Mawile EX,XY103
Growlithe,042/130
Weedle (114),114/144
Alolan Vulpix - 2017 (Diego Cassiraga),21/145
Jolteon VMAX - SWSH184,SWSH184
Slowpoke,55/62
Lucario & Melmetal GX,120/214
Blissey,82/108
Swampert,35/168
Ampharos,23/95
Cyllene (Secret),201/189
Frosmoth (Secret),204/192
Geodude,043/083
Buzzwole GX,SV68/SV94
Froslass ex,217/182
Copperajah V,136/192
Lure Module (Secret),088/078
Pikachu,RC7/RC25
Swampert,12
Lysandre's Trump Card (118 Full Art),118/119
Exeggutor,5/116
Terrakion - BW71,BW71
Zeraora,078/182
Code Card - Next Destinies Booster Pack,
Yveltal (EB Games),088/132
Salamence GX - SM139,SM139
Cubone,072/147
Aron,56/100
Kingdra (Delta Species),10/110
Shaymin - 2012 (Zachary Bokhari),8/95
Slowbro,52/123
Rhydon,035/110
Cramorant,050/196
Vaporeon,42/236
Team Aqua's Mightyena,30/95
Double Rainbow Energy,88/95
Yamask (Master Ball Pattern),039/086
Rowlet,090/088
Simisage (Master Ball Pattern),005/086
Duraludon VMAX,123/203
Arctibax - 064,064
Mawile,246/217
Startling Megaphone - 2014 (Trent Orndorff),97/106
Fighting Energy,108/108
Fennekin,XY02
Venomoth (29),29/64
Leon (Secret),195/185
Basic Darkness Energy - MEE 007 (Cosmos Holo),007
Skarmory,26/107
Stonjourner,111/192
Drilbur,124/086
Ancient Tomb - 2004 (Kevin Nguyen),87/101
Leafeon GX - SM146,SM146
Ancient Technical Machine [Rock] - 2006 (Jimmy Ballard),85/101
Toxtricity - 017 [Staff],017
Eternatus VMAX,TG22/TG30
Raichu 026/165 (Cosmos Holo),026/165
Double Rainbow Energy - 2005 (Jeremy Maron),87/106
Celebi & Venusaur GX (Secret),182/181
Drakloak,129/167
Chien-Pao - 152 (Staff),152
Walrein ex,99/108
Lunatone,32
Flaaffy,TG03/TG30
Geodude,44/64
Jirachi ex,94/100
Misty (18),018/132
Pikachu V,043/185
Slowking,034/147
Chinchou (70),070/147
Victory Medal - 2010-2011 (Battle Road Spring),
Umbreon,060/108
Code Card - Blastoise GX Premium Collection,
Silvally GX,116/156
Seer,133/147
Eevee,69/113
Wurmple,103/127
Mewtwo EX (164 Secret Full Art),164/162
Gravity Mountain,250/191
Alolan Meowth - SM51,SM51
Champions Festival - SM231 (World Championships 2019),SM231
Teal Mask Ogerpon ex,025/167
Tapu Bulu GX - SM32,SM32
Wo-Chien ex,257/193
Kabutops,027/110
Decidueye,SV003/SV122
Palkia & Dialga Legend (Bottom),102/102
Magnezone - DP32,DP32
Mimikyu GX (Full Art),206/214
Chimchar,012/017
Sudowoodo,15/115
Ampharos,001/147
Cosmog,99/236
Pikachu - 027 (Pokemon Center Exclusive),027
Primeape,51/111
Energy Root - 2006 (Miska Saari),83/115
Wobbuffet,41/130
Hydreigon,74/119
Charmander,009/108
Cynthia's Feelings,131/146
Bulbasaur - 046 (Cosmos Holo),046
Doublade,098/088
Water Energy,090/095
Scyther,29/112
Code Card - XY Evolutions Elite Trainer Box [Mega Charizard Y],
Fezandipiti (Master Ball Pattern),045/131
Floette,102/162
Bird Keeper (Full Art),066/072
Dark Machamp (27),27/82
Galarian Perrserker (Secret),205/192
Forretress,28/146
Grass Energy (2011 Play! Pokemon),
Yveltal GX (Full Art),124/131
Manectric,38/107
Vaporeon ex,110/113
Klinklang,76/98
Drifblim FB,3
Galarian Obstagoon,SV080/SV122
Greninja ex,041/142
Spoink,74/97
Latias (#30 Holo),30/30
Slurpuff - XY15,XY15
Passimian - SM12 (Prerelease),SM12
Nidoking,011/102
Korrina - 2015 (Rowan Stavenow),95/111
Jolteon - 169 (Cosmos Holo),169
VS Seeker (CLC),031/034
Dragonite VSTAR (Secret),081/078
Garchomp,005/147
Blaziken V (Full Art),161/198
Farfetch'd,23/112
Reshiram GX,11/70
Iron Bundle - 058 (Prerelease),058
Raichu & Alolan Raichu GX - 2019 (Haruki Miyamoto),54/236
Cinccino,105/113
Acerola - 2017 (Diego Cassiraga),112/147
Torchic,RC5/RC25
Stakataka GX,SV74/SV94
Cyrus's Conspiracy,105/127
Lurantis ex,096/084
Suicune - HGSS21,HGSS21
Flygon,76/111
Super Energy Removal,079/102
Floette,RC18/RC32
Scizor ex,108/115
Acerola - 2017 (Naoto Suzuki),112/147
Greninja V,073/264
Leafeon (7),7/100
Torchic - 017 (EX Deck Tin),017
Ting-Lu ex,244/091
Sneasel,110/147
Battle Cage,116/094
Hoopa GX (Secret),187/181
Ethan's Ho-Oh ex,209/182
Pikachu [W Stamped],60/64
Skeledirge ex,272/193
Gyarados,8/107
Dark Blastoise,S2/S4
Growlithe (80),080/147
Pawmi,142/091
Togepi,009/012
Wo-Chien ex,232/193
Sceptile,010/168
Celio's Network - 2005 (Takashi Yoneda),88/112
Flareon - BW88,BW88
Miraidon - 013,013
Counter Catcher,091/111
Joltik (42),42/108
Hitmonchan - HGSS24,HGSS24
Mega Zygarde ex,104/088
Vileplume,3/149
Raichu,13/95
Hisuian Arcanine V,090/195
Code Card - Energy Cards Prerelease Box (Sun & Moon Energies),
Giratina EX,57/98
Umbreon (Master Ball Pattern),059/131
Rocket's Hitmonchan - 9 [Winner],009/009
Rocket's Admin.,86/109
Salamence ex,187/159
M Charizard EX,12/83
Code Card - Red & Blue Collection [Blastoise EX],
Professor Oak's Setup (Full Art),233/236
Poochyena,65/109
Traveling Salesman,137/147
Mega Clefable ex,103/088
Rapidash,8/102
Blue's Tactics (Full Art),231/236
Float Stone - 2018 (Pedro Eugenio Torres),137/162
Vullaby,144/086
Bloodmoon Ursaluna (Master Ball Pattern),054/131
Lilligant (Master Ball Pattern),007/086
Raichu,12/108
Hawlucha,175/091
Flygon,015/097
Team Magma's Claydol - 2004 (Tsuguyoshi Yamato),8/95
Gallade,82/236
Haunter,080/165
Roserade,17/132
Opal (Secret),197/185
Radiant Greninja - 2024 (Sakuya O.),046/189
Inteleon VMAX,079/264
Crispin,133/142
Bulbasaur,044/102
Golduck - 008,008
Cyclone Energy,90/108
Darkrai (3),3/106
Cleffa,20/111
Entei - SM219 (Prerelease),SM219
Pokemon Fan Club (Full Art),155/156
Ho-Oh BREAK,XY154
Terapagos ex,180/131
Gengar,60/162
Metal Energy (2011 Pokemon League),
Wartortle,15/18
Lucario V - SWSH213,SWSH213
Mr. Mime,37
Darumaka (Master Ball Pattern),013/086
Xerosic's Machinations,089/064
Mankey,38/112
Dragapult ex - 130/167 - 2024 (Evan Pavelski),130/167
Skarmory,097/144
Fighting Fury Belt - 2018 (Naohito Inoue),99/122
N's Zoroark ex,098/159
Ultra Necrozma GX - SM126,SM126
Rhyperior,10
Lucario LV.X - DP12,DP12
Gulpin,62/101
Kyogre,46/168
Swadloon (Master Ball Pattern),002/086
Zacian,045/094
Fire Energy (Prize Pack Series 3) (Cosmos Holo),
Braviary,88/98
Light Machoke,049/105
Medicham V,083/203
Kyogre,032/146
Koraidon - 014 (Pokemon Center Exclusive),014
Axew - BW16,BW16
Wooper (117),117/147
Moltres,038/214
Big Charm (Secret),206/192
Darkrai,105/189
Gyarados,31/113
Voltorb,113/144
Wash Rotom - SM94 (Prerelease),SM94
Scizor (H21),H21/H32
Scott - 2005 (Curran Hill),84/106
Eevee (Poke Ball Pattern),074/131
Darkrai EX,88/113
Misty's Shellder,089/132
Snorlax (81),81/111
Shining Mew,40/73
Typhlosion (Delta Species),12/101
Trubbish,53/124
Starmie V,TG13/TG30
Fezandipiti ex,038/064
Bronzong G - 2009 (Tsubasa Nakamura),41/127
Bellossom,005/147
Unown [G] - 2009 (Stephen Silvestro),57/106
Mega Feraligatr ex,043/217
Boss's Orders [Lysandre],058/072
Magneton,009/102
Golisopod GX - SM62,SM62
Lycanroc GX (Secret),156/145
Haunter  - 027,027
Magikarp & Wailord GX - SM166,SM166
Mewtwo (Movie Promo),03/53
Zapdos ex,145/165
Darkness Energy (Secret),168/147
Gardevoir,RC10/RC25
Unit Energy GRW (Secret Rare),170/156
Dark Porygon2,008/105
Magmar,44/53
Croconaw,38/123
Ludicolo,034/203
Gengar,011/110
N's Zekrom - 031,031
M Mewtwo EX (64),64/162
Skarmory (27),027/165
Teal Mask Ogerpon - 123 (Pokemon Center Exclusive),123
Warp Energy - 2004 (Chris Fulop),147/147
Vaporeon,19/115
Junk Arm - 2011 (David Cohen),87/102
Espeon - BW92,BW92
Lapras ex,158/142
Cobalion (Master Ball Pattern),066/086
Rain Castform,26/113
Wyrdeer - SWSH206,SWSH206
Roserade,13/130
Grass Energy (2004-2005),104/109
Goldeen (Master Ball Pattern),020/131
Pawmot - 006 (Prerelease) [Staff],006
Mew ex - 2007 (Tom Roos),88/92
Dark Electrode,4/109
Mewtwo EX (Full Art),103/108
Flygon,101/094
Iris (101 Full Art),101/101
Eevee V - SWSH065,SWSH065
Raichu,41/147
Nidoking,6/102
Parasect,38
Lucario V,078/189
Sigilyph,66/113
Rockruff - 2018 (Naohito Inoue),75/131
Grass Energy (2007-2008 League Promo),
Unown [Z],72/132
Fairy Energy (#9),9/30
Flareon (8),008/144
Giratina (10),10/127
Desert Shaman - 2004 (Kevin Nguyen),123/144
Tornadus VMAX,125/198
Ampharos (34),034/165
Hustle Belt (Secret),179/168
Dudunsparce,229/193
Illumise,32/106
Rayquaza V,100/159
Alakazam Star,99/100
Kabutops (H13),H13/H32
Enhanced Hammer,224/167
Pokemon Center,114/130
Shaymin - 2012 (Igor Costa),8/95
Rayquaza EX - XY66,XY66
Lotad (Shiny),SH4
Tentacool,56/62
Lucario - SM54,SM54
Garbodor V (Full Art),190/203
Weezing,24/109
Azumarill,103/160
Cacturne,2/100
Greninja BREAK,41/122
Super Scoop Up,151/165
Magikarp,65/109
Pokegear 3.0,182b/214
Espeon,18/100
Gardevoir (Delta Species),6/113
Wondrous Patch,117/088
Gardevoir,141/214
Cinccino - SWSH009 (Prerelease) [Staff],SWSH009
Gyarados,7/95
Wyrdeer,TG06/TG30
Counter Gain (Secret),230/214
Spiritomb,32/99
Makuhita,55/90
Weezing (70),070/165
Snorlax - 051 (Pokemon Center Exclusive),051
Quaquaval ex,235/193
Double Rainbow Energy - 2005 (Michael Gonzalez),87/106
Seviper,23/108
Gligar,067/105
Empoleon LV.X - DP11,DP11
Rapidash,005/034
Marshadow GX,080/147
Bulbasaur - SM198 (Detective Pikachu Stamped),SM198
Holon Mentor - 2007 (Jun Hasebe),75/101
Kakuna,41/75
Karrablast,008/101
Lt. Surge's Magnemite (50),050/132
Florges EX,67/119
Starmie V,030/189
Electrocharger (Secret),193/181
Venusaur,018/130
Kabuto,51/108
Fearow,XY57
Anthea & Concordia,254/217
Hydrapple ex,167/142
Giratina V,130/196
TV Reporter - 2006 (Jason Klaczynski),11/17
Beheeyem,56/101
Lurantis GX (Full Art),138/149
Wugtrio ex,190/162
Code Card - Trainer's Tool Kit (2022),
Fighting Cube 01,121/147
Rayquaza EX,85/124
Copperajah V - SWSH030,SWSH030
Armaldo,3/108
Dratini,91/146
Quaquaval ex - 084,084
Charmeleon,28/108
Pokemon March,102/111
Unown [K],58/64
Shroodle,149/132
Kabuto,39/100
Erika's Weepinbell (49),049/132
Raichu,33/90
Darkness Energy (2007 Unnumbered D/P Style Non-Holo),
Nidoking,34/132
Gladion,095/111
Kingdra,84/116
Virizion EX,9/101
Eternatus V,116/189
Baltoy,32/100
Altaria GX,SV77/SV94
Snorunt,44/97
Flapple VMAX,019/163
Growing Grass Energy,086/088
Tyrogue,33/123
Professor Elm's Training Method - 2007 (Jeremy Scharff-Kim),79/101
Magnemite - 2004 (Reed Weichler),63/97
Litten - SM23,SM23
Mr. Mime - 2013 (Jason Klaczynski),47/116
Altaria,1/107
Mega Meganium ex,272/217
Windstorm,85/100
Sandy Shocks ex,228/182
Wynaut,71/92
Magmar,040/111
Beedrill EX - XY157,XY157
Moonlight Stadium - 2009 (Tsubasa Nakamura),100/106
Maximum Belt,154/162
Meganium (10),010/111
Oricorio GX (Secret),255/236
Brock's Geodude (38),038/132
Hoopa,111/189
Sawsbuck (Master Ball Pattern),007/086
Heliolisk,037/106
Furfrou (33),33/39
Double Rainbow Energy - 2008 (Jason Klaczynski),88/100
Slakoth,45/109
Mimikyu,097/193
Charizard,001/015
Raikou - SM150 (Prerelease),SM150
Persian GX,149/214
Scream Tail - 2025 (Riley McKay),
Banette,4/108
Mewtwo (14),14/53
Karate Belt (Secret),252/236
M Charizard EX (Y) (Secret),107/106
Swampert,11/106
Zekrom EX - BW38,BW38
Scizor EX,076/122
Pansear,099/086
Kyogre (Shiny),SL6
Electabuzz,35/100
Basic Darkness Energy,098/064
Philippe,110/086
Honchkrow LV.X,132/132
Uxie LV.X,146/146
Talonflame,091/088
Centiskorch VMAX,034/189
Greninja V-UNION,
Chespin,002/012
Super Rod,103/111
Sandslash,21/100
Charmander,018a/147
Pow! Hand Extension - 2005 (Curran Hill),85/109
Magikarp,050/130
Onix GX,36/68
Serperior VSTAR (Secret),196/195
Vigoroth,47/109
Lugia V,138/195
Cofagrigus (46),46/101
M Houndoom EX,22/162
Nemona,238/091
Forest Guardian,123/147
Giratina (Team Plasma),BW74
Duskull,GG28/GG70
Diancie,SV36/SV94
Pikachu ex,063/193
Croconaw (31),031/111
Espeon & Deoxys GX - 2019 (Henry Brand),72/236
M Lucario EX,055a/111
Radiant Greninja - 2023 (Shao Tong Yen),046/189
Piplup (71),71/100
Detective Pikachu - SM194,SM194
Charizard (39),039/165
Tyrogue,36/95
Magearna - XY165,XY165
Oddish - 2004 (Chris Fulop),68/101
Palkia,11/130
Virbank City Gym,126/135
Mewtwo,51/108
Riolu - 010 (Pokemon Center Exclusive),010
Jirachi,31/146
Sigilyph,118/116
Wigglytuff,135/214
Impostor Professor Oak,073/102
Cynthia's Garchomp ex,204
Malamar,051/113
Phione,175/167
Sylveon EX,RC21/RC32
N - 2016 (Shintaro Ito),105/124
Dragonair,82/116
Gouging Fire ex,204/162
Banette,234/217
Steven's Advice - 2004 (Kevin Nguyen),92/101
Staryu,84/123
Dratini (1),1/20
Snubbull,090/149
Vibrava,24/101
Psyduck,40/236
Bellossom,1/90
Cyndaquil,057/111
Holon's Magneton - 2006 (Jason Klaczynski),22/113
Dark Slowking,020/105
Tropical Beach - 2013 (Ian Whiton),BW50
Blitzle,006/012
Eevee - SWSH127,SWSH127
Brock's Vulpix,037/132
Professor Sada's Vitality,170/182
Energy Search Pro,176/191
Masquerain,39/107
Dialga,1/130
Frosmoth - SWSH007 (Prerelease),SWSH007
Decidueye - SWSH035 (Prerelease) [Staff],SWSH035
Mega Emboar ex,273/217
Dragonite (Cosmo Holo),52/108
Team Aqua's Cacnea,024/095
Potion (#25 - Bisharp),25/30
Grimer,56/109
Gengar,085/202
Eevee,55/82
Net Ball (Pokemon League),187a/214
Mudkip,059/109
Chandelure,43/119
Mewtwo VSTAR,GG44/GG70
Silvally GX,090/111
Feraligatr - 213 (Illustration Contest 2024),213
Revavroom,193/091
Aggron EX,93/160
Crobat V - 2022 (Ondrej Skubal),104/189
Oddish (112),112/146
Kyogre EX (104 Full Art),104/108
Electrode (Prime),93/102
Xatu (35),035/144
Dudunsparce (Master Ball Pattern),080/131
Colress - 2014 (Andrew Estrada),118/135
Pikachu,004/012
Suicune,53/53
Unown (M),M/28
Sunkern,083/105
Dugtrio,5/100
Code Card - Obsidian Flames Pokemon Center Elite Trainer Box (Exclusive),
Bewear,079/064
Rose (Full Art),189/189
Dialga G LV.X - 2009 (Tsubasa Nakamura),122/127
Dragonite V - SWSH235,SWSH235
Ice Rider Calyrex VMAX (Secret),TG29/TG30
Unown (P),P/28
Iron Thorns ex,077/167
Miltank,55/132
Bunnelby - 2015 (Alejandro Ng-Guzman),121/160
Deerling,091/086
Mew,GG10/GG70
Terapagos ex,170/142
Roseanne's Research - 2010 (Yuta Komatsuda),125/132
Grovyle,32/109
Giratina VSTAR (201) (Secret),201/196
Raikou EX - 2013 (Clement Lamberton),38/108
Skitty,28/39
Dark Venusaur - 7,007/009
Charizard GX - SM60,SM60
Gladion's Final Battle,108/084
Charjabug,169/162
Houndour,066/144
Hydreigon - SWSH037 (Prerelease),SWSH037
Shiftry,14/130
Klinklang,76/114
Lugia - SWSH069 (Prerelease) [Staff],SWSH069
Pokemon Communication,98/123
Nihilego GX,SV62/SV94
Brock's Sandshrew (72),072/132
Ho-oh (7),07/64
Chimecho,21
Lillipup - BW52,BW52
Dual Ball - 2012 (Shuto Itagaki),78/95
Dawn Wings Necrozma GX - SM101,SM101
Pow! Hand Extension - 2006 (Jason Klaczynski),85/109
Dendra,250/193
Tauros,065/110
Hypno,19/106
Darkrai (4),4/106
Cynthia - 2019 (Haruki Miyamoto),119/156
Tapu Koko Prism Star,51/181
Enriching Energy,191/191
Victory Cup - BW29 (Battle Road Spring 2012) [3rd Place],BW29
Pheromosa,11/131
Slowking ex,086/193
Blaziken,17/108
Happiny,161/214
Hitmonchan,62/108
Espeon,002/090
Lanette's Net Search,87/100
Mega Abomasnow ex,036/132
Junk Arm - 2011 (Gustavo Wada),87/102
Toxapex GX (Secret),154/145
Gyarados,033/147
Shiftry GX (Full Art),152/168
Drifblim - BW64,BW64
Delcatty,29/109
Misty's Favor (Full Art),235/236
Gengar,38/111
Torchic,89/106
Team Magma's Secret Base,32/34
Yanma,116/144
Lt. Surge's Fearow,007/132
Lopunny,009/017
Professor's Research [Professor Birch] - 221,221
Golem,19/99
Energy Switch,82/109
Greninja ex - 132,132
Weedle,001/012
Multi Energy,93/100
Torchic - 008 (e-League),008
Zamazenta V (Full Art),163/172
Hoppip,55/75
Timburr,62/101
Grass Energy (2017 Unnumbered) (Wave Foil),
Pikachu & Zekrom GX (Full Art),162/181
Rhyhorn,61/64
Azelf - XY142,XY142
Blaine's Growlithe (35),035/132
Clawitzer - XY146 (Prerelease) [Staff],XY146
Scizor,007/012
Blaziken,001/106
Spinarak (Peelable Ditto),006/078
Blissey,102/145
Cherrim,14/100
Forretress,6/115
Ninetales,21/160
Toxtricity,GG09/GG70
Flygon ex,222/191
Espeon EX,52/122
Typhlosion,35/95
Hydreigon ex,240/191
Sylveon GX,SV76/SV94
Galarian Stunfisk V (Full Art),184/189
Drifblim - 135 (Prerelease) [Staff],135
Grimsley (Full Art),234/236
Vaporeon,006/017
Channeler (Full Art),232/236
Okidogi ex,082/064
Bronzong - XY21 (Prerelease) [Staff],XY21
Unown [A],65/130
Cottonee (Master Ball Pattern),004/086
Basic Fire Energy - MEE 002 (Cosmos Holo),002
M Rayquaza EX (Shiny Full Art),98/98
Jumpluff,09/64
Pokemon Nurse - 2004 (Chris Fulop),145/165
Hop's Zacian ex,186/159
Mega Mawile ex,162/132
Charmeleon,035/130
Maushold,226/193
Virizion,15/113
Minun,32/132
Chandelure,50/114
Fighting Energy - 2007 (Jeremy Scharff-Kim),
Hypnotoxic Laser - 2013 (Yugo Sato),123/135
Haunter,046/110
Hariyama ex,100/107
Weezing - XY163,XY163
Slither Wing,107/182
Naganadel GX - SM125,SM125
Blissey,153/214
Pikachu,070/100
Ralts,015/017
Ducklett - BW17,BW17
Latios (#30 Holo),30/30
Canari,291/217
N's Zoroark ex,189/159
Iscan (Secret),207/196
Dangerous Drill (Secret),192/181
Mewtwo GX (Secret Shining),78/73
Raikou (22),22/64
Magcargo - 2005 (Michael Gonzalez),20/107
Shaymin V,013/172
Pikachu - SM04 (Target Non-Holo),SM04
Mega Charizard Y ex - 030,030
Scyther,055/105
Diglett,61/112
Fan Rotom,RT1
Pikachu,115/114
Code Card - Primarina GX Premium Collection,
Hisuian Samurott - SWSH207,SWSH207
Gardevoir ex,96/100
Victini,172/086
Hoopa EX - 2016 (Shintaro Ito),36/98
Victini Prism Star - 2019 (Kaya Lichtleitner),7/70
Dragapult (Prime) - SWSH132,SWSH132
Salamence VMAX (Secret),194/189
Tyranitar (29),029/165
Froslass,2/99
Fog Crystal (Secret),227/198
Steelix,093/132
Bibarel,GG25/GG70
Darkrai VSTAR,GG50/GG70
Spheal,74/101
Chespin (Collector Chest),XY88
Dedenne ex,093/193
Gengar GL,40/111
Korrina (111 Full Art),111/111
Girafarig,058/144
Jirachi,42/108
Dragonite V - 2023 (Shao Tong Yen),154
Pidgeot (8),08/64
Arceus (AR7),AR7
Dark Pupitar,038/105
Sharpedo,38/108
Pikachu,54/214
M Diancie EX - XY44,XY44
Scott - 2006 (Jason Klaczynski),84/106
Oricorio - SWSH168 (Prerelease),SWSH168
Parasect,055/130
Joltik,150/142
Gardevoir EX (Secret),116/114
Ambipom,107/094
Mr. Mime ex,111/112
Lugia ex,082/131
Bloodmoon Ursaluna ex,222/167
Quagsire,44/115
Tyranitar (Prerelease),XY130
Fire Energy,107/111
Mew V (Full Art),250/264
Quilladin,13/146
Mew (Secret),025/025
Copycat - 2008 (Dylan Lefavour),73/101
Cacturne,027/108
Malamar,SV18/SV94
Rocket's Zapdos ex,106/109
Mothim,33/132
Torterra ex,185/162
Rocket's Sneak Attack (72),72/82
Pikachu ex,057/217
Vaporeon,022/098
Grovyle,28/106
Kingler V,028/172
Aegislash ex,230/182
Armarouge ex - 125,125
Morpeko - SWSH012,SWSH012
Dratini,62/102
Rayquaza V - SWSH147,SWSH147
Bagon,58/113
Cyrano,230/191
Treecko - 003 (e-League),003
Stoutland,83/114
Frost Rotom,RT2
Eviolite - 2012 (Zachary Bokhari),91/101
Sobble on the Ball,005/005
N's Zekrom - 031 (Pokemon Center Exclusive),031
Plusle,28/100
Ducklett (Master Ball Pattern),025/086
Powerglass,063/064
Scyther,46/115
Professor's Research [Professor Turo],190/198
Milotic,23/106
Melmetal ex - 104,104
Charizard,1/99
Cynthia's Guidance,136/147
Ancient Technical Machine [Rock],85/101
Grass Energy (WotC 2002 League Promo),
Acro Bike - 2018 (Pedro Eugenio Torres),123/168
Bellossom,3/115
Espeon (1),01/75
Alolan Exeggutor,002a/131
Zeraora V (Full Art),165/198
Thundurus EX,26/108
Stakataka GX (Secret),176/168
Celesteela - SM131 (Prerelease) [Staff],SM131
Team Rocket's Mewtwo ex,079/217
Tapu Koko - SM30a,SM30a
Cofagrigus,052/108
Virbank City Gym - 2015 (Patrick Martinez),126/135
Armarouge (What's Your Favorite Stamp),012/084
N (Supporter),105a/124
Heracross,041/105
Chili & Cilan & Cress (Secret),273/264
Super Scoop Up,083/095
Eiscue ex,210/197
Unown [G] - 2010 (Michael Pramawat),57/106
Psychic Energy - 2007 (Tom Roos),
Arcanine,22/149
Fire Energy (2009 Unnumbered POP Promo),
Vileplume ex,100/101
Ortega,219/197
Coalossal,SV069/SV122
Tyranitar (66),066/165
Marshtomp,41/109
Keldeo - XY191,XY191
Kabutops (24),24/62
Snorlax,118/162
Galarian Darmanitan VMAX (Secret),187/185
Giratina V (Full Art),185/196
Shaymin,33/214
Electabuzz - 1 [Winner],001/009
Jirachi,7/111
Tangrowth,6/149
Bloodmoon Ursaluna ex - 177,177
Fighting Energy - 2009 (David Cohen),
Dartrix,SV3/SV94
Chimecho (Delta Species),37/110
Beautifly,19/130
Skiploom,060/147
Torchic -  056,056
N - 2017 (Zachary Bokhari),105/124
Tropical Beach - 2014 (Trent Orndorff),BW50
Jolteon,45/95
Latias ex - 2025 (Yuya Okita),
Salandit (Ash vs Team Rocket Deck Kit),009/026
VS Seeker - 2017 (Diego Cassiraga),109/119
Mewtwo & Mew GX - 2019 (Henry Brand),71/236
Flygon,110/160
Silvally GX (Secret),119/111
Yanmega BREAK,8/114
Clefable,22/130
Psychic Energy - 2010 (Michael Pramawat),
Starmie,15/113
Glaceon - SM238,SM238
Lunala Prism Star,62/156
Sandaconda,SV071/SV122
Mewtwo,53/113
Code Card - Team Up Build & Battle Box,
Lightning Energy,126/130
Radiant Charizard,011/078
Krookodile (Team Plasma),70/116
Venusaur V,01/73
Pikachu V (Full Art),157/172
Pachirisu,80/214
Squirtle,29/149
Ludicolo (Alpha),37/160
Eevee,55/115
Articuno ex - 032 (EX Collector's Window Tins),032
Aroma Lady (Full Art),199/203
Hoppip (67) - 2010 (Yuka Furusawa),67/123
Welder (Full Art),214/214
Electivire,054/149
Hisuian Samurott V (Full Art),176/189
Wally,RC27/RC32
Charizard - SWSH066 (Prerelease) [Staff],SWSH066
Bellsprout,85/146
Larvesta (Master Ball Pattern),015/086
Vileplume (69),069/165
"Flareon - SM186 (Let's Play, Eevee!)",SM186
Rocket's Admin. - 2006 (Hiroki Yano),86/109
Darkness Energy,129/130
Moltres (Cosmos Holo),021/172
Victreebel,032/130
Single Strike Urshifu V (Alternate Full Art),151/163
Persian,078/064
Yveltal (Mega Evolution Stamped),088/132
PlusPower,084/102
Eevee - 043,043
Blastoise,16/101
Charizard VMAX - SWSH261,SWSH261
Minun,34/95
Water Energy (#11),11/30
Snover,100/091
Zygarde - SM15,SM15
Exeggutor (Delta Species),41/110
Alolan Ninetales,28/147
Celesteela GX,163/214
Golurk (Master Ball Pattern),043/086
Paldean Clodsire ex,219/091
Crobat (147),147/144
Greninja BREAK - 2016 (Cody Walinski),41/122
Feraligatr,17/119
Infernape,023/156
Mimikyu -160/091,160/091
Pidgeot,30/95
Munchlax,33/130
Seaking,43
Salazzle GX - SM63,SM63
Giovanni's Charisma,204/165
Entei GX (Full Art),71/73
Fletchling,1/30
M Camerupt EX - XY198,XY198
Malamar,051/131
Kleavor VSTAR (Secret),196/189
Gyarados,020/098
Pikachu (Red Cheeks),058/102
Schoolgirl (Secret),277/264
Double Rainbow Energy - 2008 (Dylan Lefavour),88/100
Amaura,27/131
Espeon & Deoxys GX - SM240,SM240
Radiant Eternatus,105/159
Ledyba,071/105
Meganium (Prime),109/123
Shauna (Full Art),263/264
Pidgeotto,028/130
Darkness Energy (Special),94/110
Palafin - 036 (Prerelease),036
Pichu (58),058/165
Venusaur,13/53
Pidgeot ex,164/197
Reuniclus - 212,212
Rocket's Sneak Attack (16),16/82
Boost Shake (Secret),229/203
Erika's Venusaur,004/132
Vanilluxe,113/086
Dragonite FB,56
Omastar,23/99
Marshadow GX (Full Art),137/147
Sawk (Master Ball Pattern),049/086
Pinsir (9),09/64
Cleffa,048/144
Suicune - SM149 (Prerelease) [Staff],SM149
Slowbro,090/084
Altaria ex,232/182
Koga's Beedrill,009/132
Hydreigon,062/111
Drampa GX,SV80/SV94
Rayquaza - XY64,XY64
Komala - SM41,SM41
Pidgeotto,034/110
Jirachi EX,60/101
Fighting Fury Belt - 2016 (Shunto Sadahiro),99/122
Slugma,6/39
Smoliv,102/091
Machamp,049/101
Helioptile,143/132
Claydol,15/106
Steven's Advice - 2008 (Dylan Lefavour),83/108
Volcarona,22/108
Tympole,103/086
Giovanni's Scheme,138/162
Cobalion,77/98
Larvitar,203/197
Scrafty (Team Plasma),86/135
Alolan Marowak,64/181
Snorlax (Delta Species),10/101
Jirachi - SM161 [Staff],SM161
M Lucario EX (Secret),113/111
Jolteon ex - 2007 (Tom Roos),109/113
Venusaur ex,182/165
Sableye,62/108
Hitmonchan,99/146
Slowking,12/123
Emboar,019/114
Hala,126/145
Arceus VSTAR,123/172
Code Card - Rapid Strike Urshifu VMAX Premium Collection,
Escavalier (Master Ball Pattern),060/086
Silvally GX,184/236
The Boss's Way,73/82
Klang,140/086
Gothitelle (48),48/98
Muk,016/110
Jirachi,99/181
Single Strike Urshifu V - SWSH106,SWSH106
Munna,007/012
Klinklang (Master Ball Pattern),063/086
Chandelure,020/099
Leafeon V (Alternate Full Art),167/203
Ampharos ex,89/97
Mega Gengar ex,125/217
Rowlet,SV2/SV94
Dark Patch,93/108
Musharna,59/99
Magma Energy,87/95
Crobat G - 2009 (Jason Martinez),47/127
Greninja V-UNION - SWSH158,SWSH158
Kiawe (Full Art),144/147
Articuno,161/159
Celebi VMAX,008/198
Espathra,081/182
Farfetch'd (Secret Rare),107/106
Growlithe,045/110
Luxio,136/091
Aurorus,024/088
Fuchsia City Gym,114/132
Feraligatr (4),004/111
Treecko,80/97
Parasect,35/64
Mega Sharpedo ex,113/094
Giovanni's Gyarados,005/132
Miltank,42/115
Charizard EX,11/83
Politoed (25),025/144
Grass Energy,108/111
Wailord,041/159
Ampharos (Prime),105/123
Froslass GL,6/111
Dunsparce - 2005 (Michael Gonzalez),60/100
Wigglytuff,147/091
Breloom,22/106
Houndoom (23),23/75
Bewear GX - SM34,SM34
Holon's Electrode - 2007 (Akira Miyazaki),21/113
Team Aqua's Sharpedo,18/95
Jellicent (Team Plasma),39/135
Miracle Sphere Beta,130/144
Shaymin EX,XY148
Milotic,028/124
Doublade (#14),14/30
Rocket's Zapdos,015/132
Magnezone (Prime),96/102
Forretress,009/017
Code Card - EX Tin [Reshiram],
Cradily,21/146
Magneton (20),020/144
Togedemaru - SM44,SM44
Dragonite FB,056/147
Hisuian Goodra VSTAR (Secret),202/196
Vivillon,017/146
Nidoqueen,42/116
Basic Darkness Energy (Cosmos Holo),007
Swablu (Shiny),SH5
Lightning Energy - 2004 (Chris Fulop),109/109
Vulpix,098/110
Bebe's Search - 2008 (Jason Klaczynski),119/132
Exeggutor,35/64
Keldeo - XY118,XY118
Yanmega - XY144 (Prerelease) [Staff],XY144
Duraludon VMAX (Alternate Art Secret),220/203
Bronzor,170/162
Bronzong,6/123
Zoroark and Legendary Pokemon (World of Illusions Promo),
Swirlix,RC19/RC32
Excadrill,056/098
Roserade GL,12/111
Heal Energy,008/017
Team Magma's Zangoose,22/34
Rayquaza C LV.X - DP47,DP47
Unit Energy FDY (Secret),146/131
Lunatone - 004 [Staff],004
Froslass - 117 (Prerelease) [Staff],117
Feraligatr - 089 (Prerelease),089
Spinarak,075/111
Pokegear 3.0 (Poke Ball Pattern),084/086
Corsola,32/101
Surfing Pikachu,111/108
Garchomp EX - XY167,XY167
Code Card - 2025 World Championships digital bundle,
Sylveon VMAX,075/203
Gardevoir & Sylveon GX (205) (Alternate Full Art),205/214
Bayleef (Delta Species),26/101
Light Dragonite,014/105
Articuno - SM144,SM144
Code Card - Mega Diancie EX Premium Collection,
Fidough,213/198
Vulpix,75/95
Trevenant - XY94 (Prerelease) [Staff],XY94
Raikou (Shiny),SL9
Aaron's Collection - 2009 (Tsubasa Nakamura),88/111
Primeape,28/112
Brigette (Full Art),161/162
Team Magma's Numel,1/34
Bellsprout (68),068/147
Sudowoodo,036/147
Dialga LV.X,105/106
Polteageist,SV053/SV122
Ditto (Bulbasaur),36/113
Marshadow - SM85,SM85
Imposter Oak's Revenge,76/82
M Gallade EX (100 Full Art),100/108
Steven's Advice,92/101
Poliwhirl,68/115
Alcremie - SWSH058,SWSH058
Rabsca,163/091
Torkoal (Secret),237/236
Pikachu (Movie),4
Eevee,51/64
Mewtwo VSTAR (86) (Secret),086/078
Pikachu,042/146
Probopass,7/99
Kyogre,12/95
Articuno,016/108
Weezing,34/123
Rare Candy,010/017
Raichu GX (Secret),75/73
Cynthia's Ambition (Secret),178/172
Dialga LV.X - DP37,DP37
Simisear VSTAR,GG37/GG70
Sprigatito - 191,191
Eevee,SV41/SV94
Mimikyu ex,069/159
Mimikyu V (Full Art),148/163
Iron Crown ex,158/131
Galarian Moltres,093/203
Pansage,007/114
Psychic Energy,136/146
Brawly (Full Art),188/198
Jirachi GX - 2019 (Henry Brand),79/236
Articuno EX (Team Plasma),25/135
Heal Energy - 2005 (Takashi Yoneda),94/107
Iris's Fighting Spirit,180/159
Nidoking,011/130
Victini,10/145
Drasna,231/191
Strength Charm,74/95
Dialga G,7/127
Groudon - XY52 (XY Black Star Promo),XY52
Lycanroc GX (Secret),155/147
Psychic Energy - 2006 (Miska Saari),
Barry (Full Art),167/172
Copycat (Secret),222/203
Copycat - 2004 (Tsuguyoshi Yamato),138/165
Mega Kangaskhan ex - 025,025
Venomoth,111/144
Cyllene (Full Art),183/189
Team Rocket's Mimikyu-GX (Ash vs Team Rocket Deck Kit),010/026
Bellossom,003/111
Darkrai - DP24,DP24
Lucario & Melmetal GX (Full Art),203/214
Melmetal VMAX (Secret),080/078
Dark Arbok,29/109
Chansey - 2008 (Paul Atanassov),76/123
Arezu (Secret),204/196
Bill,091/102
Lugia GX (Full Art),207/214
Mimikyu VMAX,TG17/TG30
Sandshrew,75/100
Porygon-Z (Team Plasma) - BW84 (Prerelease) [Staff],BW84
Technical Machine: Evolution,178/182
Buddy-Buddy Poffin,144/162
Galarian Obstagoon,119/202
Gliscor,004/090
Town Volunteers - 2004 (Chris Fulop),136/147
Boost Energy,008/017
Chesnaught,014/146
Sliggoo,095/086
Dragonite (43),043/165
Sprigatito ex - 087,087
Gyarados,007/130
Gardevoir EX (Full Art),111/114
Walrein,15/101
Cubone,40/95
Ice Rider Calyrex V (Full Art),163/198
Gyarados GX,18/111
Magnezone,GG18/GG70
Dialga GX,100/156
Entei EX,13/108
Unown (H),H/28
Aegislash EX,65/119
Meowth,77/113
Pikachu (Delta Species),93/92
Malamar - SM117 (Prerelease),SM117
Totodile,081/111
Umbreon,XY96
Arbok,176/162
Larvitar (Delta Species Stamp),73/113
Exploud,003/109
Turtonator GX,SV52/SV94
Sandy Shocks ex,108/182
Hisuian Decidueye VSTAR,084/189
Cherrim,15/99
Machamp,59/108
Misty's Poliwag,089/132
Palafin ex,151/131
Team Star Grunt,242/198
Magneton,028/110
Pikachu - BW54,BW54
Darkness Energy (Special),079/090
Galarian Slowking V (Full Art),178/198
N - 2015 (Rowan Stavenow),96/108
Spiritomb C,84
Houndoom (Prime),82/90
Multi Energy - 2006 (Jason Klaczynski),96/110
Hoothoot,TG12/TG30
Light Piloswine,026/105
Lucario,126/214
Kingdra ex,080/064
Fire Crystal (Secret),231/214
Poke Kid (Full Art),070/072
Tangrowth,10/99
Copperajah ex,245/193
Stunky,76/100
Okidogi,074/064
Alolan Ninetales GX,22/145
Unown (Z),Z/28
Basic Fighting Energy,258/198
Butterfree,5/83
Dragonite GX (Full Art),67/70
Archaludon ex,224/191
Fire Energy,126/130
Hoopa V (Full Art),253/264
Morpeko VMAX,038/072
Time Capsule,090/111
Pikachu,7
Exploud ex,92/100
Poliwrath,35/146
Phione (27),27/100
Poke Drawer +,89/100
Charmander,001/034
Shining Noctowl,110/105
Double Colorless Energy - 2011 (Ross Cawthon),103/123
Drifblim - 006 (Cosmos Holo),006
Giratina - SM151 (Prerelease) [Staff],SM151
Breloom,16/109
Holon Energy WP,106/113
Jigglypuff,68/123
Hop's Zacian ex,176/159
Charmeleon,29/100
Poliwag,059/102
Houndoom,5/90
Spiritomb,103/198
N's Zorua,097/159
Team Rocket's Petrel - 2025 (Liao Fu Guan),
Feraligatr,25/95
Nihilego GX,49/111
Riolu,215/198
Eevee - SWSH175,SWSH175
Shiftry ex,97/108
Feraligatr,017/119
Grookey,SWSH001
Magikarp,64/107
Alolan Meowth - SM43,SM43
Tranquill (Master Ball Pattern),072/086
Swampert,035/168
Acro Bike (Secret),178/168
Shinx - DP15,DP15
Unown [Z],060/105
Shaymin (15),15/156
Victory Cup - BW31 (Battle Road Autumn 2011) [1st Place],BW31
Kingambit,187/091
Dewott,106/086
Baltoy,60/106
Tapu Lele GX - 2018 (Pedro Eugenio Torres),60/145
Crobat V - SWSH098,SWSH098
Dark Machamp (10),10/82
Palafin,124/091
Articuno GX,SV54/SV94
Azelf,019/146
Charmander,58/112
Cofagrigus (Master Ball Pattern),040/086
Hypno,23/123
Lillipup,081/114
N - 2015 (Jacob Van Wagner),96/108
Nidorino (Delta Species),35/101
Basic Fire Energy,230/197
Ludicolo - 2005 (Michael Gonzalez),10/107
Giovanni's Nidoqueen,023/132
Unown [A] (14),14/75
Kangaskhan,204/182
Magikarp,XY143
Team Yell Grunt (Full Art),202/202
Klara (Full Art),SWSH302
Aqua Energy,86/95
Smeargle,48/115
Grumpig,6/97
Snorlax (11),11/64
Dedenne,RC10/RC32
Lugia Legend (Bottom),114/123
Hearthflame Mask Ogerpon ex,148/131
Slowking,49/108
Dark Golbat (7),07/82
Eevee (13),13/30
Wellspring Mask Ogerpon ex,064/167
Gladion (Full Art),109/111
Clefairy,005/102
Palkia (Full Art Promo),XY75
Machamp (49),49/101
Dragonite,005/020
Noivern GX,SV78/SV94
Giovanni's Machoke,042/132
Sylveon,072/111
Eevee,075/147
Typhlosion,032/123
Mimikyu V,062/163
Nanu (Full Art),179/181
Warp Point - 2009 (Jason Martinez),88/100
Team Galactic's Invention G-105 Poke Turn,118/127
Bronzong - SWSH091 (Prerelease),SWSH091
Electabuzz,041/108
Guzma - 2017 (Naoto Suzuki),115/147
Galarian Slowking V (Alternate Full Art),179/198
Arven's Greedent,205/182
Wartortle,50/112
Rare Candy - 2010 (Yuka Furusawa),82/95
Yveltal,078/146
Charizard VSTAR (Secret),174/172
Metal Energy (Special),94/109
Leafeon (Team Plasma),11/116
Manaphy,003/017
Rayquaza & Deoxys Legend (Top),89/90
Wigglytuff,72/111
Expert Belt - 2010 (Mychael Bryan),87/99
Flower Shop Lady,74/90
Arceus (AR9),AR9
Sandy Shocks ex,250/182
Zygarde GX (Full Art),123/131
Dark Ivysaur - 6 [Winner],006/009
Friend Ball - 2004 (Chris Fulop),126/144
Flareon - SWSH041,SWSH041
Energy Switch,107/084
Meloetta,85/162
Piplup - 2007 (Akira Miyazaki),93/130
Aegislash V (Full Art),177/185
Super Scoop Up (Secret),166/147
Warp Point - 2008 (Dylan Lefavour),88/100
Jirachi Prism Star,97/168
Warp Point - 2010 (Yuka Furusawa),88/100
Cherrim,006/017
Aggron,1/102
Zamazenta V (Secret),212/202
Mega Excadrill ex,065/084
Steven's Advice - 2006 (Jimmy Ballard),92/101
Furret,33/92
Unown [X],71/132
Gastly,076/110
Spheal,82/111
Energy Removal 2,89
Cleffa,31/53
Alakazam,001/102
Slugma,53/64
Fire Energy - 2008 (Paul Atanassov),
Double Colorless Energy,096/102
Cresselia - DP51,DP51
Fairy Energy (#22),22/30
Pikachu,131/091
Blitzle,114/086
Swampert EX - XY55,XY55
Eevee - SWSH095,SWSH095
Frosmoth,SV034/SV122
Pikachu - SWSH234,SWSH234
Amoonguss (Master Ball Pattern),011/086
Psychic Energy - 2005 (Curran Hill),
Basic Fire Energy (Cosmos Holo),002
Mega Dragalge ex,118/086
Growlithe,63/111
Morpeko V-Union [Set of 4],SWSH218
Pikachu ex (Pikachu 60),106
M Gengar EX (121 Secret Rare),121/119
Charizard & Braixen GX - SM230 (SM Black Star Promo),SM230
Crobat V,104/189
Delibird,049/144
Cramorant,176/167
Zubat,57/62
Piplup (Secret),239/236
Code Card - Destined Rivals Pokemon Center Elite Trainer Box (Exclusive),
Starmie BREAK,32/108
Charizard,014/181
Greninja,041/146
Yveltal,065/114
Suicune (Master Ball Pattern),024/131
Jynx ex,191/165
Swalot,9/99
Krokorok,064/114
Darkness Cube 01,119/147
Rocket's Suicune ex,105/109
Team Aqua's Manectric - 2004 (Chris Fulop),4/95
Galarian Sirfetch'd,SV064/SV122
Poliwrath,021/095
Oracle - 2004 (Reed Weichler),138/144
Munkidori,072/064
Castform Sunny Form,195/191
Chesnaught,11/162
Fairy Energy (#17),17/30
Eevee (63),63/100
Iron Hands ex - 2025 (Liao Fu Guan),
Magneton (26),26/62
Wailord,038/195
Lugia V (Full Art),185/195
Koffing,61/109
Team Galactic's Wager - 2008 (Paul Atanassov),115/123
Heat Factory Prism Star,178/214
Hop's Snorlax - 184 (Prerelease) [Staff],184
Pokemon Ranger,104/114
Lucario V,27/73
Delta Rainbow Energy,98/110
Nihilego GX (Full Art),103/111
Lightning Energy,100/102
Darkrai - XY22,XY22
Giratina - SM151 (Prerelease),SM151
Squirtle,14/101
Tropical Beach - 2011 (Ross Cawthon),BW28
Unown (?),?/28
Code Card - Mythical Collection Box [Volcanion],
Team Magma's Camerupt,19/95
Wartortle,034/214
Yanmega ex,228/182
Minior,201/182
Mystery Plate Gamma,135/144
M Mewtwo EX (63),63/162
Gengar (17),17/99
Porygon2 - HGSS23,HGSS23
Delphox,026/146
Lure Ball,128/144
Flaaffy,047/147
Brock's Rhydon,002/132
Stunky,102/130
Eldegoss,016/203
Great Ball,164/202
Nacli,176/091
Alolan Raticate GX,85/168
Scovillain,025/197
Squirtle,68/82
Sightseer,189a/214
Kingambit - 130,130
Vikavolt GX,45/145
Aipom,211/182
Prime Catcher,157/162
Fire Energy - 2011 (Ross Cawthon),
Mega Darkrai ex,048/084
Luvdisc,53/106
Mega Charizard X ex - 023,023
Team Rocket's Persian ex,219/182
Roxie's Performance,121/086
Rocket's Entei ex,97/109
Kyogre - XY51,XY51
Pignite,097/086
Jirachi GX,79/236
Popplio - SM24,SM24
Jolteon Star - 2008 (Jason Klaczynski),101/108
Ninja Boy,103/114
Pokemon Collector - 2011 (David Cohen),97/123
Giovanni's Scheme,138/165
Greninja (41) - 2016 (Cody Walinski),41/146
Pikachu VMAX,TG17/TG30
Tropius,27/101
Magikarp (Delta Species),69/110
Litten,167/162
Mr. Briney's Compassion - 2004 (Tsuguyoshi Yamato),87/097
Toedscruel ex,213/091
Emma,107/086
Fraxure,087/101
Lucario EX (107 Full Art),107/111
Baltoy - 2009 (Jason Martinez),60/106
Granbull,23/39
Crobat - 2015 (Patrick Martinez),33/119
Gardevoir,054/098
Butterfree,16/123
Alomomola,108/086
Team Rocket's Nidoking ex,216/182
Duskull,62/100
Team Aqua's Spheal,57/95
Iron Hands ex,154/131
Whimsicott,144/236
Latios,010/020
Rockruff - SM06,SM06
Jigglypuff,41/95
Roaring Moon - 2024 (Sakuya O.),109/162
Umbreon,22/95
Victreebel (30),30/64
Spiritomb,TG09/TG30
Gyarados,006/102
Venonat,097/130
Dratini,53/109
Skitty,113/160
Magneton (H19),H19/H32
Shining Rayquaza,56/73
Team Rocket's Petrel,226/182
Meganium - 001,001
Mew ex,193/165
Ruin Wall,74/75
Lillie's Ribombee - 183 (Prerelease) [Staff],183
Glaceon VMAX,041/203
Salazzle GX (Secret),151/147
Crasher Wake (Full Art),129/131
Water Energy (#8),8/30
Flutter Mane - 2024 (Sakuya O.),078/162
Zamazenta,102/185
Team Rocket's Harassment (Ash vs Team Rocket Deck Kit),026/026
Teddiursa,109/144
Excadrill (56),56/98
Nacli,220/193
Electivire FB,4
Pikachu (#29),29/30
Mr. Mime GX,67/181
Cynthia's Ambition (Full Art),169/172
Mary,087/111
Blaine's Ponyta,064/132
Snover,140/132
Xatu,44/132
Alolan Ninetales - SM128,SM128
Skarmory EX,80/146
Nidorina,053/130
Miraidon ex (Unnumbered),
Worker (Full Art),195/195
Ditto,GG22/GG70
Miraidon ex - 081/198 - 2024 (Jesse Parker Gold Signature),081/198
Steven's Metagross ex,289/217
Tulip,259/182
AZ - 2015 (Patrick Martinez),91/119
Piers (Full Art),187/189
Chimecho - 024 (e-League) [Winner],024
Judge (2019),108/131
Dialga EX (Team Plasma) (99 Full Art),99/101
Unown [T],67/123
Garchomp C Lv.X,145
Kingdra,19/64
Mewtwo (Delta Species),24/110
Fire Energy (2024),010
Elekid,022/111
Aurorus EX - XY102,XY102
Parasect,TG01/TG30
Voltorb,097/110
Mewtwo V-UNION,
Regidrago VSTAR (Secret),201/195
Milotic,70/147
VS Seeker - 2015 (Patrick Martinez),109/119
Metal Energy (#24),24/30
Pikachu,50/149
Kyogre - SM129 (Prerelease) [Staff],SM129
______'s Snivy,N/A
Riolu - 010,010
Snorlax (27),27/64
Moltres & Zapdos & Articuno GX,SM210
Shuppet,SV16/SV94
Mareep,82/127
Banette,14/102
Grovyle,31/109
Rayquaza VMAX (Secret),TG29/TG30
Dachsbun ex,169/142
Indeedee,153/198
Buzzwole - SM218 (Prerelease),SM218
Meganium,010/132
Banette GX (Secret),174/168
Victreebel (H30),H30/H32
Code Card - Mythical Pokemon Collection Box [Keldeo],
Lt. Surge's Bargain,170/132
Grass Energy,099/102
Omanyte,52/62
Uxie LV.X - 2010 (Yuta Komatsuda),146/146
Tyranitar,85/181
Shadow Rider Calyrex V (Alternate Full Art),172/198
Zigzagoon,85/100
Suicune GX (Full Art),200/214
Meowth,75/123
Delphox,17/131
Inteleon,SV027/SV122
Clefairy,81/122
Warp Energy (Secret),123/111
Scramble Energy,010/017
Latias ex,220/191
Genesect,XY119
Code Card - Cosmic Eclipse Single Pack Blister [Mismagius],
Braixen,TG01/TG30
Samurott (Master Ball Pattern),023/086
Arceus Prism Star,96/131
Marnie's Grimmsnarl ex,136/182
Rocket's Hitmonchan,011/132
Darkness Energy (Texture Full Art),158/159
Starmie,30/113
Spiritomb,148/132
Latias (Vstar Universe Japanese Exclusive),195/172
Metal Energy (2010 Unnumbered HGSS Style Non-Holo),
Girafarig,16/97
Raichu,45/100
Dawn Wings Necrozma GX,63/156
Chikorita,001/122
Drapion,097/088
Steelix,28/100
Sidney (Secret),279/264
Skitty (#1),1/30
Mankey,008/012
Espeon EX (Full Art),117/122
Unown [B],66/130
Basic Lightning Energy,257/198
Guzma & Hala (Full Art),229/236
Mew VMAX - 2022 (Andre Chiasson),114/264
Zygarde EX (Shiny),XY151
Computer Search - 2013 (Yugo Sato),137/149
Dottler,SV008/SV122
Pokemon Reversal,88/115
Ho-Oh,10/132
Arcanine G,15
Honchkrow GX (Secret),223/214
Squirtle,014/017
Latias Star - 2006 (Hiroki Yano),105/107
Azelf LV.X,140/146
Torchic - 2004 (Chris Fulop),74/109
Drifblim - 135,135
Feebas,50/106
Magikarp & Wailord GX,SM166
Palkia LV.X - DP18,DP18
Pokemon Catcher - 2013 (Jason Klaczynski),95/98
Darkrai EX - 2016 (Shunto Sadahiro),74/122
Cyndaquil - 047,047
Karrablast (Master Ball Pattern),009/086
Togekiss V (Full Art),178/185
Code Card - Unified Minds Elite Trainer Box,
Dodrio,21/112
Furret,22/109
Espeon,2/90
Sabrina's Abra,091/132
Shuckle,096/144
Rockruff,116/193
Magmortar - DP20,DP20
Malamar - XY58,XY58
Magearna EX - 2016 (Shintaro Ito),75/114
M Tyranitar EX,043/098
Shedinja,144/132
Greninja & Zoroark GX (Secret),222/214
Primal Groudon EX (Omega - 151 Full Art),151/160
Porygon,039/102
Pidgeot (24),24/64
Omastar,058/110
Machamp,26/102
Toxtricity,141/091
Diglett,047/102
Windstorm - 2007 (Tom Roos),85/100
Patrat (Master Ball Pattern),072/086
Latias & Latios GX,113/181
Pelipper,19/109
Pidgeot - 2006 (Hiroki Yano),10/112
Sylveon VMAX (Alternate Art Secret),212/203
Espeon,033/131
Oddish,097/147
Jirachi ex - 2007 (Tom Roos),94/100
Duraludon VMAX,104/159
Goldeen,45/64
Crobat V (Full Art),182/189
Flutter Mane - 2025 (Riley McKay),
Stoutland V (Full Art),157/163
Sudowoodo,077/111
Rapid Strike Energy (Secret),182/163
Raichu (29),29/62
Friends in Hisui (Full Art),148/159
Staryu,004/012
Team Rocket's Proton,227/182
Mr. Mime ex,110/112
Registeel EX (122 Full Art),122/124
Pikachu,58/102
Ting-Lu ex,243/193
Togekiss VMAX,141/185
Sizzlipede,SV018/SV122
Mismagius,5/95
Mr. Mime (95a),095a/147
Scizor V,118/189
Exeggcute (Master Ball Pattern),001/131
Nickit,SV081/SV122
Regice,27/110
Arcanine,22/132
Mega Sableye & Tyranitar GX (Secret),245/236
Noctowl BREAK,XY136
Victini,43/101
Mr. Stone's Project,79/106
Samurott,031/114
Whismur,132
Jirachi - 2019 (Kaya Lichtleitner),99/181
Mew - 040 (Trainer's Challenge Set),040
Yanma (17),17/75
Erika (16),016/132
Latias (Full Art Promo),XY78
Chimecho,12/106
Reshiram EX - BW36,BW36
Wobbuffet (Ash vs Team Rocket Deck Kit),008/026
Manectric,46/110
Kommo-o,163/236
N's PP Up,262/217
Professor Oak's Research,149/165
Aerodactyl,001/144
Judge (Full Art),209/214
Scyther,49/100
VS Seeker - 2016 (Jesper Eriksen),109/119
Celebi - 2012 (Zachary Bokhari),92/102
Ralts,68/109
Umbreon ex,060/131
Transparent Walls,125/132
Fearow (Delta Species) - 2007 (Jun Hasebe),18/100
Kieran,218/167
Professor Kukui (Full Art),148/149
Scoop Up,078/102
Umbreon Star,017/017
Ingo & Emmet (Full Art),176/181
Premium Power Pro,174/132
Great Ball - 2005 (Jeremy Maron),92/112
Mega Dragonite ex,295/217
M Kangaskhan EX,79/106
VS Seeker,110/108
Magcargo,24/168
Celebi,145/144
Blaziken,20/110
Colress - 2014 (Trent Orndorff),118/135
Iono's Kilowattrel - 182 (Prerelease) [Staff],182
Snubbull - SM200 (In-Store Event Promo),SM200
Furfrou,114/116
Piplup,020/025
Combusken,007/017
Persian - SM182 (Prerelease),SM182
Latios - XY65,XY65
Boss's Orders,265/193
Spiritomb,032/099
Erika's Kindness,103/132
Team Rocket's Factory,173/182
Thwackey - 115,115
Ultra Ball,264/217
Lumineon V (Alternate Full Art),156/172
Treecko (Delta Species),015/017
Gym Trainer (2022),059/072
Tinkatink,165/091
Pokemon Center Lady - 2015 (Patrick Martinez),93/106
Mewtwo GX,031/068
Zacian,082/185
Scott - 2005 (Takashi Yoneda),84/106
Xurkitree GX - SM68,SM68
Imposter Professor Oak,102/130
Togekiss,009/090
Dragonite,5/20
Dragonite 149/165 (Cosmos Holo),149/165
Mew Star (Delta Species) - 2008 (Dylan Lefavour),101/101
N's Plan,163/086
Camerupt Spirit Link - XY199,XY199
Flapple - SWSH022 (Prerelease) [Staff],SWSH022
Vigoroth,50/107
Code Card - Mythical Pokemon Collection Box [Shaymin],
Snom,168/162
Noivern GX (Secret),160/147
Rayquaza GX,109/168
Milotic,12/101
Raichu & Alolan Raichu GX,54/236
Rocket's Zapdos,15/132
Entei EX (103 Full Art),103/108
Glalie,18/99
Chikorita,RC1/RC32
Machoke,41/101
Latios - 015 (Pokemon Heroes: Latios & Latias DVD Release),015
Geeta,218/197
Thievul,092/084
Charizard GX - SM195,SM195
Spearow,130/165
Giratina (9),9/127
Gardevoir V (Full Art),70/73
Garchomp (90),90/124
Hisuian Samurott VSTAR (Secret),197/189
Riolu (Master Ball Pattern),050/131
Arceus (AR8),AR8
Xerneas,064/132
Ponyta,060/102
Swampert ex - 2004 (Reed Weichler),95/95
Dragapult,SV062/SV122
Seadra,39/97
Felicity's Drawing,98/106
Tyranitar GX,121/214
Team Rocket's Mewtwo ex,231/182
Liepard,67/114
Shaymin LV.X - DP39,DP39
Feraligatr,4/115
Meowstic,RC15/RC32
Raichu,49/162
Cherubi,10/156
Regigigas LV.X - DP30,DP30
Pokemon Catcher,95/98
Charizard ex,215/197
Underground Expedition,140/144
Glaceon GX (Secret Rare),159/156
Lilligant,092/086
Metagross - BW75 (Team Plasma) (Prerelease) [Staff],BW75
Dragonite (19),19/62
Jumpluff,007/111
Ditto - 2009 (Tsubasa Nakamura),27/146
Hitmonlee,011/034
VS Seeker,140
Dreepy (Master Ball Pattern),071/131
Lumiose City,111/088
Gastrodon East Sea,21/111
Tynamo (Master Ball Pattern),030/086
Mew - SM215,SM215
Armaldo ex,84/92
Altaria,18/127
Raichu GX,020/068
Judge,076/088
Omastar,40/62
Blaziken ex - 2004 (Chris Fulop),89/95
Volcarona,015/114
Lotad,67/100
Vibrava,22/97
Pokemon Trader,106/130
Giratina EX (93 Full Art),93/98
Xurkitree,70/236
Diancie,094/147
Caterpie,172/165
Jumpluff,11/109
Shelmet,011/101
Slakoth (#26),26/30
Meowth,067/108
Combusken,013/111
Naganadel GX (Full Art),230/236
Jynx,018/147
Skeledirge ex - 081,081
Poliwrath,013/102
M Gengar EX,XY166
Turtwig,101/127
Pikachu (Delta Species),79/110
Mareep (Delta Species),54/101
Prinplup (13),33/156
Ralts - 2010 (Michael Pramawat),89/127
Cheryl (Full Art),159/163
Adaman (Full Art),181/189
Lickitung,090/147
Leafeon GX,SV46/SV94
Cleffa - 2011 (Ross Cawthon),24/95
Shaymin EX - 2016 (Shintaro Ito),77/108
Team Rocket's Spidops,187/182
Lapras,79/127
Togekiss - 038 (Prerelease) [Staff],038
Deoxys (Attack Forme),17/107
Looker's Investigation,109/127
Crabrawler,007/012
Nidoking,006/102
Bulbasaur (94),094/165
Absol,18/110
Tapu Fini - SM203 (Prerelease) [Staff],SM203
Charizard VSTAR,019/159
Mimikyu (97),97/236
Pikachu,6/10
Moltres (12),12/62
M Gardevoir EX,79/114
Chikorita (100),100/165
Xerosic - 2016 (Shunto Sadahiro),110/119
Jangmo-o,075/111
Vaporeon ex - 2007 (Jun Hasebe),110/113
Cynthia's Garchomp ex,232/182
Drampa - SM21 (Prerelease),SM21
Bisharp,186/091
Galvantula,117/086
Dawn Wings Necrozma GX,063/156
Underground Expedition - 2004 (Reed Weichler),140/144
Luxray GL LV.X - 2009 (Tsubasa Nakamura),109/111
Gardevoir ex - 2025 (Riley McKay),
Umbreon EX,55/124
Doduo,199/091
Emboar,027/113
Dusclops (Southeast Asia Exclusive),019/064
Graveler,34/92
Lycanroc,076/131
Metal Energy (2007-2008 League Promo),
Thundurus EX - 2014 (Haruto Kobayashi),38/116
Pidgeot - 2005 (Takashi Yoneda),10/112
Sabrina's Gengar,014/132
Darkrai LV.X,104/106
Grass Energy (Secret),167/145
Croconaw,38/115
Cheren (148 Full Art),148/149
Gallade E4,020/111
Scraggy,138/086
Ho-Oh GX,SV50/SV94
Luxury Ball - 2010 (Michael Pramawat),86/100
Roggenrola,127/086
Desert Ruins,88/101
Poke Ball,95/112
Wailord,040/168
Porygon2,49/106
Double Turbo Energy (Secret),216/189
Code Card - Dark Explorers Booster Pack,
Pikachu - SM234,SM234
Here Comes Team Rocket!,113/108
Incineroar GX - SM38,SM38
Irida,GG63/GG70
Ekans,108/165
Brock's Scouting,179/159
Cyclone Energy,143/144
Indeedee - 154,154
Blaine's Ninetales,021/132
R Energy - 2005 (Takashi Yoneda),95/109
Grass Energy,132/146
Metagross,18/90
Lt. Surge's Rattata,082/132
Squirtle,063/102
Charmander,023/185
Aerodactyl ex,94/100
Minccino,84/99
Fennekin - 080,080
Orthworm ex,162/142
Arrokuda,SV031/SV122
Vileplume,094/091
Toxapex (Ash vs Team Rocket Deck Kit),003/026
Steven's Advice - 2006 (Hiroki Yano),92/101
Nidoking,174/165
Chi-Yu ex,241/091
Sudowoodo - 2017 (Kabu Fukase),66/145
Latias,193/264
Voltorb,SV13/SV94
Manectric,8/100
Charmander,098/097
Morpeko V-Union - SWSH217,SWSH217
Snorlax,030/130
Giratina VSTAR,131/196
Terrakion - SM205 (Prerelease) [Staff],SM205
Squawkabilly ex,223/091
Dark Dragonite,015/109
Mewtwo (56),056/165
Yveltal EX - XY150 (Shiny),XY150
Articuno,32/181
Greedent,SV100/SV122
Multi Energy (Special) 93/100 (League Promo),093/100
Beauty (Full Art),181/185
Sableye - XY92,XY92
Regirock,38/146
Leafeon EX,10/83
Smoochum,54/64
Terapagos ex - 165,165
Oinkologne ex,234/198
Purrloin,RC13/RC25
Mew - 2019 (Shintaro Ito),76/214
Avery (Secret),211/198
Greninja EX - XY20,XY20
Counter Catcher - 2024 (Sakuya O.),160/182
Team Aqua's Corphish,50/95
Dunsparce,54/75
Energy Switch - 2007 (Jeremy Scharff-Kim),107/130
Dark Omanyte,037/105
Garbodor VMAX (Secret),216/203
Duraludon (Master Ball Pattern),069/131
Cynthia's Garchomp ex,215/182
Lopunny,63
Reversal Energy,192/193
Boss's Orders,248/193
Jolteon V - SWSH151,SWSH151
Volcarona,21/101
Hitmontop,26/115
Flareon (Poke Ball Pattern),013/131
Alolan Diglett,009/012
Arcanine ex,224/198
Life Herb (Secret),180/168
Flabebe,RC17/RC32
Kommo-o GX,100/145
Oracle,138/144
Wo-Chien ex,240/091
Brock's Training Method,106/132
Miltank,041/111
Sacred Ash,115/088
Bill's Maintenance,006/017
Seismitoad,105/086
Duraludon VMAX (Secret),TG30/TG30
Item Finder,103/130
Flying Pikachu,113/111
Minun,54/168
Code Card - V Battle Deck [Noivern V],
Litten - SM02,SM02
Ekans,56/82
Magcargo (17),017/144
Arven's Mabosstiff ex,235/182
Lopunny,30/130
Latias EX - 2014 (Haruto Kobayashi),85/116
Water Energy (2023),003
Virbank City Gym - 2013 (Jason Klaczynski),126/135
Starmie (30),030/144
Banette,19/127
Slurpuff,RC20/RC32
Greninja V-UNION - SWSH155,SWSH155
Volcanion V (Full Art),162/198
Pawmot,076/198
Loudred 35/106 (State Championships),035/106
Gabite,48/124
Omastar,23/92
Ninetales (Delta Species),8/101
Palpitoad,104/086
Dual Ball,72/95
Unown (U),U/28
Hyper Aroma,152/167
Articuno (148),148
Quick Ball,10/11
Pawmot - 006 (Prerelease),006
Dragonite V - SWSH154,SWSH154
Leavanny (8),8/98
Drednaw,061/202
Vaporeon,52/95
Milotic,44/160
Capacious Bucket,156/192
Reboot Pod,158/162
Dragonite GX (Full Art),229/236
Mew VMAX,114/264
Mega Lucario ex,113/217
Natu,080/144
Gallade EX (99 Full Art),99/108
Charizard,TG03/TG30
Dragonair (3),3/20
Druddigon,094/135
Rapid Strike Style Mustard (Full Art),162/163
Flygon GX,110/236
Latias ex,93/97
Crobat,04/64
Empoleon - 2008 (Dylan Lefavour),17/100
Eevee,133/165
Team Rocket's Transceiver,263/217
Dialga,16/106
Whimsicott VSTAR,065/172
Koga's Ninja Trick,115/132
Phione - SM220 (Prerelease) [Staff],SM220
Dedenne GX - 2019 (Henry Brand),57/214
Lysandre - 2015 (Alejandro Ng-Guzman),90/106
Vulpix - 2019 (Kaya Lichtleitner),15/181
Lokix,122/182
Gengar,18/100
Vikavolt GX (Full Art),134/145
Grovyle,007/017
Chansey,003/102
Budew,221/217
Pheromosa GX - SM66,SM66
Trapinch,69/101
Pikachu (Polish),PW 8
Team Magma's Camerupt,2/34
Misty's Seadra,009/132
Bulbasaur,001/165
Cherrim - SWSH088 (Prerelease),SWSH088
Iono,237/091
Annihilape,171/091
Feraligatr,8/123
Bulbasaur,133/132
Psychic Energy,110/111
Single Strike Urshifu V,TG18/TG30
Team Magma Conspirator,82/95
Hisuian Samurott VSTAR,GG52/GG70
Shedinja,11/97
Wigglytuff,13/100
Machamp,046/111
Latios (Full Art Promo),XY79
Hariyama,31/106
Dark Houndoom,37/109
Typhlosion,020/162
Zangoose,66/127
Entei,010/147
Azumarill,30/100
Jirachi,1/95
Jirachi EX (98 Full Art),98/101
Rapidash,189/182
Pow! Hand Extension,85/109
Aegislash,210/182
Carracosta,107/086
Okidogi (Master Ball Pattern),057/131
Mewtwo,150/165
Ditto,064/113
Professor Juniper (116 Full Art),116/116
Combusken,16/100
Gengar & Mimikyu GX (Secret),186/181
Jolteon,047/185
Slowbro,117/091
Tornadus VMAX (Secret),209/198
Scizor GX,90/168
Koffing,72/113
Ho-Oh (Shiny),SL5
Raichu (Prime),83/90
Buddy-Buddy Poffin (NAIC Promo) [Staff],144/162
Unown [G],57/106
VS Seeker - 2010 (Mychael Bryan),140/147
Scizor GX (Secret),175/168
Zapdos,012/034
Dipplin (Master Ball Pattern),010/131
Greninja - XY162,XY162
Warp Point,88
Scoop Up Net (Secret),207/192
Ninetales V (Full Art),177/192
Lady Outing,83/109
Wormadam,010/172
Arctozolt,SV046/SV122
Rowlet (Ash vs Team Rocket Deck Kit),001/026
Xerneas,081/114
Judge,78/95
Wartortle,42/100
Manaphy - XY190,XY190
Marowak BREAK,79/162
Drapion VSTAR (Secret),200/196
Jirachi V - 299,SWSH299
Pachirisu,004/017
Field Blower - 2018 (Pedro Eugenio Torres),125/145
Machamp - SWSH243 (Prerelease),SWSH243
Team Magma's Aggron,7/95
Psychic Energy (Secret),232/198
M Gyarados EX (Full Art),115/122
Team Skull Grunt (Full Art),149/149
Dark Arbok (2),02/82
Archeops,132/086
Unown [H],29/106
Rillaboom VMAX (Secret),193/192
Duskull - 2010 (Michael Pramawat),86/132
Dusk Mane Necrozma GX,090/156
Unit Energy FDY,118/131
Clauncher,205/198
Bellibolt,201/197
Aroma Lady (Secret),221/203
Pokemon Collector,97/123
Lanturn,038/111
Roller Skater (Full Art),235/236
Eelektrik (Master Ball Pattern),031/086
Crobat VMAX - SWSH099,SWSH099
Coalossal VMAX (Secret),189/185
Turtwig GL,85/111
Doublade (#23),23/30
Cascoon,26/109
Oddish (6),6/214
Archeops - 051 (Fossil Museum Exclusive),051/086
Dragonite (4),04/62
Charizard,20/149
Gigalith 53/98 (Prerelease) [Staff],53/98
Hatterene,SV056/SV122
Flareon ex,108/113
Sableye - 2013 (Jason Klaczynski),62/108
Charizard VMAX,SV107/SV122
Code Card - League Battle Deck [Inteleon VMAX],
Arctibax,209/193
Pichu,21/108
Rowlet - 043,043
Mewtwo & Mew GX - SM191,SM191
Blastoise ex,030/142
Magneton - 2011 (David Cohen),43/102
Dialga G LV.X - 2010 (Yuta Komatsuda),122/127
Jirachi - XY67,XY67
Chatot - DP14,DP14
Unown (R) - 2010 (Yuka Furusawa),77/146
Oddish,68/101
Magneton,22/92
Dark Charizard (4),04/82
Scorbunny - SWSH002,SWSH002
Torchic,074/109
Bodybuilding Dumbbells (Secret),161/147
Farfetch'd,25/39
Fire Energy (Texture Full Art),153/159
Rare Candy,191/198
Ferroseed,148/086
Beast Ring - 2018 (Naohito Inoue),102/131
Miraidon ex,081/198
Varoom,192/091
Dark Quilava,039/105
M Manectric EX (120 Secret Rare),120/119
Primeape,170/091
Zapdos,016/102
Groudon,081/168
Victory Cup - BW30 (Battle Road Spring 2013) [2nd Place],BW30
Koga's Zubat,083/132
Iron Treads ex,248/198
Larvesta,099/086
Regigigas - DP40,DP40
Beheeyem,121/086
Erika's Perfume,110/132
Igglybuff,40/75
Slowbro,033/147
Galarian Obstagoon - SWSH193,SWSH193
Slaking,18/18
Iono's Bellibolt ex,172/159
Code Card - League Battle Deck [Single Strike Urshifu VMAX],
Team Magma's Houndour,62/95
Gholdengo ex,231/182
Gyarados GX - SM212,SM212
Mimikyu ex,004
Delibird,21/109
Terapagos ex,169/131
Golduck,17/100
Nidorina,055/110
Rhydon,45/64
Metagross GX,85/145
Galarian Mr. Rime,SV021/SV122
Zorua,SV25/SV94
Gyarados (XY Evolutions Prerelease),34/108
Cottonee (Master Ball Pattern),007/131
Bea,TG25/TG30
Luxurious Cape,265/182
Turtwig,103/130
Darkness Energy (2017 Unnumbered) (Wave Foil),
Keldeo GX (Secret),240/236
Zapdos (150),150
EXP.ALL,91/112
Magneton - 153,153
Flygon,003/017
Luvdisc,7/100
Jolteon (20),20/64
Team Magma's Mightyena,37/95
Axew (13),13/20
Aqua Patch (Secret),161/145
Alolan Ninetales GX - 2017 (Zachary Bokhari),22/145
Plusle,44/107
Bastiodon,062/084
Raboot,147/142
Noctowl - HGSS06,HGSS06
Misty's Staryu,090/132
Magnezone VSTAR (Secret),198/196
Pikachu EX - XY124,XY124
Slurpuff,69/119
Entei (6),06/64
Ursaring,27/95
Marnie’s Morpeko,206
Wugtrio,122/091
Crustle,183/182
Pachirisu,5/106
Oranguru (Secret),199/185
Cyndaquil,79/123
Kirlia,34
Espeon VMAX,065/203
Turtwig (78),78/100
Liepard V,104/198
Glaceon ex,026/131
Warp Energy,95/100
Detective Pikachu - SM190,SM190
Code Card - Mega Latios Collection,
Kommo-o GX - SM71,SM71
Espathra ex,214/091
Koga (106),106/132
Larry,235/182
Gyarados GX (Secret),112/111
Rolycoly,SV067/SV122
Zamazenta V,105/172
Kangaskhan,088/147
Rattata,15
Cynthia - 2018 (Naohito Inoue),119/156
Zigzagoon,74/106
Jigglypuff,07/53
Fire Energy,161/165
Milotic - 2005 (Jeremy Maron),12/101
Mew (47),47/53
Beast Energy Prism Star,117/131
Code Card,
Steelix (H23),H23/H32
Altaria GX (Full Art),68/70
Azurill,31/100
Cradily,3/92
Mewtwo (12),12/53
Expert Belt,087/099
Wiglett,206/198
Gallade (Secret),244/236
Blaziken - 2004 (Chris Fulop),3/109
Nymble,096/094
Seismitoad (Master Ball Pattern),021/086
Krabby,115/165
Empoleon ex,114/094
Deerling (Master Ball Pattern),006/086
Exeggcute,074/130
Audino,151/086
Pichu,35/53
Raichu,43/146
Sentret,75/109
Shuckle GX,17/214
Lillie,125a/156
Pokemon Catcher (Gold),111/108
Koraidon ex,254/198
Woobat,007/012
Porygon-Z (67),67/98
Code Card - White Flare Pokemon Center Elite Trainer Box (Exclusive),
Hoppip,061/111
Sableye (Team Plasma),49/116
Water Energy (Texture Full Art),154/159
Suicune,037/147
Hoopa EX - 2016 (Shunto Sadahiro),36/98
Roseanne's Backup (Secret),180/172
Meowth ex,121/088
Pichu,25/99
Sylveon,155/236
Natu (Delta Species),55/101
Litten,024/149
Mudkip,80/106
Gallade,061/135
Cetitan - 063,063
Sprigatito - 001,001
Mega Emboar ex,035
Darkness Energy,111/114
Fighting Energy (2004-2005),105/109
Aromatisse,93/146
Aerodactyl V (Alternate Full Art),180/196
Rocket's Hitmonchan ex,98/109
Red & Blue (Full Art),234/236
Dragon Talon (Secret),75/70
Charmander (Blue Border),
Piplup,121
Dodrio,041/110
Venusaur,018/110
Infernape,22/100
Gordie (Secret),223/203
Teal Mask Ogerpon ex,211/167
Quaxwell,207/193
Cleffa,21/115
Glaceon ex,150/131
VS Seeker - 2015 (Jacob Van Wagner),109/119
Team Rocket's Mewtwo ex - 216,216
Counterattack Claws,097/105
Kecleon,18/100
Pidgeot EX,64/108
Energy Removal 2 - 2008 (Paul Atanassov),74/108
Poliwhirl,37/95
Magikarp & Wailord GX (Full Art),160/181
Hyper Potion,127/144
Chandelure,103/214
Beedrill,12/95
Code Card - Shining Legends Collector Chest,
Onix,009/012
Charmander,046/102
Wobbuffet - 2015 (Alejandro Ng-Guzman),36/119
Zekrom,51/113
Marshadow - 2019 (Haruki Miyamoto),81/214
Mareep (#13),13/30
Mega Mawile ex,094/132
Poliwhirl,088/144
Wishful Baton (Secret),121/111
Togetic,14/109
Sharpedo,22/109
Tangrowth Lv.X,99/99
Beedrill,15/111
Rainbow Energy - 2004 (Tsuguyoshi Yamato),95/109
Reshiram (Phantasmal Flames Stamped),017/094
Nidoking,59/181
Aether Foundation Employee,SV81/SV94
Light Dewgong,045/105
Dhelmise,091/084
Slowpoke,76/109
Code Card - V Battle Deck [Venusaur V],
Meganium,27/95
Darkrai EX,74/122
Evolution Incense,163/202
Meloetta ex,159/086
Crobat G - 2009 (Stephen Silvestro),47/127
Basic Psychic Energy,207/165
Gengar - SWSH052,SWSH052
Arctibax,129/091
Pecharunt ex,085/064
Feraligatr,020/123
Gardevoir EX (Full Art),RC30/RC32
Bidoof,29/39
Pinsir (25),25/64
Ledyba,063/111
Altaria,84/124
Darkness Energy,104/111
Temple of Sinnoh (Secret),214/189
Blaziken,14/111
Zapdos (15),15/62
Ralts,SV34/SV94
Mew EX - 2013 (Ian Whiton),46/124
Mimikyu GX (Secret),226/214
Brock's Mankey (67),067/132
Celebi - XY93,XY93
Pokemon Retriever - 2005 (Takashi Yoneda),84/109
Town Map - 2018 (Robin Schulz),150/162
Metagross,007/147
Uxie - 2010 (Yuta Komatsuda),43/146
Pikachu,049/195
Gapejaw Bog,213/195
Dunsparce,31/92
Raichu GX - SM90,SM90
Virizion (Full Art),97/101
Cresselia EX,67/149
Blaziken V,TG14/TG30
Chatot G,54
Rayquaza & Deoxys Legend (90) - 2011 (David Cohen),90/90
Alolan Vulpix,021/145
Suicune,30/122
Purrloin (Master Ball Pattern),055/086
Zekrom EX,51/99
Mega Charizard X ex,109/094
Linoone,44/100
Kyogre (Cosmos Holo),034/132
Lugia,15/95
Giovanni's Exile (Full Art),67/68
Raikou Star,114/115
Rare Candy,90/110
Metal Goggles (Secret),195/181
Espeon (20),20/75
Onix,069/111
Xerneas,73/111
Wellspring Mask Ogerpon ex (Twilight Masquerade Stamp),064/167
Galarian Moltres V (Alternate Full Art),177/198
Lady,SV86/SV94
Bruxish,200/191
Apricorn Forest,118/147
Duskull,61/100
Excadrill (Omega),97/160
Zamazenta,140/192
Larvitar,63/100
Dana (Full Art),173/181
Latias ex (Delta Species),95/101
Greninja ex (GameStop Metal Card),106/167
Pikachu (French),PW 7
Falinks,109/192
Gardevoir,8/127
Steven's Beldum - 207,207
Delibird,006/017
Rare Candy - 2009 (Jason Martinez),102/105
Pokemon Center Lady - 2017 (Zachary Bokhari),68/93
Raikou (H26),H26/H32
Mega Venusaur ex,003/132
Alcremie,TG08/TG30
Colress's Tenacity (Gym Stamp Asia Exclusive),057/064
Cetitan ex,210/182
Lightning Energy,130/132
Castaway - 2008 (Tristan Robinson),72/100
Ursaring,18/115
Groudon EX,85/160
Code Card - Mythical Pokemon Collection Box [Manaphy],
Regigigas LV.X,100/100
Garbodor (Team Plasma) (66),66/135
Revitalizer - 2016 (Jesper Eriksen),70/83
Unown V (Alternate Full Art),177/195
Jessie & James,58/68
Pikachu - HGSS03,HGSS03
Pikachu - SM157,SM157
Victini V - SWSH104,SWSH104
Deoxys (Normal Forme),016/107
Snorlax,49/53
Magmortar,002/095
Klingklang (Poke Ball Pattern),063/086
Tapu Fini GX,039a/147
Dugtrio,005/100
Latios,022/110
Keldeo ex,167/086
Scramble Switch - 2014 (Haruto Kobayashi),129/135
Squirtle,095/110
Manectric,39/109
Giratina EX,92/124
Eevee (62),62/100
Psyduck,039/217
Code Card - Crown Zenith Pokemon Center Elite Trainer Box Plus,
Wigglytuff (32),32/64
Explorer's Guidance,147/162
Toxicroak,11/99
Kyurem,116/203
Eri,210/162
Dewgong (Delta Species),15/101
Scrafty,139/086
Darkrai (Team Plasma) - BW73,BW73
Perrin,209/167
Origin Forme Palkia V (Alternate Full Art),167/189
Energy Switch,91/123
Klefki,066/119
Water Energy (#4),4/30
Electabuzz,076/165
Alolan Raichu,31/111
Bicycle,117/135
Jacq,236/198
Max Potion (121 Secret Rare),121/116
Rainbow Energy,95/109
Lightning Energy,108/114
Toxtricity ex,227/182
Paras,GG32/GG70
Eevee (21),21/30
Gardevoir EX,105/160
Magmar,086/165
Metal Energy (2011 Play! Pokemon),
Indeedee V (Full Art),192/202
Torterra LV.X,122/130
Unown [X],030/105
Fennekin,15/131
Reshiram,17/116
Iono - 2025 (Riley McKay),
Litleo,139/132
Psyduck,44/95
Ash's Pikachu - SM111,SM111
Sprigatito,196/193
Magnemite (Secret),242/236
Rescue Stretcher - 2018 (Robin Schulz),130/145
Metagross,004/095
Shadow Rider Calyrex VMAX (Alternate Art Secret),205/198
Celesteela GX - SM67,SM67
Metal Energy (Special),95/110
Sableye,31/110
Blacephalon GX (Full Art),199/214
Mightyena,12/107
Serperior VSTAR (Secret) (210),210/195
Pokemon Flute,086/102
Donphan,040/123
Duraludon VMAX,TG21/TG30
Flygon,053/094
Prinplup (44) - 2008 (Dylan Lefavour),44/100
Yamper,SV039/SV122
Surfing Pikachu VMAX,009/025
Metal Frying Pan (Secret),144/131
Victreebel,13/92
Team Magma's Poochyena,66/95
Warp Point,088/100
Shinx,98/130
Lightning Energy (2007-2008 League Promo),
Qwilfish,127/165
Meowth,053/110
Mewtwo EX - BW45,BW45
Suicune (30 - Holo),30/30
Mela,236/182
Krookodile,65/114
Delphox,013/086
Sobble - SWSH003,SWSH003
Jolteon,28/90
Zygarde - XY129 (Prerelease) [Staff],XY129
Space Center,91/107
Rillaboom,014/072
Arceus & Dialga & Palkia GX (Alternate Full Art),221/236
Cubone,77/162
Gardevoir,109/108
Marowak,44/102
Treecko,070/106
Tyrantrum - 066 [Staff],066
Team Aqua's Sharpedo,21/34
Code Card - Pikachu GX & Eevee GX Special Collection,
Boltund V (Full Art),249/264
Volcanion - XY185,XY185
Luxray,137/091
Jigglypuff,54/64
Ultra Ball - European International Championship,131/132
Emboar (Master Ball Pattern),013/086
Erika's Hospitality (Full Art),174/181
Growlithe,062/144
Passimian - SM12 (Prerelease) [Staff],SM12
Alolan Vulpix (14),21/145
Shaymin EX - 2016 (Jesper Eriksen),77/108
Lt. Surge's Spearow (83),083/132
Gardevoir ex - 2025 (Riley McKay) [Gold Stamped],
Dodrio,085/165
Abra,148/091
Mightyena,TG09/TG30
Buzzwole GX (Full Art),104/111
Chansey,19/112
Alcremie VMAX,023/073
Brandon (Full Art),188/195
Master Ball,116/132
Ho-oh,52/53
Gastrodon West Sea,22/111
Glaceon - BW90,BW90
Quick Ball,179/202
Basic Metal Energy (Cracked Ice Holo),016
M Kangaskhan EX (109 Secret Rare),109/106
Petilil,091/086
Fezandipiti ex,084/064
Lass,104/130
Snorlax - 122,122
Mareep,119/165
Light Flareon,046/105
Mega Charizard X ex,013/094
Mysterious Treasure,113/131
Noivern GX (Full Art),141/147
Hex Maniac - 2016 (Shintaro Ito),75/98
Mega Starmie ex,021/088
Giant Hearth (Secret),263/236
Wailmer,83/100
Gyarados GX (Full Art),101/111
Heatran - SM96 (Prerelease),SM96
Sandshrew,78/149
Ignition Energy,124/094
Ledian (15),015/144
Hitmontop (22),22/75
Ho-Oh BREAK - XY154 (XY Black Star Promo),XY154
Mew,01/18
Gothorita,213/193
Sceptile,11/109
Mew,10
M Blastoise EX,18/83
The Rocket's Trap,019/132
Pikachu ex,028/131
Diancie Prism Star - 2018 (Naohito Inoue),74/131
Giovanni's Charisma,197/165
Barboach,51/97
Tornadus EX (Team Plasma),98/116
Team Rocket's Zapdos (Gamestop Exclusive),070/182
Giovanni's Nidorino,045/132
Mew (8),08/53
Jolteon ex - 2006 (Jimmy Ballard),109/113
Morpeko V-Union - SWSH290,SWSH290
Houndstone ex - 162,162
Gengar,057/198
Darmanitan,098/086
Magnezone,SV29/SV94
Archen (Master Ball Pattern),050/086
Empoleon,35/113
Sabrina's Venomoth,034/132
Dark Tyranitar,020/109
Happiny,014/017
Noivern ex,220/091
Team Rocket's Zapdos,070/182
Bunnelby,SV097/SV122
M Glalie EX (Full Art),156/162
Arctozolt - SWSH036 (Prerelease) [Staff],SWSH036
Vulpix,138/132
Glalie,25/123
Regidrago VSTAR,136/195
Empoleon,038/162
Ninetales -199/197,199/197
Pachirisu,208/198
Trevenant EX,19/160
Here Comes Team Rocket!,111/109
Deoxys (67),67/168
Houndoom EX (Full Art),153/162
Excadrill,174/162
Rainbow Energy (17),17/82
Reshiram GX (Secret),71/70
Magneton,10/64
Giacomo,252/193
Koffing,051/102
Zekrom - BW24,BW24
Volbeat,42/106
Dracozolt,SV045/SV122
Cubchoo,109/086
Desert Ruins - 2004 (Tsuguyoshi Yamato),88/101
Psychic Energy,107/108
Holon Transceiver - 2006 (Miska Saari),98/113
Genesect EX (Team Plasma) (97 Full Art),97/101
Psyduck,73/100
M Alakazam EX (Full Art),118/124
Wally's Training - 2004 (Reed Weichler),89/100
Mewtwo V-UNION - SWSH161,SWSH161
Granbull (#29),29/30
Raichu,27/99
Espeon (Prime),81/90
Grass Energy,123/130
Pikachu (Secret),160/159
Totodile (135),135/165
Phanpy,076/105
Vulpix,068/102
Groudon,81/168
Mantine,064/111
Zygarde GX,73/131
Wobbuffet - 2004 (Reed Weichler),26/100
Swinub (107),107/144
Eternatus VMAX - SWSH045,SWSH045
Skarmory,23/64
Leavanny,12/113
Gholdengo ex - 2025 (Liao Fu Guan) [Gold Stamped],
Rayquaza ex,97/97
Iron Boulder ex,217/162
Noibat,194/091
Xerneas (Asia Promo),064/132
Machamp GL,46/111
Pikachu,124/165
Swablu,67/106
Korrina's Focus (Full Art),160/163
Feraligatr (Prime) - HGSS07,HGSS07
Judge - 2010 (Yuka Furusawa),78/95
Maxie,73/95
Carnivine,21/130
Quagsire GL,76/111
Exploud,3/106
Drifloon,006/017
Scizor,126/214
Charizard V (Secret),79/73
Venusaur (30),030/165
Toxtricity V (Full Art),182/192
Braviary,155/086
Pidgeot,02/18
Sabrina's Suggestion (Full Art),181/181
Call Energy - 2009 (David Cohen),92/100
Gallade - 2017 (Diego Cassiraga),84/162
Pikachu,60/106
Pikachu (Surfing),28
Lycanroc GX (SV67),SV67/SV94
Pokemon Nurse,023/034
Unown [C],67/130
Crystal Wall,139/149
Axew - BW26,BW26
Cynthia (Full Art),148/156
Volo (Secret),211/196
Naganadel GX,SV63/SV94
Swampert,012/147
Team Aqua's Mightyena,18/34
Absol,88/181
Keldeo EX - 2013 (Ian Whiton),49/149
Imakuni?,63/83
Voltorb,067/102
Crustle,130/086
Poncho-wearing Pikachu,203/XY-P
Hypno,23/113
Aerodactyl (Delta Species),35/110
Psyduck,65/82
Artazon - 2025 (Riley McKay),
Croconaw (#13),13/30
Scyther (36),36/90
Koffing,SV076/SV122
Xerneas Prism Star,144/214
Oricorio GX (Full Art),217/236
Meowscarada,018/159
Mega Gardevoir ex,159/132
Surprise! Time Machine,91/109
Vigoroth (#28),28/30
Team Rocket's Weezing,199/182
Koraidon - 091 (Prerelease) [Staff],091
Machamp 068/165 (Cosmos Holo),068/165
Omastar V (Full Art),174/195
Charmander,
Quagsire,48/64
Latias,11/110
Grass Energy,115/123
Murkrow,95/132
Guzma (Full Art),143/147
Tyranitar (Paldea Evolved Stamp),135/193
Skarmory,55/113
Cynthia's Roserade,008/182
Pidgey,012/017
Clobbopus,207/191
Luxray GL - 2010 (Mychael Bryan),9/111
Sleep! (Rocket's Secret Machine),79/82
Koraidon,119/162
Unown,40/90
Larvesta,196/191
Ancient Mew (Japanese Exclusive Print),1
Trainers' Mail (Secret),100/98
Kieran,206/167
Jigglypuff,08/18
Forest Seal Stone - 2023 (Tord Reklev),156/195
Trevenant V (Full Art),168/203
Coalossal V (Full Art),173/185
Latias,021/110
Horsea,067/064
Meganium,9/115
Chesnaught,5/39
Butterfree,2/112
Seismitoad EX (106 Full Art),106/111
Pikachu,070/111
Charmander - SWSH092,SWSH092
Psychic Energy (2009 Unnumbered POP Promo),
Rocket's Moltres,012/132
Slugma (99),099/144
Alakazam (H1),H01/H32
Meloetta ex,167/086
Noivern V (Alternate Full Art),196/203
Piplup,27/108
Eevee,188/167
Schoolboy (Secret),276/264
Earthen Vessel - 2024 (Fernando Cifuentes),163/182
Mary's Request,86/115
Suicune V,GG38/GG70
Rayquaza ex - 2004 (Chris Fulop),97/097
Seviper,11/100
Erika's Dragonair,004/132
Morpeko V (Full Art),190/202
Stakataka - SM209,SM209
Professor Sycamore - 2017 (Kabu Fukase),107/122
Ralts,81/113
Yanma (36),36/75
Plusle,39/106
Houndoom,7/115
Dusknoir - 2014 (Trent Orndorff),63/149
Kleavor V (Full Art) - SWSH248,SWSH248
Doublade,084/146
Dive Ball,125/160
Lightning Energy,163/165
Walking Wake ex,205/162
Prinplup,058/130
Miss Fortune Sisters (Secret),209/196
Centiskorch V (Full Art),179/189
Mew,076/214
Cloyster,20/112
Shaymin - XY115,XY115
Rain Castform,23/101
Cinccino,85/99
Squirtle,001/034
Clefable (17),17/64
Alph Lithograph,TWO
Volcarona,100/086
Blissey ex,101/115
Galvantula (Master Ball Pattern),034/086
Slowbro,14/112
Gengar VMAX,157/264
Lanturn (21),021/147
Shining Mewtwo,109/105
Zubat,59/64
Octillery,033/162
Tangela,112/147
Tapu Lele GX - 2018 (Magnus Pedersen),60/145
Shining Tyranitar,113/105
Registeel,68/111
Crushing Hammer - 2024 (Fernando Cifuentes),168/198
Gothorita - 2013 (Ian Whiton),46/98
Alolan Raichu (#30 Holofoil),30/30
Moltres,014/099
Roxanne,150/189
Umbreon GX (Full Art),142/149
Koga's Trap (Full Art),211/214
Miss Fortune Sisters (Full Art),194/196
Team Aqua's Walrein,6/95
M Blastoise EX (Full Art),102/108
Palkia G Lv.X,125/127
Brock's Golbat,039/132
Tool Scrapper,115/086
Metal Energy - 2005 (Curran Hill),88/106
Pidgey,207/197
Eevee (48),48/68
Houndoom V,021/189
Dark Arbok [W Stamped],19/82
Whimsicott V,064/172
Gastly,109/165
Venusaur,3/108
Team Aqua's Cacturne,1/95
Meganium,3/122
Volcarona (Master Ball Pattern),016/086
Hearthflame Mask Ogerpon ex,212/167
Darkrai - XY194,XY194
Reshiram ex,173/086
Infernape,23/156
Lillipup (#27),27/30
Malamar,TG06/TG30
Secret Box,163/167
Zapdos - 2024 (Jesse Parker),029/078
Dark Dragonite (22),22/82
Clefable (Prerelease),01/64
Vulpix,091/105
Hawlucha - 007 (Prerelease) [Staff],007
Gothita,124/086
Dragonite,96/149
Bidoof,GG29/GG70
Bulbasaur (Illustration Contest 2022),SWSH303
Tapu Koko (Ash vs Team Rocket Deck Kit),007/026
Honchkrow GX,109/214
Cyclizar ex - 018,018
Metal Energy (Secret),237/203
Delcatty,8/108
Altaria,049/073
Salazzle,224/217
Bill's Transfer,194/165
Ninetales,22/101
Goldeen,087/084
Oricorio,055/145
Rocket's Admin. - 2006 (Miska Saari),86/109
Rayquaza ex (Delta Species),97/101
Balloon Berry,60/64
Power Plant (Secret),269/236
Dialga G - 2010 (Yuta Komatsuda),7/127
Cyndaquil (57),057/111
Volcanion,026/114
Scoop Up,107/130
Honchkrow GX (Full Art),202/214
Feraligatr,20/123
Snorlax (Secret),224/198
Kyogre & Groudon Legend (Top),87/90
Shadow Rider Calyrex V,TG17/TG30
Lapras VMAX (Secret),203/202
Toedscool,105/091
Pawmot,076/193
Yanmega,005/017
Xatu - 059 (Prerelease) [Staff],059
Seaking,059/147
Metagross,178/162
Rapid Strike Urshifu V,TG20/TG30
Shuckle,136/132
Slowking,14/18
Charizard EX - XY29,XY29
Glameow 83/130,083/130
Potion (#20 - Wigglytuff),20/30
Marnie,340/S-P
Turtwig,131
Team Aqua's Sharpedo,5/95
Reshiram,017/072
Jamming Tower,243/182
Feraligatr ex,103/115
Lycanroc,76/131
Dark Omastar,019/105
Deino,146/086
Rayquaza,106/145
Glaceon VMAX (Alternate Art Secret),209/203
Talonflame BREAK,21/114
Origin Forme Palkia VSTAR - SWSH254,SWSH254
Polteageist,083/189
Morpeko V-Union - SWSH289,SWSH289
Venusaur ex (Stellar Crown Stamp),001/142
Drake's Stadium,72/108
Dark Scizor,009/105
Shroomish,72/107
Pawniard,185/091
Latios,073/182
Mr. Briney's Compassion - 2005 (Jeremy Maron),87/097
Zorua,70/114
Togepi,114/147
Cubone,60/102
Blaine's Vulpix,066/132
Aggron,080/124
Grant,GG62/GG70
Team Galactic's Invention G-105 Poke Turn - 2009 (Jason Martinez),118/127
Steelix V (Full Art),176/185
Whimsicott GX (Secret),226/214
N - 2018 (Robin Schulz),105/124
Abra,49/82
Evelyn (Full Art),175/181
Weepinbell,51/112
Zapdos,40/181
Duskull (Shiny),SH2
Origin Forme Dialga VSTAR,210/189
Garbodor (57) - 2018 (Robin Schulz),57/122
Altaria,152/149
Kirlia,140/214
Cobalion GX - 2019 (Henry Brand),106/181
Umbreon (32),32/75
Marill,68/109
Steelix ex,109/115
Alakazam (33),033/165
Medicham V (Alternate Full Art),186/203
Oddish - 2011 (Ross Cawthon),60/90
Mega Charizard Y ex,022/217
Team Magma's Zangoose - 2004 (Tsuguyoshi Yamato),23/95
Swablu,RC23/RC32
Regirock Star,91/92
Groudon EX - 2015 (Alejandro Ng-Guzman),85/160
Multi Energy - 2008 (Tristan Robinson),118/123
Quaxly,003/015
Alakazam ex,188/165
U-Turn Board,211/236
Cradily,4/101
Team Rocket's Tyranitar (Prerelease),096/182
Kyurem EX,25/98
Lairon,36/100
Fisherman - 2011 (David Cohen),92/123
Hawlucha (Master Ball Pattern),089/131
Lucario GL - 2010 (Yuta Komatsuda),8/111
Deoxys EX - 2014 (Haruto Kobayashi),53/116
Hatterene V,065/159
Alolan Sandslash (16),SM127
Gyarados,20/70
Cofagrigus,123/086
Manectric,9/109
Net Ball (Secret),234/214
Suicune,SV022/SV122
Durant (Master Ball Pattern),070/086
Virizion (Master Ball Pattern),010/086
Dark Ampharos,001/105
Code Card - League Battle Deck [Gardevoir ex],
Seviper - SM46 (Prerelease) [Staff],SM46
Palkia,11/100
Gengar,060/162
Vullaby (Master Ball Pattern),063/086
Gengar V,156/264
Air Balloon (Secret),213/202
Decidueye ex,015/197
Espeon VMAX (Alternate Art Secret),270/264
Durant ex,215/191
Ninetales,16/181
Koraidon ex (Unnumbered),
Melmetal GX - SM178,SM178
Krookodile (Master Ball Pattern),059/086
Jolteon (4),04/64
Radiant Heatran,027/189
Celebi ex (Non-Holo),017/017
Upper Energy - 2009 (David Cohen),102/111
Venusaur,003/108
Keldeo EX - 2015 (Jacob Van Wagner),49/149
Magnezone V (Full Art),175/196
Latios - HGSS11 (Cosmos Holo),HGSS11
Eevee & Snorlax GX,120/181
Muscle Band - 2015 (Jacob Van Wagner),121/146
Mystery Plate Beta,134/144
Kakuna,050/110
Tornadus (98 Full Art),98/98
Combee - 2010 (Mychael Bryan),57/100
Pikachu - SM04,SM04
Gardenia (Full Art),149/156
Staraptor FB Lv.X,147
Professor Elm's Lecture,188/214
Jolteon V - SWSH183,SWSH183
Vaporeon V (Full Art),172/203
Wailord ex,100/100
Blaine (100),100/132
Tornadus V (Full Art),184/198
Unown,51/102
Scoop Up Cyclone - 2015 (Rowan Stavenow),95/101
Zoroark,071/114
Primarina GX - SM39,SM39
Team Magma's Mightyena,21/95
Miraidon - 082 [Staff],082
Alph Lithograph,THREE
M Rayquaza EX,098/098
Tyranitar - XY130 (Prerelease) [Staff],XY130
Colress (Team Plasma),118/135
Registeel EX,81/124
Rotom,7/106
Lanturn (20),020/147
Ivysaur,
Machamp,9/92
Raikou,050/185
Cinccino,89/114
Beautifly,2/107
Charizard ex - 161,161
Unown [M],66/123
Jigglypuff,198/091
Ethan's Adventure,236/182
Galvantula,027/119
Koga's Ekans,077/132
Champions Festival - XY27 (2014 Top Thirty-Two),XY27
Team Rocket's Giovanni,238/182
Crushing Hammer,034/039
Bastiodon,093/084
Double Gust,100/111
Rillaboom - SWSH006 (Prerelease),SWSH006
Suicune (27),27/64
Team Aqua's Grimer,7/34
Snorlax,143/196
Snorlax,80/106
Sawsbuck,14/114
Glacia's Stadium,76/108
Terrakion - 2012 (Igor Costa),73/101
Absol,1/97
Nuzleaf,39/100
Ninetales BREAK,16/108
Gardenia's Vigor,GG61/GG70
Whismur - 019 (EX Deck Tin),019
Chespin - XY01,XY01
Prof. Oak's Research,98/112
Plusle,36/132
Garchomp C LV.X - DP46,DP46
Copperajah V (Full Art),187/192
Chandelure (Team Plasma),16/116
Torterra,010/095
Vileplume,006/147
Tapu Koko GX,47/145
Ivysaur,082/165
Leafeon,024/100
Typhlosion - 2011 (Christopher Kan),110/123
Grimer,48/62
Mystery Plate Alpha,133/144
Town Map,150/162
Hilda,171/086
Volcarona V (Full Art),170/203
Entei (17),17/64
Houndour,59/97
Treecko,006/160
Parasol Lady,238/182
Magnemite,63/97
Opal,TG28/TG30
Skitty,012/012
Jirachi - 2005 (Takashi Yoneda),8/101
Aether Paradise Conservation Area,SV87/SV94
Archaludon (Master Ball Pattern),070/131
Rocket's Admin. - 2005 (Takashi Yoneda),86/109
Magikarp,118/165
Mega Meganium ex,034
Chimchar,056/100
Friends in Paldea,137/131
Magneton - 2004 (Kevin Nguyen),17/097
Haxorus,147/086
Raging Bolt ex,218/162
Roaring Moon ex - 067,067
Boss's Orders - 2023 (Gabriel Fernandez),172/193
Houndour,59/109
Pignite - 2011 (David Cohen),18/114
Paldean Tauros,111/091
Lightning Energy (Prize Pack Series 3) (Cosmos Holo),
Teal Mask Ogerpon (Twilight Masquerade Stamp),024/167
Dragonair,052/146
Rocket's Admin. - 2006 (Jason Klaczynski),86/109
Detective Pikachu,10/18
Phione - SM220 (Prerelease),SM220
Ludicolo,095/094
Shuckle,109/132
Rare Candy - 2006 (Jimmy Ballard),90/110
Marshadow & Machamp GX,82/214
Pikachu ex,247/191
Boost Energy,145/147
Jumpluff (H13),H13/H32
Zapdos,41/99
Toxtricity V - SWSH017,SWSH017
Rocket's Articuno ex,96/109
Tepig (Master Ball Pattern),011/086
Single Strike Urshifu VMAX,TG19/TG30
Colress Machine - 2013 (Yugo Sato),119/135
Ampharos - 075,075
Regice,28/111
Torchic - 017 (Target Promo),017
Rare Candy (105 Secret Rare),105/101
Scizor GX,SV72/SV94
Sunflora,105/144
Venusaur EX - XY123,XY123
Pikachu (Jungle),60
Pikachu - 101,101
Pikachu Libre (30 - Holo),30/30
Switch,095/102
Regidrago VSTAR - 2024 (Evan Pavelski),136/195
Town Map - 2014 (Andrew Estrada),136/149
Lillie's Clefairy ex - 2025 (Riley McKay),
Floragato - 077,077
Lumineon,11/123
Code Card - Terapagos ex Ultra-Premium Collection,
Charizard G LV.X - DP45,DP45
Deoxys VMAX,GG45/GG70
Black Kyurem EX,95/135
N - 2012 (Igor Costa),96/108
Flareon E4,060/111
Moltres (Prerelease),XY127
Garbodor (51) - 2018 (Magnus Pedersen),51/145
Double Colorless Energy (Secret),166/145
Raging Bolt ex,123/162
Misdreavus,39/53
Precious Trolley,185/191
Rayquaza & Deoxys Legend (89) - 2011 (David Cohen),89/90
Dracozolt V,058/203
Dubwool V (Full Art),188/192
Bastiodon - 085 (Pitch Black Stamped),085
Champions Festival (2016),XY176
Super Energy Retrieval,089/111
Pikachu - 012 (10th Anniversary),012
Holon's Castform - 2007 (Jun Hasebe),44/110
Computer Search - 2015 (Alejandro Ng-Guzman),137/149
Rocket's Scizor - 4 [Winner],004/009
Dustox,220/217
Boltund,SV040/SV122
Popplio,004/012
Blastoise ex,104/112
Gyarados,007/034
Pichu Bros.,016/017
Double Dragon Energy - 2016 (Shunto Sadahiro),97/108
Xerneas EX (146 Full Art),146/146
Aerodactyl,15/100
Mega Gengar ex,284/217
Dragonite VSTAR - SWSH236,SWSH236
Poppy,227/197
Comfey,93/145
Misty's Determination,104/122
Iron Bundle - 066 (Pokemon Center Exclusive),066
Nidoqueen - 2009 (David Cohen),30/111
Glimmet,179/091
Kyurem VMAX,049/196
Shuckle,47/115
Dialga GX (Full Art),146/156
Jolteon,8/115
Venusaur EX,1/108
Lunatone,36/107
Meganium,13/123
Paras,004/034
Victreebel,042/147
Grass Energy,103/108
Lopunny,33/146
Koga's Tangela,081/132
Wobbuffet,56/110
Darkrai LV.X - DP19,DP19
Shadow Rider Calyrex V,074/198
Crushing Hammer (Secret Rare),166/156
Glaceon V,040/203
Scyther (26),26/64
Chandelure EX,77/113
Team Rocket's Crobat ex,217/182
Clefable,3/123
Donphan,008/017
Echoing Horn (Secret),225/198
Scyther,004/108
Slowpoke & Psyduck GX (Alternate Full Art),218/236
Stantler,076/111
Defender,080/102
Chansey,58/123
Meowth ex,062/088
Ninetales,17/95
Mr. Mime,47/116
Fire Energy,128/132
Charmander - 038,038
Terrakion,63/98
Psychic Energy (2004-2005),107/109
Azumarill,1/109
Ultra Ball - 2014 (Trent Orndorff),99/108
Tangela,066/102
Fighting Energy - 2010 (Michael Pramawat),
Magearna EX (Full Art),110/114
Brock's Zubat (74),074/132
Luxury Ball - 2009 (Jason Martinez),86/100
Remoraid,080/105
Mega Clefable ex,119/088
Bellossom (Delta Species),19/110
Ultra Ball (Secret),161/149
Pikachu V-Union - SWSH139,SWSH139
Roseanne's Research - 2008 (Dylan Lefavour),125/132
Elgyem (Master Ball Pattern),040/086
Jirachi,119/185
Shellos East Sea,106/132
Raichu GX,29/73
Exeggutor (12),012/147
Dragonite,18/102
Acerola - 2017 (Kabu Fukase),112/147
Team Magma's Claydol,8/95
Meowth,106/146
Tyrunt,68/131
Swablu,75/97
Duskull - 2008 (Jason Klaczynski),80/130
Mewtwo VSTAR,031/078
Town Store - 2024 (Jesse Parker),196/197
Xurkitree GX,SV58/SV94
Lugia EX (94 Full Art),94/98
Empoleon FB,027/147
Haxorus,016/020
Dusknoir (Master Ball Pattern),037/131
Togepi,04/18
Cinccino,SV094/SV122
Charizard - SM158,SM158
Duosion,119/086
Naganadel GX - 2019 (Henry Brand),160/236
Golem,024/110
Beedrill (Delta Species),1/113
Smoochum,67/132
Lilligant,5/101
Magmortar,GG03/GG70
Dark Persian,17/53
Ho-Oh EX,22/124
Mew,011/025
Shadow Lugia (Nintendo World Promo),
Kingdra,12/109
Falinks V (Full Art),185/192
Marshadow - 2019 (Henry Brand),81/214
Norman,237/182
Clefairy,101/165
Type: Null,089/111
Tauros - 2008 (Dylan Lefavour),12/100
Phanpy,043/111
Empoleon FB,27
Krookodile,062/098
Alakazam EX,25/124
Growlithe,65/100
Chi-Yu - 057 (Prerelease) [Staff],057
Tyranitar,17/123
Mr. Mime,11/18
Sewaddle (9),9/113
Fantina (Secret),206/196
Keldeo (47),47/149
Thought Wave Machine (Rocket's Secret Machine),096/105
Xatu,29/107
Sceptile EX,7/98
Vulpix (Delta Species),70/101
Hydreigon (Cosmos Holo),140/193
Malamar V (Full Art),186/192
Drifblim,156/091
Mimikyu,081/189
Team Magma's Groudon EX,15/34
Keldeo EX (142 Full Art),142/149
Lanturn,40/115
Luxray,046/099
Code Card - Power Partnership Tin [Mewtwo & Mew GX],
Pokemon Reversal,146/165
Choice Band (Secret),162/147
Flareon V (Full Art),169/203
Dewgong,3/112
Virizion - BW70,BW70
Palpitoad,41/113
Mewtwo EX (98 Full Art),98/99
Garchomp C,60
Meditite - 2005 (Curran Hill),55/106
Umbreon ex - 2006 (Jimmy Ballard),112/115
Tapu Lele GX (Full Art),137/145
Greninja GX,24/131
Dragonite,002/146
Stunfisk,83/113
Seadra (Delta Species),52/110
Iron Crown ex,216/162
Oran Berry,085/109
Snorlax,055/078
Kingdra ex,92/97
Broken Time-Space - 2009 (Jason Martinez),104/127
Machamp EX,37/98
Pikachu V (Full Art),170/185
Thwackey - 115 (Prerelease) [Staff],115
Decidueye GX (Secret),146/145
Orbeetle VMAX,021/185
Deoxys,016/107
Professor's Research [Professor Magnolia] - 223,223
Magby,58/92
Snorlax - SWSH068 (Prerelease),SWSH068
Trevenant EX (145 Full Art),145/160
Rayquaza VMAX (102),102/159
Eelektross,47/108
Snivy - 049,049
Hoopa EX,XY71
Greedent V,120/159
Raichu,014/102
Machoke,39/92
Alph Lithograph,FOUR
Mega Gardevoir ex - 032,032
Luxray ex,195/167
Beedrill ex,098/086
Unown (N),N/28
Erika's Gloom (45),045/132
Umbreon,24/100
Xatu,152/091
Mewtwo V - SWSH229,SWSH229
Drowzee,011/034
Solrock (25) - 2007 (Jeremy Scharff-Kim),25/92
Cessation Crystal,74/100
Bloodmoon Ursaluna ex,202/167
Water Energy - 2009 (David Cohen),
M Gardevoir EX (Full Art),112/114
Blaine's Rhyhorn,065/132
Victory Cup - BW30 (Battle Road Autumn 2012) [2nd Place],BW30
Charizard V,019/189
Thundurus EX (Team Plasma) (110 Full Art),110/116
Rayquaza,14/146
Buried Fossil,047/144
Cosmog,006/012
Gyarados,30/181
Dedenne,078/189
Dark Blastoise,004/110
Grand Tree,136/142
Zygarde GX (Secret),136/131
Buzzwole,21/236
Shedinja,95/214
Team Aqua's Electrike,27/95
Victreebel (14),14/64
Barraskewda,SV032/SV122
Origin Forme Dialga VSTAR - SWSH256,SWSH256
Chandelure V,039/264
Iono's Bellibolt ex,183/159
Octillery,026/147
Mantine (Delta Species),20/101
Houndoom - SWSH090 (Prerelease),SWSH090
Kabutops,012/012
Area Zero Underdepths,174/142
Octillery (H20),H20/H32
Latios,12/110
Deoxys EX (Team Plasma) (Full Art),111/116
Azumarill,114/113
Psychic Energy (2017 Unnumbered) (Wave Foil),
Sealeo,47/101
Scizor (29),29/75
M Charizard EX (X) (Secret),108/106
Professor Elm's Training Method,100/123
Cynthia - 2018 (Robin Schulz),119/156
Sandaconda V (Full Art),184/192
Camerupt EX (146 Full Art),146/160
Professor Elm,096/111
Piplup,071/100
Dratini,107/165
Golbat,060/144
Mawile Spirit Link,XY105
Lucian's Assignment,092/111
Rowlet - SM01 (General Mills Promo),SM01
Eevee (104),104/156
Typhlosion,20/162
Pikachu - SM162,SM162
Umbreon Star,17/17
Scyther,7/149
Multi Energy,103/112
Umbreon EX (Full Art),119/124
Sylveon GX,092a/145
Dialga EX,62/119
Wooloo - SWSH011,SWSH011
Code Card - Espeon GX Premium Collection,
Sylveon V (Alternate Full Art),184/203
Beautifly,219/217
Cresselia,2/100
Raticate BREAK,89/122
Celebi ex,117/115
Tapu Koko GX (Full Art),135/145
Snorlax,050/068
Rare Candy - 2005 (Michael Gonzalez),83/106
Suicune & Entei Legend LEGEND (95) - 2011 (Ross Cawthon),95/95
Goodra - 077,077
Water Energy (2010 Play! Pokemon),
Worker (Secret),209/195
Grookey,SV004/SV122
Unown [P],33/100
Twins,89/102
Zygarde,XY152
Conkeldurr V (Full Art),073/078
Aurora Energy,186/202
Tauros,47/64
Azumarill (H4),H04/H32
Dialga G,007/127
Raikou,079/214
Raticate,040/102
Vanillish,190/182
Lillie - 2018 (Pedro Eugenio Torres),125/156
Espeon,048/108
Gyarados EX (Full Art),114/122
Trevenant VMAX,014/203
Moltres,22/113
Wobbuffet,24/108
Haxorus,069/101
Stoutland (Secret),248/236
Alolan Persian GX (Full Art),219/236
Chesnaught BREAK,12/162
Dodrio,34/64
Dugtrio (44),044/165
Hoopa V,GG53/GG70
Vikavolt V (Full Art),180/189
Groudon,006/095
Meltan,179/162
Aegislash VMAX,127/185
Bewear - SM49 (Prerelease),SM49
Guzma - 2018 (Magnus Pedersen),115/147
Blitzle,35/101
Venusaur,003/078
Mew - XY110,XY110
Karen - 2017 (Zachary Bokhari),XY177
Basic Fighting Energy - 006 (Cosmos Holo),006
Flying Pikachu V - 2022 (Ondrej Skubal),006/025
Light Azumarill,013/105
Caterpie,57/123
Oleana (Full Art),191/192
Kyurem ex,165/086
Mudkip - XY38,XY38
Corviknight,SV089/SV122
Galarian Meowth,SV086/SV122
Professor's Research [Professor Magnolia],178/202
Dragonite,149/165
Light Ninetales,050/105
Lucario VSTAR - SWSH291,SWSH291
Gardevoir VMAX,17/73
Tentacruel,038/147
Blastoise V - SWSH101,SWSH101
Mr. Briney's Compassion,87/97
Palkia GX,20/131
Fletchinder,199/193
Trainers' Mail,92/108
Solosis (Master Ball Pattern),037/086
Pikachu & Zekrom GX,33/181
Castform Sunny Form,51/146
Tepig,015/114
Gengar,TG06/TG30
Magikarp,72/123
Lightning Energy (2009 Unnumbered POP Promo),
Terrakion EX,71/124
Porygon-Z LV.X,100/100
Dusclops,014/108
Startling Megaphone - 2014 (Haruto Kobayashi),97/106
Pikachu,058/102
Melony (Full Art),195/198
Garbodor (51) - 2018 (Robin Schulz),51/145
Ursaring,37/95
Froakie - XY03,XY03
Pikachu - SM227,SM227
Hitmonchan,069/105
Pokemon Communication - 2010 (Yuta Komatsuda),98/123
Togepi,056/105
Turbo Patch (Secret),200/189
Pidgey - 2006 (Hiroki Yano),73/112
Ponyta,102/147
Gardevoir V,16/73
Chingling,42/123
Exeggcute,52/64
Weepinbell,48/64
Ledian,039/111
Emolga EX (143 Full Art),143/146
Hitmonlee,042/105
Crustle,186/182
Hatterene VMAX,GG47/GG70
Alcremie ex (Journey Together Stamped),075/159
Light Arcanine,012/105
Magearna - XY186,XY186
Houndour,043/105
Ampharos,1/127
M Glalie EX,35/162
Scyther,006/034
Holon Scientist - 2007 (Akira Miyazaki),97/113
Toucannon,094/084
Mawile,33
Indeedee,SV059/SV122
Marill,066/111
Giovanni's Nidoking,007/132
Ice Rider Calyrex VMAX,TG15/TG30
Vaporeon (Team Plasma),20/116
Groudon,29/146
Pikachu & Zekrom GX - SM248,SM248
Golduck,29/127
Sabrina's Haunter,058/132
Gliscor,4/90
Liepard,137/086
Wailord,31/102
Rayquaza EX (75),75/108
Typhlosion ex,110/115
Poltchageist,171/167
Gardevoir,7/109
Chandelure (Secret),101/99
Scyther (10),10/64
Black Kyurem EX,101/149
Digger (Rocket's Secret Machine),75/82
Ponyta,126/165
Alolan Ninetales,111/181
Gloom,049/147
Electrode,036/144
Dragonair,022/130
Dunsparce - 2004 (Reed Weichler),60/100
Copperajah VMAX,137/192
Klink,074/114
Absol ex,92/108
White Kyurem (Full Art Promo),XY81
Dusclops,17/100
Blaziken,001/017
Unown [J],38/53
Rocket's Minefield Gym,119/132
Shaymin Lv.X (Sky Forme),127/127
Miltank,27/39
Mew,004/017
Staravia,010/015
Trubbish,48/101
Warp Point - 2008 (Paul Atanassov),88/100
Cherish Ball,191a/236
Wartortle,050/112
Rillaboom,015/202
Slakoth (#15),15/30
Raticate,061/110
Greedent VMAX,218/264
Code Card - Powers Beyond Tin [Rayquaza EX],
Arceus VSTAR (Secret) (184),184/172
Golem,29/132
Lotad,55/100
Eelektross,115/086
Enhanced Hammer (162 Secret Rare),162/160
Code Card - XY Evolutions Elite Trainer Box [Mega Blastoise],
Dustox,25/130
Venusaur,003/034
Charizard,3/132
Sabrina's Mr. Mime,094/132
Treecko (Delta Species),68/100
Metal Energy (2017 Unnumbered) (Wave Foil),
Silvally GX,SV79/SV94
Code Card - Pitch Black Pokemon Center Elite Trainer Box Digital Bundle,
Typhlosion,32/123
Agatha (Full Art),186/198
Clefable,98/135
Mareep,093/147
Pikachu (56),56/236
Persian GX (Secret),227/214
Onix,084/130
Zisu (Secret),207/189
Mirage Stadium,132/144
Arctovish V,048/203
Psyduck,175/165
Gothorita (Master Ball Pattern),042/086
Magnemite - 2004 (Kevin Nguyen),62/97
Oracle - 2004 (Kevin Nguyen),138/144
Machamp,46/111
Mawile,23/110
White Kyurem - BW59,BW59
Raikou EX (105 Full Art),105/108
Unown [V],089/105
Gordie,TG24/TG30
Ancient Tomb,87
Dark Tyranitar (20) - 2005 (Takashi Yoneda),20/109
Klinklang,101/142
Dragonair,52/146
Porygon-Z G,26/99
Magikarp,110
Audino,RC17/RC25
Surfing Pikachu,28/53
Galarian Slowking (Cosmos Holo),098/198
Tauros,062/130
Mamoswine,5/102
Corviknight VMAX,110/163
Black Belt's Training,255/217
Eevee GX - SM233,SM233
Togepi,102/135
Emboar,26/149
Magnemite,053/102
Cinccino,147/202
Frigibax,128/091
Murkrow,46/64
Charizard,143/S-P
Dreepy,247/217
Espeon,48/108
Gossifleur,SV010/SV122
Float Stone - 2013 (Yugo Sato),99/116
Code Card - Team Up Elite Trainer Box,
Guzma,115/147
Cinccino - SWSH009 (Prerelease),SWSH009
Bidoof (Peelable Ditto),059/078
Lapras,56/214
Electivire LV.X,121/123
Poliwhirl,46/112
Morgrem,SV084/SV122
Sigilyph GX (Full Art),202/214
Metal Energy (Basic),112/114
Magmar,44/109
Chespin -  058,058
Blissey (Prime),106/123
Blastoise,003/034
Double Colorless Energy,090/123
Venonat,090/105
Brock's Vulpix,073/132
Drifloon (Shiny),SH1
Swanna,SV096/SV122
Chimecho,17/101
Wobbuffet - 2018 (Magnus Pedersen),RC11/RC32
Ice Rider Calyrex VMAX (Alternate Art Secret),203/198
Hisuian Lilligant V (Alternate Full Art),163/189
Tornadus GX - SM134,SM134
Heat Factory Prism Star - 2019 (Kaya Lichtleitner),178/214
Gyarados,19/100
Magearna EX,75/114
Ultra Necrozma GX (Full Art),127/131
Latias EX,85/116
Professor Elm's Lecture (Full Art),213/214
Arboliva,104/091
Snubbull,074/111
Clefable (7),007/165
Horsea,062/111
Code Card - Crimson Invasion Prerelease Kit,
Dusknoir,070/064
Tornadus EX - BW96 (Prerelease) [Staff],BW96
Wobbuffet,28/92
Dracovish V,114/172
Maushold ex,233/182
Mary's Request - 2006 (Miska Saari),86/115
Quagsire,26/70
Blastoise EX - XY30,XY30
Articuno,1/100
Houndoom,005/090
Golbat - 2015 (Rowan Stavenow),32/119
Drayton,244/191
Life Dew,107/116
Rainbow Energy - 2011 (Ross Cawthon),104/123
Computer Search,071/102
Sceptile,010/106
Kabutops (14),014/144
Dark Pupitar,41/109
Raichu (14),14/62
Training Court (Secret),282/264
Furret,168/159
Medicham,10/101
Lilligant,10/114
Rabsca,215/193
Patrat,152/086
Lt. Surge's Pikachu,081/132
Dedenne (142),142/214
Noctowl (Master Ball Pattern),078/131
Reshiram,113/114
Electivire,54/149
Aggron VMAX,097/172
Jolteon GX - SM173 (SM Black Star Promo),SM173
Zapdos,041/099
Celebi,50/53
Shining Volcanion,27/73
Golisopod GX - 2017 (Kabu Fukase),17/147
Girafarig,058/111
Shelgon,007/020
Plusle,8/97
Blaziken V,020/198
Bronzong,61/119
Snorlax,50/68
Zweilous (Master Ball Pattern),066/086
Bronzong,16/100
Keldeo V,053/202
Sordward & Shielbert,TG28/TG30
Code Card - 2022 World Championship Deck: Ondrej Skubal (ADP),
Kyurem V,048/196
Weedle,1/39
Omastar BREAK,19/124
Swirlix,009/012
Sceptile ex,93/95
Marowak,61/124
Bianca's Devotion,197/162
Volkner's Philosophy,098/111
Pignite,017/114
Tapu Koko Prism Star - 2019 (Haruki Miyamoto),51/181
Whimsicott,076/185
Cornerstone Mask Ogerpon ex,160/131
Swampert,027/100
Venture Bomb,93/109
Smeargle,TG10/TG30
Gastly,62/100
Pachirisu,035/130
Joltik (Master Ball Pattern),033/086
Primal Kyogre EX (Alpha - 149 Full Art),149/160
M Altaria EX (Full Art),121/124
Toy Catcher (Secret),233/203
Nidorina,40/64
Alolan Sandslash - SM18 (Prerelease),SM18
Lightning Energy (2023),004
Clefairy Doll,070/102
Pikachu - SWSH039,SWSH039
Lt. Surge's Voltorb,086/132
Crystal Shard - 2007 (Jeremy Scharff-Kim),76/100
EXP.ALL,093/105
Fairy Energy (#8),8/30
Regirock,53/111
Shaymin (Master Ball Pattern),087/131
Gyarados,040/192
Bianca,109/113
Grass Energy - 2010 (Yuka Furusawa),
Virizion V - SWSH295,SWSH295
Jirachi,8/101
Raticate,099/088
Energy Switch (Gyarados),21/30
Switch (Gyarados),28/30
Rayquaza (Energy Symbol Pattern),153/217
Wobbuffet,13/123
Superior Energy Retrieval,277/193
Jellicent ex,045/086
Buizel - DP13,DP13
Drampa - SM21 (Prerelease) [Staff],SM21
Code Card - ex Battle Deck [Melmetal ex],
Garbodor - SWSH025 (Prerelease),SWSH025
Roserade (15),15/124
Archaludon (Cosmos Holo) (EB Games Exclusive),107/142
Meganium (11),011/111
Rescue Board,225/167
Arcanine (H2),H02/H32
Special Delivery Charizard - SWSH075,SWSH075
Deerling,165/162
Scyther,4/108
No Removal Gym,103/132
Mudkip - 018 (Target Promo),018
M Mawile EX,XY104
Steelix (31),031/144
Jolteon (H12),H12/H32
Houndoom (Master Ball Pattern),063/131
Max Potion,94/98
Lucario C,31
Double Rainbow Energy,88/100
Chimecho - 024 (e-League),024
Goodra - 077 [Staff],077
Team Rocket's Dugtrio,239/217
Flutter Mane - 097 (Pokemon Center),097
Dragapult ex - 2025 (Jose Cruz Galindo-Resendiz),
Grafaiai,190/091
Shieldon - DP08,DP08
Eevee V - SWSH065 (Eevee Stamped),SWSH065
Rayquaza EX (Shiny),XY69
Espeon GX - SM35 (SM Black Star Promos),SM35
Mewtwo & Mew GX,71/236
Greninja GX (Full Art),120/131
Regirock ex,98/101
Eevee - BW97,BW97
Houndoom,10/95
Klinklang (Team Plasma),90/135
Pikachu (German),PW 6
Hitmonchan,24/115
Paldean Clodsire ex,244/193
Pupitar (Master Ball Pattern),048/131
Wally's Compassion,176/132
Treecko,008/168
Victini,023/113
Wigglytuff ex,040/165
"Articuno, Moltres, and Zapdos (Warner Bros. Promo)",
Muk & Alolan Muk GX,61/214
Yanmega ex,206/182
Code Card - League Battle Deck [Dragapult ex],
Giratina (Team Plasma),62/135
Snom,084/264
Oranguru,SV098/SV122
Hydreigon (97),97/124
Poke Maniac (Full Art),236/236
Garchomp C,060/147
Lt. Surge's Rattata,085/132
Litten - 044,044
Basic Fire Energy - 002 (Cosmos Holo),002
Hisuian Zoroark VSTAR,GG56/GG70
Wigglytuff,019/130
Pichu,93/123
Gliscor LV.X,141/146
Raikou V,048/172
Unown (D),D/28
Dragonite ex,159/197
Crystal Beach - 2008 (Paul Atanassov),75/100
Team Rocket's Mimikyu,097/217
Meowth,121/165
Jigglypuff,068/144
Raichu & Alolan Raichu GX (Secret),241/236
Zacian V-UNION - SWSH165,SWSH165
Raichu,049/162
Rainbow Brush (Secret),182/168
Celebi V,007/198
Azumarill (Alpha),104/160
Tyranitar V,158/264
Kangaskhan - 202 (Cosmos Holo),202
Electrike,007/012
Lightning Energy (2010 Play! Pokemon),
Houndoom,57/146
Gloom,35/101
Melmetal V - SWSH224,SWSH224
Dialga - DP49,DP49
Bewear GX - SM34 (Black Star Promos),SM34
Rocket's Admin. - 2005 (Jeremy Moran),86/109
Spidops ex,243/198
Bulbasaur,067/130
Sunflora,38/132
Charizard & Braixen GX (Full Art),212/236
Manaphy,002/017
Professor Juniper - 2012 (Zachary Bokhari),98/108
Dendra,266/193
Tornadus,108/113
Meowstic - XY48,XY48
Tyranitar (Prime),88/95
Genesect - XY196,XY196
Rhyhorn,091/144
Rescue Stretcher - 2017 (Diego Cassiraga),130/145
Pikachu (Pokemon Day Stamped),009/017
Quagsire,22/116
Pansage - BW11,BW11
Ivysaur,51/132
Meganium,003/122
Dragapult VMAX (Secret),197/192
Fighting Energy (Prize Pack Series 3) (Cosmos Holo),
Greninja & Zoroark GX (200) (Full Art),200/214
Sandaconda,082/163
Zubat,82/109
Magikarp,67/112
Vaporeon ex,023/131
Skiploom - 2010 (Yuka Furusawa),65/132
Serperior ex,164/086
Combee,059/100
Gible,106/147
Solgaleo,142/236
Snorlax,26/39
Xurkitree - SM116 (Prerelease) [Staff],SM116
Flareon Star,100/108
Decidueye,20/236
Geeta,226/197
Ledyba (72),072/144
Pichu,012/111
Dialga EX (Team Plasma),65/101
White Kyurem (Prerelease),XY128
Archaludon,107/142
Water Energy,105/108
Basic Lightning Energy - 004 (Cosmos Holo),004
Wobbuffet (35),35/75
Professor Birch's Observations (159 Full Art),159/160
Unown [A] (33),33/75
Silcoon,46/107
Skuntank V (Alternate Full Art),181/195
Muk ex,96/97
Tirtouga (Master Ball Pattern),022/086
Charizard ex,183/165
Silvally GX (Full Art),227/236
Piloswine,36/64
Corsola - 2007 (Akira Miyazaki),37/115
Rayquaza - SWSH029,SWSH029
Jolteon ex,030/131
Marill,68/100
Ghetsis (Team Plasma),101/116
Charmander,168/165
Mewtwo ex,157/128
Mantine,074/105
Welcoming Lantern (Secret),230/198
Giratina - 2017 (Zachary Bokhari),XY184
Volcanion EX (Full Art),107/114
Raikou V,GG41/GG70
Chansey,010/012
Gabite (89),89/124
Wooper,SV9/SV94
Code Card - League Battle Deck [Charizard ex],
Noctowl,040/144
Revavroom ex,216/197
Porygon,48/82
Ultra Necrozma GX,95/131
Beedrill (15) - 2009 (Stephen Silvestro),15/111
Vulpix,107/123
Flygon,5/132
Team Magma's Houndoom,34/95
Alolan Muk,058/149
Zubat,88/113
Darkness Energy (2010 Play! Pokemon),
Sylveon V,074/203
Crobat - 2015 (Rowan Stavenow),33/119
Tapu Fini - 2019 (Haruki Miyamoto),53/236
Riolu,091/127
Brock's Scouting - 2025 (Jose Cruz Galindo-Resendiz),
Impostor Professor Oak's Invention,094/105
Magcargo (H16),H16/H32
Houndoom G,50/127
Serperior - BW20,BW20
Mew,53/108
Kirlia,154/091
Skarmory,013/111
Skarmory,31/95
Flygon,99/149
Scizor,205/197
Mega Greninja ex - 081,081
Winona (108 Full Art),108/108
Charizard GX,9/68
Blaziken,3/127
Klara (Secret),217/198
Miraidon - 148 (Duplicate),148
Teal Mask Ogerpon ex,190/167
Linoone,34/106
Dark Celebi,4/101
Mawile GX,141/236
Garchomp,SV40/SV94
Poke Ball - SWSH146,SWSH146
Marshtomp - 011 (e-League) [Winner],011
Minun - HGSS17,HGSS17
Greavard,042/091
Swoobat,120/086
Hex Maniac - 2017 (Naoto Suzuki),75/98
Giant Stump,75/92
Abra,067/110
Torterra,008/172
Erika's Oddish (78),078/132
Exeggutor,023/110
Eevee GX - SM242,SM242
Full Flame - 2006 (Jimmy Ballard),74/92
N's Plan,170/086
Torkoal,33/110
Chikorita,054/111
Magnemite - 2011 (David Cohen),68/102
Slowpoke,204/198
Alakazam V (Full Art),172/185
Lillie's Clefairy ex,076/217
Rillaboom - SWSH006 (Prerelease) [Staff],SWSH006
Cyndaquil,61/123
Mothim,42/100
Victini,015/101
Duraludon V (Full Art),197/203
Mew ex - 2006 (Jason Klaczynski),88/92
Rapid Strike Urshifu VMAX,TG21/TG30
Dialga,4/100
Pokemon Ranger - 2016 (Cody Walinski),104/114
Fighting Energy (2007-2008 League Promo),
Gliscor,81/149
N - 2012 (Zachary Bokhari),96/108
Vileplume (31),031/165
Kricketune,GG02/GG70
Grass Energy - 2005 (Jeremy Maron),
Vulpix,102/127
Mystery Plate Delta,136/144
Eevee (Delta Species) - 2007 (Jun Hasebe),68/113
Wishiwashi GX (Secret),151/145
Lucario,19/95
Castform Rain Form,49/146
Vaporeon (Master Ball Pattern),022/131
Rillaboom VMAX,023/264
Vulpix,
Galarian Corsola,SV049/SV122
Charizard G,20
Charmeleon,169/165
Joltik,116/086
Suicune & Entei LEGEND (94) - 2011 (Ross Cawthon),94/95
Aegislash VMAX (Secret),190/185
Energy Switch,90/112
Bulbasaur - SM198 (In-Store Event Promo),SM198
Rayquaza EX - XY69,XY69
Mew VMAX (Alternate Art Secret),269/264
Zoroark GX (Secret),77/73
Latios GX (Full Art),223/236
Pheromosa GX (Secret Rare),158/156
Erika's Exeggutor,044/132
Jasmine's Gaze,233/191
Hala (Full Art),143/145
Chingling,98
Hippopotas (Master Ball Pattern),052/131
Cynthia's Gabite (Cosmos Holo),103/182
Darkrai GX,88/147
Tyrunt - 070 (Pokemon Center Exclusive),070
Brionne,040/149
Gothita (Master Ball Pattern),041/086
Nidoqueen - SM160 (Prerelease) [Staff],SM160
Mewtwo,014/034
Cacnea,58/100
Steelix,23/100
Rapidash - SWSH270 (Prerelease) [STAFF],SWSH270
Flareon VMAX,018/203
Crobat V,TG20/TG30
Mew EX,46/124
Pokemon Catcher - 2012 (Chase Moloney),95/98
Pikachu V - SWSH063,SWSH063
Blaziken,28/160
Skitty,41/100
Zapdos,023/108
Primeape,43/64
Kyogre,6/106
Bravery Charm,175/142
Charizard VSTAR,018/172
Banette ex,85/92
Claydol,5/107
Palkia (Shiny),SL8
Fighting Energy - 2012 (Igor Costa),
Sneasel,24/64
Pokemon Retriever,84/109
Sudowoodo,35/123
Clefairy (#13),13/30
Pikachu,112/111
Greninja,117/214
Mawile - 039 (Prerelease) [Staff],039
Teal Mask Ogerpon ex - 2025 (Yuya Okita),
Galarian Zigzagoon,SV078/SV122
Centiskorch VMAX (Secret),191/189
Beedrill,18/75
Serperior,125/124
Oddish,068/111
Deoxys Normal Forme,1/146
Charizard,4/102
Palkia GX (Full Art),119/131
Solrock,075/132
Professor Elm's Training Method - 2006 (Jason Klaczynski),89/115
Prinplup,59/127
Pidgeotto - 2006 (Hiroki Yano),45/112
Buddy-Buddy Poffin (NAIC Promo),144/162
Squirtle,24/135
Falkner,251/193
Electrode (Team Plasma) - BW76,BW76
Scizor V (Full Art),183/189
Kricketune,24/102
Froakie - 2016 (Cody Walinski),38/122
Mew V,060/159
Single Strike Urshifu VMAX,086/163
Marshtomp,67
Nidorino,054/130
Reshiram,021/099
Metagross ex,95/108
Toxicroak ex,232/198
Yveltal,95/181
Snorlax V,141/202
Noivern (#30 - Holo),30/30
Teal Mask Ogerpon ex,145/131
Latias - SM135,SM135
Pikachu,19/68
Manectric EX - 2015 (Patrick Martinez),23/119
Heatran GX - 2019 (Shintaro Ito),25/236
Azumarill,18/130
Darkrai,3/100
Gym Badge (Giovanni),XY210
Mega Gardevoir ex,187/132
Empoleon V (Alternate Full Art),146/163
Toxtricity (Prerelease),017
Liepard (Master Ball Pattern),056/086
Sprigatito ex,251/217
Elekid,009/147
Energy Charge,86/107
Politoed,007/095
Skitty,62/108
Chi-Yu - 057 (Prerelease),057
Gym Badge (Brock),XY203
Umbreon,130/197
Reshiram - 2011 (Christopher Kan),26/114
Water Energy (2011 Pokemon League Promo),
Bouffalant,119/142
Tyrunt,61/111
Solgaleo GX,89/149
Metagross GX (Secret),157/145
Code Card - Mewtwo V-UNION Special Collection,
Iron Valiant ex,249/182
Haunter,029/102
Galarian Weezing,113/192
Bastiodon,85/156
Code Card - V Battle Deck [Gardevoir V],
Chansey,70/108
Pokegear 3.0 - 2011 (Christopher Kan),96/123
Holon's Voltorb - 2007 (Tom Roos),71/113
Hisuian Electrode V (Full Art),172/196
Skitty - 2004 (Kevin Nguyen),79/100
Baltoy - 2008 (Dylan Lefavour),60/106
Rhyperior E4,032/111
Victory Cup - BW29 (Battle Road Spring 2013) [3rd Place],BW29
Rayquaza GX (Full Art),160/168
Meowth,011/012
Team Rocket's Tyranitar (Prerelease) [Staff],096/182
Kyurem,031/116
M Altaria EX,69/124
Ace Trainer,069/098
Terapagos & Friends,
Kyogre ex - 037 (EX Collector's Tins),037
Sabrina's Golduck,030/132
Grass Energy (2011 Pokemon League),
Snorlax,158/214
Weedle (115),115/144
Oddish (111),111/146
Phanpy,205/191
Giratina VSTAR (Secret),GG69/GG70
Energy Removal,092/102
Team Aqua's Lanturn,28/95
Hitmontop,008/095
Rainbow Energy,104/123
Gym Badge (Lt. Surge),XY205
Iscan (Full Art),192/196
Xerneas - XY05,XY05
Cobalion EX (133 Full Art),133/135
Charcadet,114/091
Blaziken ex,89/95
Zangoose,14/100
Unown [S],39/132
Genesect - 2025 (Jose Cruz Galindo-Resendiz),
Wailmer,69/92
Darkrai EX - BW46,BW46
Magearna V (Full Art),182/195
Sableye,10/100
Gardevoir,54/98
Dragonite ex,90/97
Shrine of Punishment,SV90/SV94
Bellsprout (45),045/147
Metagross VMAX (Secret),208/198
Schoolgirl (Full Art),262/264
Prism Energy - 2012 (Igor Costa),93/99
Irida (Full Art),186/189
Flareon (H7),H07/H32
Regice,36/146
Float Stone - 2017 (Zachary Bokhari),137/162
Charmeleon,102/100
Blaine's Arcanine,001/132
Kadabra,046/130
Numel,69/97
Stonjourner VMAX (Secret),205/202
Gardevoir,009/108
Gengar & Mimikyu GX (Full Art),164/181
Charizard,025/185
Tag Switch (Secret),254/236
Lucario EX,54/111
Beedrill,020/110
Dark Charmeleon,32/82
Primarina GX,42/149
Bug Catching Set (Poke Ball Pattern),102/131
Cofagrigus,52/108
Wigglytuff,034/144
Magmortar,27/102
Plusle - HGSS16,HGSS16
Professor Sada's Vitality,239/182
Drifloon,155/091
Primeape,059/110
Alcremie,SV058/SV122
Ludicolo,38/168
Oracle - 2004 (Chris Fulop),138/144
Energy Retrieval - 2012 (Shuto Itagaki),92/114
Electrode (2),02/64
Light Slowbro,051/105
Landorus EX,89/149
Professor Juniper - 2013 (Yugo Sato),98/108
Grimmsnarl VMAX,115/189
Grant (Full Art),185/189
Team Rocket's Zapdos (EB Games Exclusive),070/182
Magnemite,076/144
Glaceon (Master Ball Pattern),025/131
Miraidon ex - 143,143
Blastoise,001/017
Victory Cup - BW31 (Battle Road Spring 2012) [1st Place],BW31
Flareon ex,014/131
Articuno (48),48/53
Pikachu VMAX,044/185
Charmander,011/094
Mamoswine,21/100
Mudkip,65/97
Mimikyu ex (Journey Together Stamped),069/159
Gyarados (20),20/98
Palkia EX (Team Plasma),66/101
Dragonite,083/116
Tentacruel,066/110
Ninetales,32/123
Hatenna,SV054/SV122
Haxorus - BW57,BW57
Shelgon,20/97
Fezandipiti ex - 2025 (Riley McKay),
Crobat,093/086
Charmander,113/112
Pokemon Tower,42/53
Yamask,122/086
Yungoos (Ash vs Team Rocket Deck Kit),015/026
Magikarp,65/100
Lickilicky C,30
Nidoqueen - SM160 (Prerelease),SM160
Cloyster (8),008/165
Ponyta,71/100
Virizion GX (Full Art),197/214
Regigigas EX,82/99
Salamence,8/20
Uxie - 2009 (David Cohen),43/146
Gardevoir,7/132
Rotom,197/182
Hisuian Zoroark V,146/196
Shining Arceus,57/73
Roseanne's Research,125/132
Silvally,184/236
Exploud,17/106
Zeraora,52/181
Lapras (25),25/62
Snivy (Master Ball Pattern),001/086
Rotom V (Alternate Full Art),177/196
Ledian - 133,133
Misdreavus,25/109
Aipom,067/147
Flygon EX,XY61
Float Stone - 2013 (Ian Whiton),99/116
Rockruff - SM06 (General Mills Promo),SM06
Sableye G,41
Genesect ex,169/086
Wimpod - 2017 (Kabu Fukase),16/147
Hoopa V - SWSH176,SWSH176
Team Magma's Aggron,14/34
Luxray BREAK,47/122
Galvantula ex,159/142
Lt. Surge's Treaty,112/132
Dawn Wings Necrozma GX (Full Art),143/156
Eldegoss V,019/192
Siebold (Full Art),198/198
Prof. Oak's Research (2004-2005),98/112
Eevee - SWSH118,SWSH118
Metagross,095/168
Ralts,RC8/RC25
Infernape,017/135
Eternatus VMAX,SV122/SV122
Chikorita (Delta Species),44/101
Smeargle,8/90
Dracovish,SV036/SV122
Munchlax,68/100
Unown (E),E/28
Kirlia,RC9/RC25
Ceruledge,197/191
Team Rocket's Tyranitar (Pokemon Center Exclusive),096/182
Roaring Moon - 2024 (Sakuya O. Gold Signature),109/162
Victini - XY117,XY117
Flaaffy,007/017
Swampert,13/109
Electivire,GG08/GG70
"Code Card - Guardians Rising Theme Deck - ""Steel Sun"" [Solgaleo]",
Marill (#24),24/30
Rayquaza VMAX,111/203
Altaria,040a/070
Gothitelle,72/113
Snover,101/123
Arcanine,1/123
Toxtricity,SV042/SV122
Houndoom,066/064
Nidoran M (Delta Species),57/101
Marill,11/18
Pikachu ex,277/217
Broken Time-Space,104/127
Guzzlord GX (Secret),116/111
Bebe's Search - 2008 (Dylan Lefavour),119/132
Grant (Secret),203/189
Kirlia,47/113
Whitney (Full Art),214/214
Juggler,126/147
Bronzong G - 2010 (Yuta Komatsuda),41/127
Rhyperior LV.X - DP29,DP29
Galarian Articuno V (Secret),181/172
Reshiram & Zekrom GX (Full Art),222/236
Empoleon V,040/163
Fire Energy (2010 Unnumbered HGSS Style Non-Holo),
Glaceon EX (Full Art),116/124
Multi Energy,89/106
Meloetta,77/149
Apricorn Maker (Full Art),161/168
Shelmet (Master Ball Pattern),008/086
Champions Festival (2016) [Staff],XY176
Poliwrath,025/108
Deoxys ex (Defense Forme),99/107
Fire Energy (2006-2007 League Promo),
Milotic C,35
Mudsdale,175/162
Buneary,012/017
Poliwrath (26),026/144
Hitmontop,5/123
Scrafty (Master Ball Pattern),058/086
Drifloon - (Cosmos Holo) 005,005
Dialga - DP26,DP26
Cubone,57/131
Earthen Vessel - 2025 (Yuya Okita),
Frozen City (Team Plasma),100/116
Scizor - 2008 (Tristan Robinson),29/100
Starly,016/017
Polteageist V - SWSH021,SWSH021
Code Card - Mega Mewtwo Collection [Mega Mewtwo Y],
Chansey,003/130
Eevee,68/113
Drapion V (Full Art),175/185
Skitty,79/100
Oranguru,TG12/TG30
Zekrom,TG05/TG30
Dugtrio,19/102
Triple Acceleration Energy (Secret),234/214
Vaporeon VMAX,030/203
Zebstrika,042/114
Mysterious Treasure,113a/131
Bonsly,71/130
Gyarados ex,045/198
Dusknoir (1),1/100
N (Supporter),96/108
Mightyena,42/109
Omastar,26/100
Camerupt,24
Beedrill V (Full Art),160/189
Piplup - 042,042
Bulbasaur,55/112
Honey (Full Art),192/198
Solrock,25/92
N - 2015 (Alejandro Ng-Guzman),96/108
Nidoking,29/111
Smoochum - HGSS13,HGSS13
Salamence VMAX,144/189
N's Zoroark ex,286/217
Registeel,068/111
Lapras GX (Full Art),139/149
Cubone,007/012
Exp. Share,126/163
Pidgeot,014/130
Rayquaza,138/185
Gouging Fire ex,188/162
Vaporeon GX - SM172,SM172
Flapple V (Full Art),143/163
Rare Candy - 2004 (Reed Weichler),88/100
Code Card - Red & Blue Collection [Venusaur EX],
Poliwhirl,037/095
Crawdaunt ex,99/110
Weedle - 2009 (Stephen Silvestro),93/106
Lightning Energy (2010 Unnumbered HGSS Style Non-Holo),
Arcanine,022/214
Mothim,6/99
Solgaleo,087/145
Giratina (27),27/127
Orbeetle,SV009/SV122
Shaymin VSTAR,014/172
Rotom,SV038/SV122
Wobbuffet V,086/202
Mismagius,28/95
Aerodactyl,13/99
Brock's Onix (69),069/132
Drednaw V (Full Art),69/73
Gallade,61/135
Electivire FB Lv.X,144
Mimikyu VMAX,069/172
Pidgey (#11),11/30
Staryu (103),103/144
Emcee's Hype,220/182
Gastly (36),36/99
Box of Disaster (Secret),214/196
Celebi VMAX (Secret),199/198
Ditto,35/113
Team Aqua's Manectric,4/95
Chesnaught - XY68 (Prerelease [Staff],XY68
Jirachi,97/95
Sigilyph GX (Secret),222/214
Sandile,135/086
Gengar (5),05/62
Hoopa EX (89 Full Art),89/98
Scott - 2008 (Paul Atanassov),81/108
Lugia - HGSS02,HGSS02
Slowpoke,093/110
Weakness Guard Energy (Secret),258/236
Krookodile,66/108
Desert Ruins - 2005 (Michael Gonzalez),88/101
Magikarp,
Togekiss,11/106
Delibird,038/149
Magneton,69/236
Team Rocket's Meowth,203/182
Dragonite GX,152/236
Pikachu (Rain City Showcase),062/193
Spiritomb,16/146
Mankey,169/091
Lightning Energy (2024),012
Landorus,131/086
Wartortle [W Stamped],063/130
Blastoise GX,35/214
Mabosstiff,188/091
Revavroom ex,081/064
Gloom,37/64
Koga's Koffing (48),048/132
Politoed ex,107/115
Ampharos,14/123
Metal Energy,159/165
Registeel - SM75 (Prerelease) [Staff],SM75
Iron Jugulis,216/182
Medicham,34/108
Misty's Cloyster,029/132
Xerosic (119 Full Art),119/119
Thundurus,139/091
Horsea,58/109
Solgaleo GX (Secret),155/149
Dark Flareon,35/82
Terrakion,73/101
Spewpa,089/088
Crobat,056/149
Noibat,SV43/SV94
Magcargo,37/107
Lapras,GG05/GG70
Meowth (#4),4/30
Relicanth,30/110
Slowpoke,83/113
Skarmory ex,98/108
Cofagrigus,100/214
Primarina,088/084
Sinistea,SV052/SV122
Darkness Energy (Special),103/113
Honchkrow,29
Sylveon (#15 - Non-Holo),15/30
Raichu (25),025/165
Pikachu,006/015
Registeel - SM75 (Prerelease),SM75
Slither Wing,203/182
Sceptile,005/017
Magcargo,20/107
Trevor (Bisharp),20/30
Incineroar GX (Secret),147/145
Aegislash EX,065a/119
Registeel ex,99/101
Cinderace ex,157/142
Tentacruel (H26),H26/H32
Breloom,45/132
Absol,81/145
Bronzor (Master Ball Pattern),066/131
Special Delivery Pikachu - SWSH074,SWSH074
Registeel ex,100/106
Malamar EX (115 Full Art),115/119
Multi Energy,118/123
Decidueye GX - SM37,SM37
Roseanne's Research,011/017
Code Card - V Battle Deck [Rayquaza V],
Arceus (AR3),AR3
Machop,117/165
Snorlax - XY179,XY179
Blend Energy GFPD,117/124
Mega Diancie ex,267/217
Gourgeist,2/30
Floette,151/236
Cara Liss (Full Art),067/072
Heatran LV.X,97/100
Alakazam,082/167
Smoochum,061/147
Zapdos (30),30/62
Energy Search - 2013 (Yugo Sato),128/149
Eiscue,205/193
Salamence V (Full Art),185/189
Glaceon LV.X,98/100
Mawile - 039 (Prerelease),039
Amaura,25/111
Moonlight Stadium - 2010 (Michael Pramawat),100/106
Mudkip - 005 (POP Tournament),005
Iono - 124,124
Tornadus,89/98
Galarian Zapdos - SWSH283,SWSH283
Zamazenta V (Full Art),196/202
Rayquaza & Deoxys Legend (Bottom),90/90
Houndour,113/165
Mew,032/068
Torchic,012/111
Delphox BREAK,14/124
Nidorina,083/144
Drampa GX - 2018 (Magnus Pedersen),115/145
Lucian,208/167
Ariados (H3),H03/H32
Golisopod GX - 2017 (Naoto Suzuki),17/147
Moltres,21/53
Tapu Lele GX,SV94/SV94
Iono's Bellibolt ex,279/217
Blastoise,002/102
M Manectric EX,024a/119
Pichu,045/100
Treecko,70/106
Ethan's Ho-Oh ex,230/182
Furret,035/111
Entei - SM219 (Prerelease) [Staff],SM219
Gyarados - XY60 (Prerelease) [Staff],XY60
Kyogre & Groudon Legend (Bottom),88/90
Roseanne's Research - 2010 (Yuka Furusawa),125/132
Origin Forme Palkia V,039/189
Battle City - BW39,BW39
Holon's Magneton - 2007 (Jeremy Scharff-Kim),22/113
Lechonk,207/091
Palossand GX,82/168
Glaceon V,038/159
Totodile,005/012
Charizard EX,12/108
Swablu,213/182
Arceus & Dialga & Palkia GX (Secret),258/236
Infernape - 116,116
Switch Raft,62/70
Celebi,009/185
Radiant Blastoise,018/078
N - 2012 (Shuto Itagaki),96/108
Cobalion (100 Full Art),100/101
Terrakion,135/086
Dratini,53/82
Professor's Research [Professor Sada],240/198
Mewtwo,9
Pyukumuku,53/214
Skiploom,049/111
Smeargle (30),30/75
Team Magma Ball,80/95
Lugia,078/124
Switch Cart,154/189
Team Aqua's Kyogre EX,6/34
Scott,84/106
Groudon ex - 038 (EX Collector's Tins),038
Professor Sycamore - 2018 (Naohito Inoue),107/122
Zacian V,016/025
Arcanine BREAK - XY180,XY180
Wallace (Secret),208/195
Golisopod - SM52,SM52
Dark Gyarados,36/109
Cynthia's Spiritomb,244/217
Alolan Vulpix - 2017 (Zachary Bokhari),21/145
Super Scoop Up,87/100
Alomomola (39),39/114
Slowpoke,116/091
Serperior,RC3/RC25
Magikarp,006/034
Electrode GX,48/168
Delcatty,29
Yveltal,205/182
Gyarados,32/97
Alcremie V (Full Art),064/072
Yveltal EX - XY150a,XY150a
Mt. Coronet,SV89/SV94
Team Rocket's Nidoking ex,119/182
Jolteon ex,153/131
Seviper,32/110
Manaphy EX (Full Art),116/122
Darkness Energy (Basic),
Froslass,174/167
Leafeon,13/95
Porygon,078/105
Rapidash (51),51/53
Seaking,060/130
Alolan Muk GX (Secret),157/147
Manectric,28/123
Fieldworker - 2007 (Jun Hasebe),73/92
Sudowoodo (H24),H24/H32
Kingler (Delta Species),22/100
Slurpuff,095/146
Aggron ex,89/100
Mimikyu,58/145
Sableye - 2009 (Tsubasa Nakamura),48/100
Beldum - 022 (League Promo) [Winner],022
Galarian Articuno V (Full Art),169/198
Pikachu,009/017
Pikachu,016/017
Mega Lopunny & Jigglypuff GX,165/236
Sabrina's Venonat,096/132
Typhlosion,16/123
Zeraora VSTAR,GG43/GG70
Wigglytuff (#14 Non-Holo),14/30
Latias - 014 (Pokemon Heroes: Latios & Latias DVD Release),014
Tynamo - 2012 (Chase Moloney),45/108
Pikachu V - SWSH198,SWSH198
Slowbro,13/115
Raichu,RC9/RC32
Hisuian Arcanine,084/196
Igglybuff,70/106
Flaaffy - Pikachu 5,108
Golbat,43/113
Cherrim,7/135
Arezu (Full Art),189/196
Azumarill (Delta Species),19/113
Glameow - DP23,DP23
Riolu - BW33,BW33
Steelix,125/214
Volcarona GX,35/236
Exploud,28
Plasma Energy (Special),106/116
Hilda,164/086
Lapras,008/034
Alolan Vulpix (29),21/145
Weavile,74/156
Rocket's Persian ex,116/115
M Scizor EX (Full Art),120/122
Fossil Excavator,82/100
Level Ball - 2014 (Michikazu Tsuda),89/99
Hitmonchan,007/102
Pikachu,78/110
Max Rod,116/131
Clefable ex,106/112
Mega Hawlucha ex,268/217
Keldeo,019/086
Koffing,62/107
Rapidash,031/147
Multi Energy (Special),093/100
Lucario LV.X,122/123
Gyarados,23/83
Kecleon,213/191
Mewtwo,010/102
Vivillon,XY137
Grafaiai,223/193
Electrode,134/091
Metal Energy (Secret),163/149
Nidorina - 2009 (Jason Martinez),73/111
Marshtomp,36/106
Guzma - 2017 (Zachary Bokhari),115/147
Tyrantrum - 066,066
Poliwrath,015/130
Zoroark,90/113
Swablu,79/107
Shaymin - XY188,XY188
Jigglypuff,008/012
Flying Pikachu V,006/025
Code Card - Blastoise VMAX Battle Box,
Unown (W),80/146
Unown (R),77/146
Galarian Moltres V,TG20/TG30
Floragato,197/193
Seviper,SV15/SV94
Pikachu,094/123
Jolteon EX,28/83
Aerodactyl (16),16/62
Geeta,188/197
Whirlipede (Master Ball Pattern),055/086
Tyranitar ex (Delta Species),99/101
Porygon-Z,214/182
Tropius,005/101
Vulpix,116/147
Wailord ex,097/084
Raichu,016/130
Nidoqueen,30/111
Forretress,28/97
Charmeleon (Delta Species),005/017
Xatu,052/111
Sabrina's Abra (94),094/132
Groudon,6/95
Infernape,5/130
Keldeo EX - BW61,BW61
Strength Charm,150/165
Kyurem V (Full Art),174/196
Articuno,25/83
Scizor,29/100
Rosa (Full Art),236/236
Minccino,152/086
Leafeon (24),24/100
Plusle,36/95
Mega Feraligatr ex,036
Professor Elm's Training Method - 2004 (Reed Weichler),148/165
Deoxys V - SWSH266,SWSH266
Cursed Stone - 2006 (Jason Klaczynski),72/92
Arcanine - 011,011
Palossand ex,221/191
Gastrodon West Sea,9/132
Single Strike Urshifu V (Full Art),150/163
M Slowbro EX,27/108
Metang,094/086
Charmander,101/100
Rhydon (29),029/144
Sabrina's Gengar,029/132
Moltres,9/124
Cranidos,46/127
Victory Medal - 2010-2011 (Battle Road Autumn),
Rare Candy - 2004 (Chris Fulop),88/100
Relicanth,18/106
Trevenant (Prerelease),XY94
Genesect (Team Plasma) - BW86,BW86
Raging Bolt ex - 145,145
Zekrom ex,034/086
Mewtwo (Delta Species),12/113
Dark Venusaur - 7 [Winner],007/009
Horsea - 137 (Cosmo Holo),137
Spinda,48/101
Rayquaza,20/95
Radiant Hisuian Sneasler,123/196
Aerodactyl GX (Secret),244/236
Slaking,34/123
Guzzlord,136/236
Lt. Surge's Raichu,011/132
Haunter,34/112
Dolliv,103/091
Rayquaza V,110/203
Bouffalant,107/113
Chansey (80),80/108
Scizor VMAX,119/189
Cutiefly,010/012
Blaziken,192/182
Dratini,26/97
Unown [T],088/105
Grumpig,30/106
Maxie - 2004 (Tsuguyoshi Yamato),73/95
Solgaleo GX - SM16,SM16
Reshiram & Zekrom GX,157/236
Azurill,69/130
Water Energy,102/102
Rotom,13/100
Darkness Energy (2023),007
Leafeon ex,144/131
Mega Lucario ex,160/132
Professor's Research [Professor Juniper],060/072
Scizor VMAX (Secret),193/189
Light Sunflora,072/105
Salamence,8/99
Mr. Mime GX (Secret),173/168
Ditto,132/165
Arbok,31/62
Sunkern,85/123
Rampardos,033/123
Poliwag,058/095
Pokemon Fan Club,094/106
Unown [G] - 2009 (Jason Martinez),57/106
Miraidon ex,079/197
Basic Psychic Energy - MEE 005 (Cosmos Holo),005
Sableye - 2008 (Tristan Robinson),10/100
Lechonk,154/198
"Tornadus, Thundurus & Landorus (Forces of Nature Promo)",
Cynthia & Caitlin,189/236
Broken Ground Gym,092/105
Magnemite (91),091/147
Professor Elm's Training Method - 2007 (Jun Hasebe),79/101
Aegislash (86),86/146
Grimer,079/147
Opal (Full Art),184/185
Hoothoot (Master Ball Pattern),077/131
Raikou V - 2023 (Shao Tong Yen),048/172
Comfey - SWSH242 (Prerelease),SWSH242
Mew ex - 151/165 - 2024 (Evan Pavelski),151/165
Dratini,091/146
Celebi (Prime),92/102
Ash's Pikachu - SM113,SM113
Pidove - BW15,BW15
Regieleki V - SWSH280,SWSH280
Alolan Sandslash - SM18 (Prerelease) [Staff],SM18
Beautifly,006/017
PokeStop - 2023 (Shao Tong Yen),068/078
M Blastoise EX,22/108
Meloetta (78),78/113
Butterfree,021/110
Iron Moth,187/182
Tyranitar ex (Holo),017/017
Pignite,004/012
Dragalge - XY10 (Prerelease) [Staff],XY10
Charizard (XY Evolutions Prerelease),11/108
Pikachu VMAX - SWSH286,SWSH286
Rellor,108/091
Gligar,059/111
Rayquaza,022/107
Code Card - Mythical Pokemon Collection Box [Meloetta],
Mega Skarmory ex,106/088
Gyarados EX,26/122
Reshiram (114 Full Art Secret Rare),114/113
Gyarados EX (Secret),123/122
Lugia EX (Team Plasma),108/135
Luxray,8/146
Toxtricity VMAX (Secret),196/192
Cape of Toughness (Secret),200/185
Vanilluxe (Holiday Calendar),045/182
Keldeo GX (Full Art),219/236
Oricorio,055/045
Pikachu - SM86 (General Mills Promo),SM86
Professor Elm's Training Method,148/165
Celebi ex (Holo),017/017
Pokemon Center,085/102
Corvisquire,SV102/SV122
Dialga GX (Secret Rare),164/156
Jasmine (Full Art),177/181
Flareon EX (Full Art),RC28/RC32
Keldeo EX - 2014 (Michikazu Tsuda),45/113
Graveler,079/165
Latias,22/106
Buzzwole - 2018 (Magnus Pedersen),77/131
Oricorio ex,018/094
Alcremie V,022/073
Treecko - 016 (Target Promo),016
Primarina,041/149
Greninja GX (Secret),133/131
Druddigon,070/106
Magby,023/111
Totodile (80),080/111
Pupitar,45/75
Flareon,5/100
Max Potion - 2012 (Chase Moloney),94/98
Charizard ex,223/197
Arceus (AR4),AR4
Phoebe (Secret),175/163
Turtonator GX,18/145
Battle Reporter (109 Full Art),109/111
Slowking (H22),H22/H32
Vileplume,17/18
Team Rocket's Persian ex - 218,218
Shiftry GX (Secret),169/168
Chandelure V (Full Art),247/264
Jessie & James (Full Art),68/68
Trekking Shoes (Secret),215/189
Metal Energy,143/147
Sentret,071/111
Luxray GL - 2010 (Yuta Komatsuda),9/111
Floral Crown,RC26/RC32
Baxcalibur,130/091
Flutter Mane (Master Ball Pattern),043/131
Swoop! Teleporter,92/109
Drowzee (74b),074b/147
Hoopa EX (Collection Promo),XY85
Greninja GX - SM197 (SM Black Star Promo),SM197
Articuno,009/034
Cassiopeia,086/064
Zekrom ex,172/086
Porygon-Z (Team Plasma),74/101
Pokemon Breeder's Nurturing (Secret),195/189
Marill,29/53
Duskull,068/064
Zubat (117),117/144
Morpeko V-Union - SWSH216,SWSH216
Misty's Lapras,194/182
Alakazam,001/012
Fighting Fury Belt,99/122
Piplup (11),32/156
Crobat ex,96/107
Pichu - 2011 (Ross Cawthon),28/123
Tapu Koko - 2017 (Zachary Bokhari),SM30
Toxicroak G (40) - 2009 (Tsubasa Nakamura),40/127
Dunsparce - 2004 (Kevin Nguyen),60/100
Fearow (Delta Species),18/100
Granbull,037/111
Tapu Koko GX - SM50,SM50
Detective Pikachu - SM190 (Stamped),SM190
Bulbasaur (Blue Border),
Zeraora VMAX,GG42/GG70
Judge Whistle (Secret),194/181
Crystal Edge,138/149
Lucario (77),77/135
Palkia GX (Full Art),147/156
Cool Porygon,15/53
Regidrago VSTAR - 2024 (Evan Pavelski Gold Signature),136/195
Mina (Full Art),211/214
Genesect (Cosmos Holo) (Best Buy Exclusive),008/094
Pidove,123/149
Poliwrath (60),060/165
Melmetal VMAX,048/078
Ho-Oh - HGSS01,HGSS01
Rare Candy - 2006 (Hiroki Yano),90/110
Mega Charizard Y ex,294/217
Vileplume,24/90
Deoxys EX (Team Plasma),53/116
Pidove,011/012
Sudowoodo,219/193
Team Galactic's Invention G-105 Poke Turn - 2009 (Stephen Silvestro),118/127
Toxicroak ex,131/198
Latias EX (112 Full Art),112/116
Holon's Magnemite,70/113
Yanmega E4,37/111
Silent Lab,140/160
Misty's Duel,123/132
Venusaur & Snivy GX (Full Art),210/236
Pikachu - SM98,SM98
Crystal Shard - 2005 (Michael Gonzalez),85/107
Unown [E],65/123
Rocky Helmet (Secret),153/149
Iron Crown ex,206/162
Honedge,083/146
Underground Expedition (Full Art),168/168
Furfrou (#20 - Noivern),20/30
Water Energy - 2004 (Reed Weichler),106/109
Fire Energy,
Light Togetic,015/105
Ninjask,13/107
Weezing,33/113
M Heracross EX (Secret),112/111
Code Card - TAG TEAM Tin [Celebi & Venusaur GX],
Tyranitar,26/95
Marshadow GX,80/147
Carracosta,26/101
Pumpkaboo - 2022 (Andre Chiasson),076/203
Baltoy,43/106
Alakazam (2),002/144
Vaporeon V - SWSH181,SWSH181
Slowbro,43/214
Raichu GX,20/68
Mega Lopunny ex,128/094
Regigigas VSTAR,114/159
Terrakion,84/113
Broken Time-Space - 2009 (Stephen Silvestro),104/127
Blastoise,31/149
Stonjourner VMAX,116/202
Life Herb,93
Flapple,SV013/SV122
Jirachi - 2005 (Curran Hill),9/107
Genesect ex,161/086
Shedinja,40/146
Pinsir,029/130
Iron Boulder ex,192/162
Litwick (Master Ball Pattern),016/086
Tyrantrum EX,XY70
Croconaw,44/123
Venusaur EX,1/146
Rowlet,013/197
Jigglypuff,63
Alolan Raichu,031/111
Onix,42/112
Caterpie,045/102
Gallade EX - XY45,XY45
Iron Thorns,062/162
Saguaro,255/193
Seadra,40/97
Roseanne's Backup (Full Art),172/172
Origin Forme Palkia V,SWSH253
Salazzle ex,101/088
Flaaffy (#3),3/30
Virizion,012/098
Iron Thorns ex - 077/167 - 2024 (Fernando Cifuentes),077/167
Pikachu - 225 (World Championship 2025) [Winner],225
Cosmog - SM42 (General Mills Promo),SM42
Dunsparce,GG23/GG70
Altaria,RC24/RC32
Mewtwo GX - SM196,SM196
Omanyte,041/144
Luxio,052/130
Poliwhirl,038/102
Dratini,009/012
Aerodactyl,130/181
Omanyte,60/75
Buneary - DP06,DP06
Zeraora V,TG16/TG30
Gurdurr,126/086
Fisherman,SV83/SV94
Sobble - SWSH073,SWSH073
Empoleon,38/162
N - 2017 (Kabu Fukase),105/124
Raichu V,045/172
Electivire ex,212/182
Shuckle GX (Full Art),195/214
Milotic ex,217/191
Gold Potion,140/149
Zapdos,020/130
Nidoqueen,032/110
Tapu Bulu GX (Full Art),130/147
Tropius,52/111
Raichu (H25),H25/H32
Steelix (H29),H29/H32
Tapu Fini GX,39/147
Chili & Cilan & Cress (Full Art),258/264
Shiftry,14/101
Kingler (50),050/165
Rare Candy,102/106
Code Card - Team Up Season 2 [Enhanced Hammer],
Hearthflame Mask Ogerpon ex,192/167
Cyndaquil (56),056/111
Gloom (Delta Species),42/110
Wishiwashi (Secret),240/236
Moltres (27),27/62
Zeraora VSTAR - SWSH265,SWSH265
Umbreon ex - 176,SVP 176
Oddish,58/64
Dratini (Delta Species),46/101
Lanturn,32/64
Crobat (Delta Species),2/113
Jolteon,037/108
Metal Energy (2024),016
Mars (Full Art),154/156
Tinkatuff,166/091
AZ's Tranquility,120/086
Golduck,35/62
Gyarados (21),21/98
Druddigon (Team Plasma),94/135
Darkness Energy (Special),86/95
Shiinotic - SM10 (Prerelease) [Staff],SM10
Butterfree,034/130
Mew EX (Full Art),RC24/RC25
Cynthia's Feelings - 2009 (Stephen Silvestro),131/146
Mewtwo EX - 2012 (Chase Moloney),54/99
Zapdos ex,192/165
Jubilife Village (Secret),212/189
Zygarde GX,SV65/SV94
Reuniclus,57/114
Marshadow GX (Secret),156/147
Vibrava,42/101
Flygon GX (Secret),256/236
Colress's Experiment (Full Art),190/196
Galarian Ponyta - SWSH013 (General Mills Promo),SWSH013
Litten - SM02 (General Mills Promo),SM02
Briar,171/142
Glaceon - 171 (Cosmos Holo),171
Oricorio ex - 024,024
Fomantis,085/084
Swampert - 2004 (Reed Weichler),13/109
Yanma (Shiny),SH9
Mawile V (Full Art),178/195
Krookodile,137/086
Energy Switch,109/108
Seadra,42/62
Blaziken,1/106
Psychic Energy - 2009 (David Cohen),
Mime Jr. - DP22,DP22
Chesnaught EX - XY18,XY18
Thundurus EX - 2013 (Yugo Sato),38/116
Cacturne (Delta Species),15/100
Hisuian Sneasler V (Full Art),174/189
Celesteela GX (Secret Rare),162/156
Gardevoir ex,228/198
Ho-Oh ex (Non-Holo),017/017
Altaria,40/70
Sylveon ex,156/131
Water Energy (#26),26/30
Cetoddle,053/193
Miraidon ex,244/198
Dark Slowking,9/109
Garchomp,001/017
Infernape V - SWSH252,SWS252
Pokemon Reversal - 2005 (Curran Hill),97/112
Miraidon - 013 (Pokemon Center Exclusive),013
Gardevoir LV.X - 2008 (Jason Klaczynski),131/132
Uxie - 2010 (Mychael Bryan),43/146
Glaceon V - SWSH196,SWSH196
Jigglypuff,65/112
Magcargo GX,44/214
Crawdaunt,22/146
Umbreon ex,161/131
Pidgeotto,58/132
Sabrina's Porygon,098/132
Jirachi - 2018 (Magnus Pedersen),XY67
Xatu (H32),H32/H32
Team Rocket's Meowth,18/53
Blaziken,15/109
Night Stretcher - 2025 (Yuya Okita),
Ampharos,090/086
Haunter,50/130
Drampa GX (Full Art),142/145
Cloyster (Delta Species),14/101
Chandelure,30/236
Boltund V,103/264
Glaceon (Poke Ball Pattern),025/131
Grass Energy,105/114
Clefairy,63/108
Nidoran F (81),081/144
Psychic Energy,109/110
Scoop Up Cyclone,162/167
Charizard - SM158 [Staff],SM158
Beartic,030/098
Huntail,18/92
Altaria (74 Delta),74/108
Professor Elm's Lecture,188a/214
Mystery Zone,137/144
Delcatty,34/100
Dark Slowbro (29),29/82
Prime Catcher - 2024 (Jesse Parker),157/162
Gyarados GX,16/68
Rayquaza GX (Secret),177/168
Rapidash (28),28/99
Glaceon (20),20/100
Entei & Raikou Legend (top),90/95
Celio's Network - 2008 (Paul Atanassov),73/100
Sunflora,16/115
Numel,223/217
Potion - 2012 (Zachary Bokhari),100/114
Umbreon (60),60/108
Apricorn Maker,121/144
Honedge,007/012
Samurott,41/149
Haunter,35/102
Coalossal - SWSH054,SWSH054
N's Zoroark ex,175/159
Swablu,86/106
Gyarados,24/124
Solgaleo GX,089/149
Kangaskhan ex,190/165
Machamp - XY13 (Prerelease) [Staff],XY13
Team Aqua's Carvanha,25/95
Celebi Star,100/100
Murkrow,079/144
Swampert ex,98/100
Luminous Energy,226/167
Dark Vaporeon,009/110
Thundurus EX (Team Plasma) - BW81,BW81
Naganadel & Guzzlord GX (Alternate Full Art),224/236
Flapple - SWSH022 (Prerelease),SWSH022
Super Rod,276/193
Aipom (San Diego Comic Con),43/95
Giovanni's Last Resort,105/132
Crobat (Team Plasma),55/135
Combusken,006/017
Reshiram EX,22/99
Turtonator - 2019 (Kaya Lichtleitner),50/70
Sylveon V (Full Art),183/203
Jumpluff,6/123
Raichu ex,97/106
Snorlax VMAX,142/202
Kangaskhan,017/034
Clamperl,195/182
Zorua (69),69/108
Super Rod - 2016 (Shunto Sadahiro),149/162
Weavile,40/130
Dark Dugtrio (6),06/82
Celebi (3),03/64
Decidueye ex,012/088
Sudowoodo,26/64
Tyrogue,66/75
Groudon,199/182
Absol (Prime),91/102
Rayquaza VMAX,TG20/TG30
Parallel City - 2016 (Shintaro Ito),145/162
Dialga,112/203
Darkness Energy (2024),015
Sinistcha ex,210/167
Tandemaus,209/091
Claydol,092/086
Goldeen,078/147
Ho-oh (18),18/64
Floette,XY139
Azelf (19) - 2010 (Yuta Komatsuda),19/146
Arcanine,
Medicham ex - 2005 (Curran Hill),95/106
Manaphy,34/135
Parallel City,145/162
Cinccino ex,105/086
Code Card - Gengar EX Box,
Entei,4/132
Ampharos (Delta Species),1/101
Doublade - 067 [Staff],067
Regirock EX,043a/124
Sharpedo,111/214
Ultra Ball - 2013 (Yugo Sato),102/108
Zeraora GX (Full Art),201/214
Centiskorch V,SV108/SV122
Parallel City - 2018 (Robin Schulz),145/162
Solgaleo GX (Full Art),143/149
Manaphy,009/130
Bill's Teleporter,091/111
Pikachu,049/203
Energy Search,59/62
Barbaracle - 065,065
Pelipper - 022 (Prerelease),022
Blastoise EX,17/83
Cobalion GX,106/181
Eiscue V,055/192
Hoopa,155/XY-P
Regice ex,98/106
Miraidon ex,243/091
Magnezone - DP44,DP44
Coalossal VMAX,099/185
Mr. Mime - 2014 (Andrew Estrada),47/116
Mewtwo,056/172
Eevee,011/012
Ceruledge,162/091
Dawn (Regional Championship) [Staff],087/094
Ethan's Adventure,221/182
Team Rocket's Mewtwo ex,281/217
M Aerodactyl EX - XY98,XY98
Lucario,3/11
Lumineon V - 2023 (Tord Reklev),040/172
Persian,056/130
Victreebel,003/111
Super Boost Energy Prism Star,136/156
Fighting Energy (Secret),233/198
Ditto,39/113
Articuno (16),16
Fairy Energy (#6),6/30
Galarian Perrserker,SV087/SV122
Raikou ex,92/95
Clefable,133/214
Blastoise & Piplup GX,38/236
Mega Dragalge ex,104/086
Emolga,112/086
Origin Forme Palkia VSTAR (Secret) (208),208/189
Flareon EX,RC6/RC32
Raichu,040/099
Haxorus,88/101
Ducklett,109/086
Ting-Lu ex,263/193
Skyla,122/122
Celebratory Fanfare (Ace Trainer),028
Suicune Star,115/115
Castform Snow-Cloud Form,50/146
Carracosta (Master Ball Pattern),023/086
Whimsicott ex,157/086
Puzzle of Time - 2018 (Robin Schulz),109/122
Liepard,65/98
Bianca's Devotion,209/162
Morpeko V - SWSH056,SWSH056
Kingdra GX (Full Art),66/70
Fighting Energy,110/114
Moltres & Zapdos & Articuno GX,44/68
Shinx (Shiny),SH12
Slowking,021/122
Hypnotoxic Laser - 2015 (Patrick Martinez),123/135
Flareon ex,146/131
Garchomp Spirit Link,XY169
N's Plan (Poke Ball Pattern),083/086
Tyranitar,095/159
Serperior - 064,064
Lapras V,SV110/SV122
Gumshoos GX (Full Art),145/149
Incineroar ex,034/162
Flareon,013/098
Fighting Energy (2011 Play! Pokemon),
Crobat - 076,076
Eevee ex - 174,174
Totodile,8/12
Jumpluff,3/124
Raticate,089/144
Raticate,48/112
Snorlax - 2023 (Gabriel Fernandez),143/196
Reshiram GX,SV51/SV94
Raichu,8/100
Dialga,127/214
Mewtwo LV.X - DP28,DP28
Greninja - XY24,XY24
Mega Absol ex,086/132
Arboliva,023/198
Reshiram GX (Full Art),65/70
Landorus EX (144 Full Art),144/149
Pikachu,78/123
Mega Lopunny & Jigglypuff GX (Secret),261/236
Professor's Letter,146a/162
Gengar (48),048/165
Fighting Energy,093/095
Latias ex,239/191
Lightning Energy (Secret),235/203
Cassiopeia,094/064
Erika's Ivysaur,041/132
Bellossom,20/146
Venonat,112/144
Lugia,009/111
Donphan - 2011 (Ross Cawthon),107/123
Machop,006/012
Toedscool,201/198
Shadow Rider Calyrex V (Full Art),171/198
Unown (54),54/123
Ledyba,71/123
Gallade V - SWSH258,SWSH258
N - 2015 (Patrick Martinez),96/108
Plusle,69/101
Team Aqua's Walrein,5/34
Energy Retrieval - 2012 (Zachary Bokhari),92/114
Dusclops,069/064
Blissey V,119/198
Grusha,268/193
Lass,075/102
Garbodor (57) - 2018 (Magnus Pedersen),57/122
Skarmory EX (145 Full Art),145/146
Furisode Girl (Full Art),190/195
Misty's Horsea,086/132
Zacian V-UNION - SWSH166,SWSH166
Hoopa ex,226/182
Regigigas,9/100
Fantina (Full Art),191/196
Welder,189a/214
Blaziken GX (Secret),170/168
Tauros GX (Secret),156/149
Professor's Letter (Sylveon),28/30
Dialga - DP26 (DP Black Star Promo),DP26
Beast Bringer (Secret),229/214
Golurk,72/101
Espeon ex,034/131
Charmander,1/70
Hypnotoxic Laser (Team Plasma),123/135
Kingambit,220/198
Lumineon,4/100
Raichu,003/017
Lucario,53/127
Kirlia - 2004 (Kevin Nguyen),34/109
Altaria - BW48 (Prerelease),BW48
Holon's Electrode - 2006 (Jimmy Ballard),21/113
Cramorant,226/S-P
Ninetales,38/106
Milotic (Delta Species),5/101
Zeraora V (Alternate Full Art),166/198
Lugia EX (Team Plasma) - BW83,BW83
Suicune (14),14/64
Ampharos GX (Secret),185/181
Eternatus V - SWSH044,SWSH044
Arbok,29/100
Greninja V-UNION - SWSH156,SWSH156
Exeggcute (76),076/147
Stakataka GX (Full Art),159/168
Salamence ex (Delta Species),98/101
Koffing (Secret),243/236
Dark Muk,41/82
Clefairy (#19),19/30
Field Blower - 2018 (Magnus Pedersen),125/145
Misty's Tentacool (32),032/132
Seviper - SM46 (Prerelease),SM46
Raichu (61),061/165
Roxanne (Full Art),188/189
Shuppet - 2018 (Magnus Pedersen),63/168
Absol ex - 2007 (Jun Hasebe),92/108
Absol ex,135/197
M Garchomp EX - XY168,XY168
Ciphermaniac's Codebreaking,198/162
Lilligant - BW49,BW49
Espeon GX (Full Art),140/149
Lapras V (Full Art),189/202
Grookey - SWSH070,SWSH070
Cynthia's Gible (Cosmos Holo),102/182
Snubbull,101/144
Pidgeotto (#23),23/30
Rowlet,SV001/SV122
Primeape,22/95
Charmander (98),098/165
Aaron's Collection - 2010 (Yuta Komatsuda),88/111
Mew ex - 053,053
Team Magma's Lairon,20/95
Dedenne GX (Secret),219/214
Holon Adventurer,85/110
Rocket's Mewtwo,014/132
Regidrago V,135/195
Grass Energy,101/106
Virizion EX - 2014 (Andrew Estrada),9/101
Tyranitar,030/100
Code Card - Perfect Order Pokemon Center Elite Trainer Box,
Code Card - Mega Sharpedo EX Premium Collection,
M Ampharos EX,28/98
Rhyperior,12/130
Weavile (Secret),238/236
Telepathic Psychic Energy,088/088
Buddy-Buddy Poffin - 2025 (Jose Cruz Galindo-Resendiz),
Toxicroak G (DP41) - 2009 (Tsubasa Nakamura),DP41
Lucario V,146/264
Furret,048/147
Net Ball,187/214
Cerulean City Gym,108/132
Mewtwo GX,SV59/SV94
Pignite,26/113
Masquerain,20/101
Shelgon,54/113
Squirtle (23),23/181
Umbreon VMAX,TG23/TG30
Regidrago V - SWSH281,SWSH281
Silvally - SM64,SM64
Cheren's Care (Secret),177/172
Piplup,015/017
Light Lanturn,023/105
Pokemon Retriever - 2006 (Miska Saari),84/109
Nidorina,40/112
Cosmoem,101/236
Mega Starmie ex,118/088
Aqua Patch,119/145
Charizard V (Alternate Full Art),154/172
Pheromosa & Buzzwole GX (Secret),215/214
Rayquaza,22/107
Jolteon,23/100
Primal Groudon EX (Shiny Full Art),97/98
Moltres & Zapdos & Articuno GX (Full Art),66/68
Crystal Cave (Secret),230/203
Volcarona - BW40 (Prerelease),BW40
Regirock,040/098
Celebi - SM224,SM224
Drapion V,118/196
Spiritomb,112/214
Dunsparce - 2005 (Takashi Yoneda),60/100
Jolteon EX,028a/083
Blaziken EX - XY54,XY54
Cresselia,071/064
Team Aqua's Mightyena,15/95
M Latios EX (102 Full Art),102/108
Flareon E4,60/111
Basic Lightning Energy (Cracked Ice Holo),012
Typhlosion (17),017/111
Zapdos (H32),H32/H32
Ultra Ball,196/198
Zekrom - 2012 (Chase Moloney),50/99
Warp Energy - 2010 (Yuta Komatsuda),95/100
Gardevoir GX - 2017 (Diego Cassiraga),93/147
Team Rocket's Mimikyu (Prerelease) [Staff],087/182
Zoroark,073/146
Machamp,11/108
Beedrill,13/106
Unown (V),79/146
Rapid Strike Urshifu VMAX (Alternate Art Secret),170/163
Mandibuzz (Master Ball Pattern),064/086
Pokemon Breeder,102/110
Pikachu,72/100
Lacey,166/142
Metang - 090 (Prerelease),090
Lysandre Prism Star,110/131
Electrike - 2006 (Jason Klaczynski),60/107
Absol EX - XY62,XY62
Gardevoir LV.X - 2010 (Michael Pramawat),131/132
Groudon (Shiny),SL4
Marill (#15),15/30
Yanmega (XY Steam Siege Prerelease),XY144
Regigigas (37),37/146
Marshadow,81/214
Litten - SM08,SM08
Katy,237/198
Pokemon Fan Club,130/147
Avery (Full Art),187/198
Volcarona,013/101
Mega Diancie ex,282/217
Rowlet & Alolan Exeggutor GX (Full Art),214/236
Cyclone Energy,99/115
Castform,34/113
Rainbow Energy (WotC League Promo),
Volcarona (18),18/98
Karen's Conviction (Full Art),193/198
Machamp (16),016/165
Vulpix,68/95
Sabrina's Gastly (97),097/132
Grotle,049/130
Lapras,21/106
Ekans (Delta Species),47/101
Beedrill V,001/189
Blastoise,017/078
Umbreon (61),61/108
Wigglytuff,105/094
Sinistcha ex,189/167
Koga's Pidgey (80),080/132
Cinderace,SV017/SV122
Basic Grass Energy - 001 (Cosmos Holo),001
Butterfree V (Full Art),177/189
Suicune,19/132
Kyogre,15/106
Dedenne - SWSH080,SWSH080
Kilowattrel,146/091
Greninja ex (Stellar Crown Stamped),041/142
Escape Rope,120/135
Wingull,70/100
Mantine,45/109
Mela,254/182
Chansey,015/034
Kingdra (19),019/147
Umbreon,041/147
Team Aqua Belt,76/95
Tsareena GX - SM56,SM56
Special Delivery Bidoof,SWSH177
Yveltal,RC16/RC32
Galvantula ex,168/142
Holon's Electrode,21/113
Garchomp ex,260/182
Lightning Energy (WotC 2002 League Promo),
Misty's Gyarados (Prerelease),049/182
Manaphy,9/130
Florges EX (116 Full Art),116/119
Sawsbuck,16/98
Plusle,53/168
Metal Saucer (Secret),214/202
Rainbow Energy,144/147
Max Elixir - 2018 (Naohito Inoue),102/122
Heracross,006/111
Poochyena,64/109
Geodude,110/165
Venusaur,3/73
Cinderace,036/202
Psyduck (32),32/149
Charmander,18/149
Super Rod - 2013 (Clement Lamberton),20/20
Claydol - 2010 (Yuka Furusawa),15/106
Necrozma - SM204 (Prerelease) [Staff],SM204
Crobat,033/119
Moonlight Stadium,100/106
Magnezone (6),6/100
Scizor GX (Full Art),158/168
Shuckle - HGSS15,HGSS15
Master Ball,153/162
Dustox,25/127
Blacephalon - SM221 (Prerelease) [Staff],SM221
Basic Water Energy - MEE 003 (Cosmos Holo),003
Fairy Energy (2017 Unnumbered) (Wave Foil),
M Gardevoir EX (Full Art),RC31/RC32
Ledian (H14),H14/H32
Team Galactic's Invention G-105 Poke Turn - 2009 (Tsubasa Nakamura),118/127
Professor Juniper - 2012 (Igor Costa),98/108
Potion,094/102
Jynx,083/165
Nest Ball (Secret),158/149
Stufful,110/147
Alolan Exeggutor GX,74/111
Rockruff (Ash vs Team Rocket Deck Kit),011/026
Rocket's Snorlax ex,104/109
Tapu Koko - 2017 (Naoto Suzuki),SM30
Single Strike Energy (Secret),183/163
Great Tusk ex,230/198
Mega Dragonite ex,152/217
Glaceon V (Alternate Full Art),175/203
Aerodactyl GX,106/236
Ditto,27/146
Skwovet,222/198
Mew ex,151/165
Delcatty - 2004 (Reed Weichler),5/109
Forretress (21),21/75
Origin Forme Dialga VSTAR,114/189
Pikachu,015/017
Dark Dragonair,038/110
Misty's Tentacruel,010/132
Starmie (H28),H28/H32
Bunnelby,010/012
Magneton (19),019/144
Leafeon,17/90
Blaziken VMAX,TG15/TG30
Metapod,054/102
Lightning Energy,106/108
Electabuzz,128/127
Ditto,38/113
Tyranitar (12),12/75
Professor's Letter - 2015 (Alejandro Ng-Guzman),123/146
Moo-Moo Milk,101/111
Super Rod - 2013 (Ian Whiton),20/20
Pokemon Center Lady - 2015 (Alejandro Ng-Guzman),93/106
Delphox - 074 [Staff],074
Raikou,55/162
Persian GX (Full Art),207/214
Rapid Strike Urshifu VMAX (Secret),169/163
Lucario - SWSH186,SWSH186
Ordinary Rod (Secret),215/202
Pinsir (Master Ball Pattern),003/131
Blastoise EX - XY122,XY122
Lt. Surge's Magnemite (80),080/132
Code Card - Arceus VSTAR Premium Collection,
Ice Rider Calyrex V,TG14/TG30
Nosepass,42/107
Mega Floette ex,101/086
Ninetales,3
Fighting Energy,097/102
Bulbasaur (95),095/165
Ralts,74/100
Ho-Oh,160/214
Cessation Crystal - 2008 (Paul Atanassov),74/100
Sharpedo,082/149
Houndoom,TG10/TG30
Typhlosion,17/115
Dratini,026/102
Lotad,35/107
Dusknoir (104 Secret Rare),104/101
Eevee V,108/159
Delphox,10/39
Galarian Zapdos V (Alternate Full Art),174/198
Fairy Energy (20),
Pichu,20/100
Dragapult,091/192
Fennekin,010/124
Pidgey,057/102
Dragapult VMAX,093/192
Professor Juniper,101/114
Nidoran M,096/147
Aggron,14/111
Miraidon ex,253/198
Bulbasaur,1/108
Magcargo (18),018/144
Light Venomoth,053/105
Gengar,050/088
Swampert,005/017
Elekid,36/100
Lickitung,37/112
Pokemon Communication,098/123
Riolu,61/130
Manectric EX,23/119
Ho-Oh V (Full Art),187/195
Conkeldurr V (Alternate Full Art),074/078
VS Seeker - 2017 (Kabu Fukase),109/119
Poochyena,GG33/GG70
Serena (Secret),207/195
Unown [B],39/64
Blissey (H6),H06/H32
Basic Water Energy,279/193
Primeape (Delta Species),50/110
Chansey,072/165
Siebold (Secret),221/198
Miltank (Master Ball Pattern),081/131
Cutiefly,172/162
Seviper,20/106
Zangoose,34/110
Iron Hands ex,070/182
Seismitoad EX - 2015 (Patrick Martinez),20/111
Dark Gengar,006/105
Entei,34/53
Grass Energy (Secret),283/264
Metagross EX (Shiny),XY34
Rocket's Admin. - 2005 (Curran Hill),86/109
Dimension Valley,093/119
Mow Rotom,RT4
Volo (Full Art),151/159
Aurorus EX - XY102 (XY Black Star Promos),XY102
Heracross,064/144
Ralts,61/106
Steelix,150/132
Igglybuff,36/53
Enhanced Hammer - 2018 (Robin Schulz),124/145
Magnezone,47/135
Gengar (Cosmos Holo),057/091
Dunsparce (Master Ball Pattern),079/131
Serperior,005/114
Pumpkaboo,056/146
Gengar (16),16/99
Dusk Mane Necrozma GX (Secret Rare),163/156
Azelf - 2009 (David Cohen),19/146
Pinsir (Delta Species),9/101
Lapras (10),10/62
Necrozma - SM204 (Prerelease),SM204
Donphan (Prime),107/123
Kadabra,049/110
Shaymin EX,5/99
Hisuian Typhlosion V,053/189
Power Tree - 2006 (Hiroki Yano),76/92
Vaporeon EX,24/83
Ledyba,07/18
Dachsbun ex,160/142
Giant Bomb (Secret),251/236
Persian - SM182 (Prerelease) [Staff],SM182
Noivern V (Full Art),195/203
Poliwhirl,115/146
Hop's Zacian ex,111/159
Teal Mask Ogerpon ex - 025/167 - 2024 (Evan Pavelski),025/167
Rotom ex,111/094
Alolan Vulpix,30/156
Rayquaza EX - 2013 (Clement Lamberton),85/124
Darkness Energy (Basic),121/123
Florges,103/162
Altaria,TG11/TG30
Leafeon V (Full Art),166/203
Kabutops (150),150/144
Gengar EX,034/119
Oshawott - SWSH222 (Cosmo Holo),SWSH222
Magcargo,024/168
Doduo,048/102
Espeon ex - 2007 (Tom Roos),102/115
Boldore,128/086
Lightning Energy,091/095
Healing Field,61/64
Machamp GX (Full Art),135/147
PlusPower,112/127
Maxie's Hidden Ball Trick (158 Full Art),158/160
Metal Energy - 2010 (Yuta Komatsuda),
Hydreigon C - SWSH138,SWSH138
Dunsparce - 2004 (Chris Fulop),60/100
Delibird,05/64
Energy Restore,141/165
Moomoo Milk,94/123
Bruxish - SM11 (Prerelease) [Staff],SM11
Ditto,012/017
M Lucario EX,55/111
Ivysaur,047/110
Island Cave - 2005 (Curran Hill),89/101
Sneasel (Master Ball Pattern),061/131
"Code Card - XY Base Set Theme Deck - ""Resilient Life"" [Xerneas]",
Kingdra GX - SM155,SM155
Professor Turo's Scenario - 2025 (Yuya Okita),
Tauros (Ash vs Team Rocket Deck Kit),014/026
Zapdos - SM145,SM145
Eevee & Snorlax GX (Secret),191/181
Drowsee,32/112
Duraludon - SWSH060,SWSH060
Flying Pikachu,110/108
Dragonite (9),009/165
Mew (19),019/165
Kirlia,53/132
Houndour (87),087/147
Skwovet,205/091
Reshiram GX - SM137,SM137
Golurk V (Alternate Full Art),182/203
Slaking,115/168
Dartrix,SV002/SV122
Glaceon,025/131
Cyndaquil - SWSH221 (Cosmos Holo),SWSH221
Alolan Dugtrio,011/012
Haxorus,89/108
Boss's Orders,TG24/TG30
Toxtricity V,070/192
Lightning Energy (#18),18/30
Shining Celebi - SM79,SM79
Morpeko V-Union (SWSH287-290),SWSH290
Zacian V - SWSH018,SWSH018
Ecogym,084/111
White Kyurem EX,101/113
Dusk Mane Necrozma GX,90/156
Vaporeon,22/98
Torterra,30/100
Battle Compressor (Team Flare Gear) - 2016 (Cody Walinski),92/119
Hypnotoxic Laser - 2014 (Haruto Kobayashi),123/135
Roseanne's Backup,148/172
Aerodactyl VSTAR (Secret),199/196
Scott,81/108
Professor Elm's Training Method (2006-2007),79/101
Buzzwole GX - SM69 (SM Black Star Promos),SM69
Hitmonchan,062/108
Jirachi EX - 2014 (Andrew Estrada),60/101
Lost Vacuum - 2024 (Fernando Cifuentes),162/196
Devolution Spray,072/102
Eevee - 173,173
Mismagius,10/130
Zacian,100/094
Gym Badge (Erika),XY206
Copycat,090/123
Bouffalant (91),91/114
Charizard V - SWSH050,SWSH050
Pikachu V-Union [Set of 4],
Armaldo,18/146
Alolan Exeggutor ex,242/191
Blaine's Magmar,037/132
Origin Forme Palkia VSTAR (Secret) (192),192/189
Dark Gloom,36/82
Magnezone VSTAR,057/196
Palkia G,12/127
Cynthia's Roserade,184/182
Blaine's Charmander,060/132
Ampharos V,049/185
Mega Eelektross ex,061/217
Psyduck,079/105
Minun,37/106
Switch - 2012 (Shuto Itagaki),104/114
Pikachu,051/162
Phanpy,015/017
Ultra Recon Squad (Full Art),131/131
Venomoth,11/102
Charizard,14/181
Gust of Wind,093/102
Dark Tyranitar (19) - 2005 (Takashi Yoneda),19/109
Feraligatr (Delta Species),2/101
Kyogre,021/072
Omastar,19/100
Zorua (70),70/108
Whimsicott VSTAR (Secret),175/172
Shining Charizard,107/105
Pokemon Ranger (Full Art),113/114
Switch,123/094
Kyogre ex - 178,178
Umbreon (Poke Ball Pattern),059/131
Custom Catcher (Secret),231/214
Pokemon Fan Club - 2004 (Reed Weichler),130/147
Treecko -  055,055
Marshtomp,36/97
Surprise Box,187/214
Xerneas EX - 2014 (Michikazu Tsuda),97/146
Bianca (147 Full Art),147/149
Meltan - SM177,SM177
Politoed,12/146
Lugia,132/185
Dewgong,040/110
Warp Point,84/100
Pidgeotto (#2),2/30
Machamp (Prime),95/102
Code Card - Prismatic Evolutions Pokemon Center Elite Trainer Box,
Tornadus EX (Team Plasma) (114 Full Art),114/116
Kadabra,032/102
Dewott,005/012
Dark Donphan,003/105
Arcade Game (Goldenrod Game Corner),083/111
Bewear,056/111
Suicune (EB Games Exclusive),026/094
Stakataka GX,102/168
Magneton - 159 (Pokémon Center Exclusive),159
Pikachu (#16),16/30
Boltund VMAX,104/264
Nidorina - 2005 (Jeremy Maron),40/112
Pidgeot (23),023/165
Lugia VSTAR (Secret) (202),202/195
Galarian Cursola V,21/73
Pidgeotto,208/197
Morpeko VMAX (Secret),204/202
Skiploom,52/64
Genesect V (Full Art),254/264
Surfer,293/217
Flygon ex (Delta Species) - 2007 (Jun Hasebe),92/101
Pikachu Star,104/110
Code Card - Mythical Pokemon Collection Box [Mew],
Pikachu (Movie Promo),04/53
Lunala GX (Full Art),141/149
Holon Transceiver - 2007 (Akira Miyazaki),98/113
Sandshrew,062/102
Electrike,196/182
Metagross Star,113/113
Umbreon VMAX,095/203
Celebi & Venusaur GX,1/181
Abra,043/102
Pokemon Park,010/017
Champions Festival - SM148 (World Championships 2018),SM148
White Kyurem GX (Secret),74/70
Nidoqueen (H21),H21/H32
Sharpedo (Delta Species),53/110
Cubone,103/165
Arcanine (13),13/99
Garbodor,54/124
Sprigatito,012/193
M Camerupt EX - XY198a,XY198a
Lucario,067/156
Ariados,003/147
Suicune V,031/203
Jigglypuff,071/111
Smeargle,109/147
Energy Loto - 2024 (Fernando Cifuentes),140/189
Professor Rowan,112/130
Special Red Card,113/086
Rainbow Energy,81/92
Cinccino,183/162
Professor Sada's Vitality,256/182
Jolteon (Poke Ball Pattern),029/131
Poochyena,86/127
Arven,166/198
Kyogre ex,94/101
Team Rocket's Crobat ex,234/182
Salamence ex,114/159
Crobat,14/95
Poochyena,79/113
Butterfree,14/106
Ditto,063/113
Chimchar,013/017
Radiant Charizard,020/159
Boss's Orders (Full Art),SWSH251
Gastly,63/102
Mew VMAX - 2023 (Vance Kelley),114/264
Alakazam,001/110
Zebstrika,57/149
Salamence - SM140,SM140
Team Plasma Ball - 2013 (Yugo Sato),105/116
Pichu,28/123
Ordinary Rod,171/202
Slugma,082/105
Doduo,073/147
Elesa's Sparkle (Secret),275/264
Munna,116/086
Hydrapple ex,156/142
Gallade,002/017
Pidgeot,002/017
Metal Energy (#7),7/30
Cottonee,090/086
Twins - 2011 (Ross Cawthon),89/102
Espeon (Team Plasma),48/116
Chewtle,SV028/SV122
Magneton - 153 (Staff),153
Iono's Wattrel,231/217
Celesteela - SM131 (Prerelease),SM131
Trubbish,140/086
Misty's Psyduck,090/132
Dialga,3/95
Zygarde - SM48 (Prerelease),SM48
Duskull - 2013 (Ian Whiton),61/149
Energy Retrieval,081/102
Cleffa - HGSS12,HGSS12
Dusknoir FB,026/147
Gyarados G,30/127
Hisuian Goodra,GG21/GG70
Rare Candy - 2007 (Akira Miyazaki),90/110
Emolga EX,46/146
Weavile,183/091
Raging Bolt - 2025 (Yuya Okita),
Mareep,075/105
Colress - 2013 (Ian Whiton),118/135
Champions Festival (2015),XY91
Dark Magcargo,018/105
Lady (Full Art),193/196
Desert Shaman,123/144
Lunala GX - SM17,SM17
Pidgey,196/091
Pikachu,39/99
Pachirisu - 2011 (Gustavo Wada),18/95
Sableye - 2010 (Mychael Bryan),48/100
Crystal Energy,146/147
Mew ex,232/091
Colress's Experiment (Regional Championships),155/196
Parasect,41/64
Lusamine (Full Art),110/111
Pecharunt ex,039/064
Incineroar GX,97/181
Growlithe,108
Doctor (Secret),214/198
Mudkip,005/012
Dondozo ex,211/182
Treecko - 016 (EX Deck Tin),016
Cinderace VMAX (Secret),194/192
Magnezone (Japanese 11th Movie Commemoration Set),004/009
Lightning Energy,118/123
Slaking,15/107
Inteleon - 002,002
Mega Camerupt ex,156/132
Golduck,22/102
Elesa's Sparkle (Full Art),260/264
Dark Weezing (31),31/82
Kyurem ex,028/086
Noivern,077/111
Pikachu - SM04 (General Mills),SM04
Politoed,25/145
Quilava,51/100
Single Strike Style Mustard (Secret),177/163
Magikarp,60/97
Rare Candy - 2005 (Takashi Yoneda),83/106
Acerola's Mischief,183/132
Shiinotic - SM10 (Prerelease),SM10
Metal Energy (Basic),95/95
Squirtle,
Kyurem (Team Plasma),31/116
Friends in Sinnoh (Full Art),149/159
Hitmontop,082/147
Brock's Sandslash,036/132
Lugia,149/147
Koffing,74/106
Zekrom,114/114
Pyroar (Master Ball Pattern),016/131
Team Aqua's Cacnea,24/95
Tapu Lele GX (Secret),155/145
Mankey,61/82
Electrode (H7),H07/H32
Light Toxtricity - SWSH137,SWSH137
Leafeon V,013/159
Flareon,5/115
Pikachu,42/146
Terapagos ex,173/142
Cinderace V - SWSH015,SWSH015
Bayleef (29),029/111
Nidoking (Delta Species),6/101
Ceruledge - 014 [Staff],014
Ho-Oh GX - SM57,SM57
Ursaring,RC16/RC25
N - 2014 (Trent Orndorff),96/108
Scorbunny,SV015/SV122
Chien-Pao ex,236/193
Holon Transceiver - 2007 (Jun Hasebe),98/113
Delcatty - 2004 (Chris Fulop),5/109
Snorlax V (Full Art),197/202
Persian,081/099
Arven's Mabosstiff ex,218/182
Regigigas,084a/111
Rattata,72/109
Team Galactic's Invention G-109 SP Radar - 2010 (Yuta Komatsuda),96/111
Chandelure,043/119
Mawile VSTAR (Secret),200/195
Cyclizar ex,018
Thievul,GG17/GG70
Code Card - Battle Arena Deck: Keldeo EX vs Rayquaza EX,
Beldum (Delta Species),59/113
Honchkrow V,088/172
Hoopa (Collector Chest),XY90
Battle VIP Pass,225/264
Unown (?),82/146
Teal Mask Ogerpon (Cosmos Holo) (Gamestop Exclusive),024/167
Wailord,162/159
Unfezant,82/98
Ditto,061/113
Alakazam EX (Full Art),117/124
Raichu (Delta Species),15/110
Mewtwo EX - 2012 (Zachary Bokhari),54/99
Voltorb,133/091
Liepard - SWSH187,SWSH187
Zorua - BW12,BW12
Rookidee,225/193
Pokemon Reversal - 2011 (Gustavo Wada),99/123
Buizel,006/017
Crispin - 2025 (Yuya Okita),
Happiny,52/123
Greninja ex,214/167
Gholdengo ex,164/131
Mewtwo ex,058/182
Beedrill (5),005/144
Rapid Strike Urshifu VMAX - 2022 (Sebastian Lashmet),088/163
Paradise Resort - 224 (World Championships 2025),224
Skarmory,21/97
Quilava (46),046/111
Paras,099/147
Call Energy - 2010 (Michael Pramawat),92/100
Haxorus,111/162
Underground Expedition - 2004 (Tsuguyoshi Yamato),140/144
Unown [K],68/132
Brock's Geodude (66),066/132
Computer Search - 2014 (Trent Orndorff),137/149
Flareon GX - SM171 (SM Black Star Promo),SM171
Ludicolo,13/132
M Sceptile EX,8/98
Lileep,42/100
Marowak,054/147
Carnivine,5/108
Golem,36/62
Decidueye,013/189
Lucario - XY140,XY140
Clobbopus,SV072/SV122
Porygon,47/112
Relicanth (Shiny),SH8
Prime Catcher - 2024 (Fernando Cifuentes),157/162
Abomasnow,12/100
Omanyte,057/110
Charizard GX - SM211,SM211
Ludicolo - 020 (EX Series Value Pack),020
Charon's Choice,RT6
Marowak,39/64
Metal Energy,095/095
Venusaur ex,003/165
Kyogre EX,54/160
Ice Rider Calyrex V (Alternate Full Art),164/198
Swadloon,088/086
Darkrai,87/147
Emolga,006/012
Judge,228/091
Erika's Victreebel,026/132
Gardevoir - 2010 (Michael Pramawat),7/132
Skwovet,SV099/SV122
Exeggutor (H10),H10/H32
Code Card - Detective Pikachu Cafe Figure Collection,
Ludicolo,34/127
Psychic Energy,92/95
Skyla (Full Art),072/072
Feraligatr (Prime),108/123
Bewear - SM49 (Prerelease) [Staff],SM49
Call Energy - 2009 (Jason Martinez),92/100
Ditto Prism Star,154/214
Charizard (40),040/165
Cubone,070/130
Huntail,19/101
Blaine's Growlithe (62),062/132
Rare Candy,256/198
Tynamo,113/086
Watchog,097/086
Blaziken VMAX (Secret),200/198
Unown [S],087/105
Galarian Runerigus,SV066/SV122
Cyndaquil - 2011 (Christopher Kan),61/123
Zorua - SM83,SM83
Sylveon - 172 (Cosmos Holo),172
Blaziken ex,024/159
Rayquaza ex,102/107
Kadabra,069/144
Jumpluff,098/091
Suicune - 030 (EX Collector's Carry Tin),030
Kabu (Full Art),186/189
Pokemon Center Lady (Full Art),185/185
Ice Rider Calyrex V,045/198
Vaporeon,TG02/TG30
Iono,185/193
Rocket's Raikou ex,108/107
Dark Wartortle,039/110
Penny,239/198
Swadloon,11/113
Sableye V,120/202
Omastar (Delta Species),13/110
Hisuian Zoroark VSTAR - SWSH298,SWSH298
Machamp V (Alternate Full Art),172/189
Snorlax VMAX (Secret),206/202
Yanma,183/182
Team Rocket's Honchkrow (Team Rocket),127/217
Meganium,009/115
Draw Energy (Secret),271/236
Ancient Tomb,87/101
Slowpoke,82/106
New Pokedex,095/111
Cobalion,91/113
Serena,164/195
Luxray,005/099
Misdreavus,233/217
Musharna - 2013 (Ian Whiton),59/99
Buzzwole,SV24/SV94
Zekrom,46/70
Hoopa (XY Steam Siege Prerelease),XY147
Kyurem VMAX (Secret),197/196
Cinccino,153/086
Garbodor (51) - 2017 (Naoto Suzuki),51/145
Sylveon,87/131
Inkay,SV17/SV94
Lugia,20/64
Fearow,37/100
Altaria ex (Delta Species),90/101
Rhydon - 2005 (Michael Gonzalez),46/101
Golem EX,46/83
Koga's Koffing (79),079/132
Bodybuilding Dumbbells,113/147
Blastoise,14/100
Pikachu (1),01/53
Koga's Weedle,082/132
Mew ex,100/110
Fighting Energy,106/106
Houndoom EX,21/162
Misty's Seel,088/132
Armarouge ex (Armarouge 60),105
Hitmonchan - 2 (Best of Game 2 Promo),002
Pokemon Nurse,145/165
Pikachu,028/073
Frost Rotom,41/156
Hawlucha - 2024 (Evan Pavelski),118/198
Magneton - 2011 (Gustavo Wada),43/102
Grass Energy (2023),001
Guzzlord GX,SV71/SV94
Tepig,25/113
Alolan Exeggutor V (Full Art),071/078
Toxtricity VMAX,071/192
Gengar - 2009 (Jason Martinez),18/100
Mischievous Pichu,214/S-P
Ho-Oh GX - SM80,SM80
Chansey,20/115
Regirock - SM74 (Prerelease) [Staff],SM74
Misty's Horsea,087/132
Shaymin EX - 2015 (Rowan Stavenow),77/108
Regigigas - SWSH247 (Cosmos Holo),SWSH247
Arctozolt - SWSH036 (Prerelease),SWSH036
Scyther,017/130
Rock Guard,108/116
Incineroar GX - SM38 (SM Black Star Promo),SM38
Dark Jolteon,38/82
Steelix (Prime),87/95
Dragonair,041/113
Tapu Lele GX - 2017 (Naoto Suzuki),60/145
Blaine's Moltres,001/132
Paldean Tauros,120/091
Galarian Slowking VMAX (Secret),207/198
Caitlin (Full Art),189/198
Giovanni's Nidoran F,075/132
Psychic Energy (Secret),162/149
Shinx,098/123
Golbat,29/64
Hoothoot,065/144
Roseanne's Research - 2010 (Michael Pramawat),125/132
Azelf (19) - 2010 (Mychael Bryan),19/146
Magikarp (#12),12/30
Morpeko,SV044/SV122
Glimmora ex,218/091
Alakazam E4 Lv.X,103/111
Copycat (Full Art),163/168
Ninetales,15/108
Float Stone - 2016 (Shintaro Ito),137/162
Muk (28),28/62
Cubone,90/146
Sprigatito - 076,076
Lapras,35/146
Rayquaza GX - 2018 (Pedro Eugenio Torres),109/168
Cinderace V (Full Art),178/192
Wigglytuff,32/106
Dusknoir - 2008 (Dylan Lefavour),2/130
Virizion,015/113
Rowlet,001/012
Umbreon,32/100
Kangaskhan EX (103 Full Art),103/106
Rayquaza - XY141,XY141
Iron Valiant ex,089/182
M Steelix EX (Full Art),109/114
Dialga GX (Secret),138/131
Voltorb (Shiny),SH3
Noivern ex,246/193
Bea (Secret),193/185
Darkrai G,3/111
Toxicroak - 2008 (Tristan Robinson),31/100
Galarian Zapdos V (Secret),182/172
Code Card - Red & Blue Collection [Charizard EX],
Fraxure,077/064
Hoopa - XY147 (Prerelease) [Staff],XY147
Quilava,51
Dark Golduck,37/82
Level Ball (Secret),181/163
Metagross,011/101
Seismitoad EX,20/111
Trevenant VMAX (Secret),206/203
Wobbuffet,26/100
Fighting Energy (2006-2007 League Promo),
Zarude V (Full Art),167/185
Pidgeot (Delta Species),14/110
Corviknight,156/189
Pikachu,30/111
Steelix,208/182
Nihilego GX (Secret),114/111
Piplup (DP03) - 2008 (Dylan Lefavour),DP03
Lombre,45/100
Gastly - 2009 (Jason Martinez),62/100
Floatzel,26/130
Mega Kangaskhan ex,182/132
Zamazenta V,139/202
Lucario ex (Prismatic Evolutions Stamp),051/131
Kakuna,033/102
Espeon,89/214
Lapras GX,35/149
Scramble Switch,129/135
Penny,239/091
Zekrom ex,166/086
Hypno (23),23/62
Hydrapple,188/182
Deoxys ex (Attack Forme),98/107
Ice Rider Calyrex VMAX (Secret),202/198
Thundurus EX (Team Plasma),38/116
Boltund V - SWSH085,SWSH085
Dedenne,010/012
Fezandipiti ex,288/217
M Swampert EX - XY87,XY87
Ampharos EX (87 Full Art),87/98
Wobbuffet,016/017
Blastoise - 2015 (Jacob Van Wagner),16/101
Miriam,238/198
Tapu Koko VMAX (Secret),166/163
Tropical Beach - BW50 (Worlds 12),BW50
Rayquaza,26/110
Honchkrow V (Full Art),161/172
Seeker,88/102
Gardevoir & Sylveon GX,130/214
Galarian Slowking V,099/198
Spritzee (Master Ball Pattern),038/131
Jirachi V (Full Art),170/189
Cherrim,55
Gallade,6/132
Gengar (Prime),94/102
Shining Steelix,112/105
Magnemite,60/82
Team Rocket's Ariana,237/182
Thundurus,35/98
Gym Badge (Blaine),XY209
Metang - 090 (Prerelease) [Staff],090
Drayton,172/131
Pheromosa & Buzzwole GX (192) (Alternate Full Art),192/214
Tapu Koko ex,222/182
Eevee,63/100
Golbat,34/62
Guzma - 2018 (Robin Schulz),115/147
Gym Trainer (Full Art),191/195
Unown [I],68/75
Zapdos G,12/99
Hilda,084/086
Code Card - Trainers Toolkit 2024,
Junk Arm,087/102
Smeargle - 2012 (Igor Costa),8/90
Serperior,8/113
Venusaur (68),068/165
Magneton (H18),H18/H32
Misty (102),102/132
Snorlax,58/83
Dark Metal Energy,94/109
Paras,47/64
Dusknoir - 2010 (Michael Pramawat),2/130
Boss's Orders - 172/193 - 2024 (Sakuya O.),172/193
Lopunny,21/99
Arceus (AR5),AR5
Regieleki VMAX,058/195
Rowlet - SM22,SM22
Dragonite EX (108 Full Art),108/111
Fearow (11),011/165
Tinkaton - 020 (Prerelease),020
Jolteon,026/098
Professor Juniper,98/108
Fidough - 069,069
Beedrill,1/112
Koga's Muk,026/132
Naveen,112/088
Diglett,11
Aipom,34/115
Articuno GX (Secret),171/168
Lechonk,156/198
Slowking,014/111
Flygon (Delta Species),7/110
Regidrago V (Alternate Full Art),184/195
Heliolisk,177/167
Magmar,006/034
Pikachu,TG05/TG30
Warp Point - 2009 (Stephen Silvestro),88/100
Lugia ex,105/115
Probopass G - DP43,DP43
Ditto (18),18/62
Tapu Koko VMAX,051/163
Archen,131/086
Misty's Poliwhirl,053/132
Mimikyu,058/145
Starmie,5
Lanturn,15/108
Piers,TG28/TG30
Greavard,214/198
Galarian Moltres - SWSH284,SWSH284
Code Card - Mythical Pokemon Collection Box [Arceus],
Twins - 2011 (David Cohen),89/102
Furisode Girl (Secret),205/195
Meganium (18),018/165
Mega Gengar ex,056/094
Copycat - 2005 (Jeremy Maron),83/109
Audino EX,84/124
Drapion V (Full Art),182/196
Seadra,70/146
Hydreigon ex,169/086
Exeggutor,5/112
Dark Crobat,002/105
Fennekin -  059,059
Galarian Zapdos - SWSH124 (Prerelease),SWSH124
Pidgey - 2005 (Jeremy Maron),73/112
Kyogre - SM129 (Prerelease),SM129
Magikarp & Wailord GX (Secret),183/181
Code Card - Elite Trainer Box [Kyogre],
Keldeo EX - 2013 (Jason Klaczynski),49/149
Psychic Energy (2011 Pokemon League),
Oricorio - SM19 (Prerelease) [Staff],SM19
Team Rocket's Evil Deeds,103/105
High Pressure System,010/017
Xurkitree - SM116 (Prerelease),SM116
Swalot,72/146
Jasmine's Gaze,245/191
Dragonite V (Full Art),076/078
Mr. Mime (95b),095b/147
Raichu,12/112
Genesect GX (Secret),224/214
Rainbow Energy (80),80/82
Unown (R),R/28
Desert Ruins - 2005 (Takashi Yoneda),88/101
Diantha (Full Art),130/131
Growlithe,004/015
Magmortar,16/95
Moltres - SWSH185,SWSH185
Crabominable - 134,134/142
Houndour (Master Ball Pattern),062/131
Krabby,51/62
Pinsir,101/147
Groudon,14/106
Armaldo (Delta Species),1/110
Deoxys ex,017/017
Ferroseed (Master Ball Pattern),068/086
Dhelmise - SM53,SM53
Battle Compressor (Team Flare Gear) - 2016 (Jesper Eriksen),92/119
Pikachu,008/034
Keldeo EX,049/099
Noctowl,43/115
Wally's Compassion,186/132
Pikachu V-Union - SWSH142,SWSH142
Raihan (Full Art),202/203
Darkrai - BW73 (BW Black Star Promos),BW73
Ditto VMAX,SV119/SV122
Shaymin V (Full Art),152/172
Counter Gain,249/191
Gyarados,043/193
Hau,120/149
Fighting Energy,110/110
Bulbasaur,46/100
Pikachu (Corocoro Grey Star),
Galarian Obstagoon - SWSH059,SWSH059
Ethan's Magcargo,222/217
Chatot,55/100
Team Magma's Great Ball,31/34
Mega Lucario ex - 033,033
Gholdengo ex,139/182
Dusknoir LV.X,96/100
Turtwig - DP01,DP01
Machoke,177/165
Paldean Tauros,218/193
Blastoise & Piplup GX (Secret),253/236
Combusken - 009 (e-League) [Winner],009
Sandshrew,008/034
Aerodactyl,15/64
Salazzle - SM73 (Prerelease),SM73
Glalie,30/108
Machamp VMAX (Secret),194/189
Mega Latias ex - 011,011
Groudon ex,93/100
Cyndaquil,18/162
Junk Arm,87/102
Deoxys VSTAR,GG46/GG70
Suicune,059/214
Milo (Secret),201/192
Espeon V (Full Art),179/203
Octillery - SWSH089 (Prerelease),SWSH089
Zekrom,47/114
Celebi EX (141 Full Art),141/149
Radiant Greninja,046/189
Metagross,4/95
Krokorok (Master Ball Pattern),058/086
Naganadel GX (Secret),249/236
Linoone,38/109
Ralts - 2025 (Riley McKay),
Basic Grass Energy,278/193
Team Rocket's Mewtwo ex,213/182
Skyla (149 Full Art),149/149
Magnezone ex,226/198
Aipom,41/64
Dracozolt VMAX (Secret),210/203
Code Card - Prismatic Evolutions Super-Premium Collection,
Popplio,SM03
Chimchar,076/130
Muk,023/147
Mime Jr.,47/95
Mew,10/92
Xerneas,091/086
Chikorita,59/123
Graveler,30/97
Unown [P],058/105
Pidgeot,10/112
Brock's Grit (Full Art),172/181
Eevee (26),104/156
Alolan Raichu - SM65 (#56 Pikachu Stamped),SM65
Flabebe,101/162
Rare Candy - 2011 (David Cohen),82/95
Quaquaval,054/198
Avery,130/198
Team Magma Belt,81/95
Piplup (72) - 2008 (Dylan Lefavour),72/100
Flareon VMAX - SWSH180,SWSH180
Ho-Oh Legend (Top),111/123
Lisia (Full Art),164/168
Keldeo - BW60,BW60
Eevee (Holiday Calendar),133/165
Lucario - SM95 (Prerelease),SM95
Wartortle,42/95
Dark Charizard (21),21/82
Registeel,39/146
Broken Time-Space - 2010 (Yuka Furusawa),104/127
Celebi V (Alternate Full Art),245/264
Erika's Tangela,218/217
Wonder Energy - 2017 (Diego Cassiraga),144/160
Professor Oak,116/130
Garbodor - 2016 (Shunto Sadahiro),57/122
Team Yell Grunt (Secret),210/202
Lugia (Shiny),SL7
Ampharos EX,27/98
Pupitar,009/017
Dark Primeape,43/82
Snorlax,33/95
Gulpin,RC12/RC32
Victini (43),43/101
Blaziken (Holo),3
Happiny,76/127
Minion of Team Rocket,113/132
Fire Cube 01,122/147
Grotle,49/130
Cresselia - SWSH114 (Prerelease),SWSH114
Iono's Bellibolt ex - 194,194
Ralts,66/109
Blissey,22/127
Energy Removal 2,140/165
Decidueye - SWSH035 (Prerelease),SWSH035
Arceus V (Full Art),165/172
Latias (Delta Species),8/113
Bruno (Full Art),158/163
Magma Energy - 2004 (Tsuguyoshi Yamato),87/95
Victory Medal - 2008-2009 (Battle Road Spring),
Darkness Energy (Special),96/115
Fezandipiti ex - 038/064 - 2024 (Sakuya O.),038/064
Spiritomb,10/102
Mew (9),09/53
Kakuna,070/144
Energy Amplifier,098/105
Blacksmith,88/106
Wartortle,75/132
Raihan (Secret),224/203
Wooper,71/75
Sylveon - XY04,XY04
Druddigon (Master Ball Pattern),071/086
Double Colorless Energy - 2010 (Yuta Komatsuda),103/123
Terrakion,151/149
Garchomp V,TG23/TG30
Leafeon - 170 (Cosmos Holo),170
Gible,007/017
Meowth - 013 (EX Series Collector's Tin),013
Regirock EX,43/124
Drednaw VMAX (Secret),75/73
Lickitung,38/64
Zacian V,TG21/TG30
Drednaw,SV029/SV122
Looker (Full Art),152/156
Keldeo GX,47/236
Meloetta - 026,026
Bisharp (82),82/101
Espeon (Delta Species),4/113
Machamp,015/110
Alcremie,087/192
Lapras,31/181
Celebi EX,9/149
Metapod,054/110
Mimikyu (Delta Species) - SWSH136,SWSH136
Mudkip - 2004 (Reed Weichler),59/109
Entei,47/214
Lugia V (Alternate Full Art),186/195
Copycat - 2006 (Jimmy Ballard),83/109
Sceptile,10/106
Hoopa GX (Full Art),166/181
Pikachu V - SWSH143,SWSH143
Clefairy,60/123
Galarian Rapidash V (Full Art),167/198
Heatran GX,25/236
Ho-Oh ex (Holo),017/017
Code Card - Mythical Pokemon Collection Box [Jirachi],
Donphan,17/109
Venusaur & Snivy GX,1/236
Wailmer,48/109
Cubone,60/113
Plusle,33/73
Mewtwo EX - 2014 (Michikazu Tsuda),54/113
Druddigon (Team Plasma) - BW80,BW80
Darkrai EX - 2013 (Jason Klaczynski),63/108
Mismagius ex,112/094
Slugma,74/107
Arven - 2024 (Jesse Parker),186/197
Mega Lucario ex,188/132
Garganacl,178/091
Lopunny (Master Ball Pattern),084/131
Simisear,100/086
Blaziken VMAX (Alternate Art Secret),201/198
Water Energy - 2006 (Hiroki Yano),
Piplup,093/100
Ivysaur,2/108
Giovanni's Meowth (74),074/132
Squawkabilly ex,264/193
Groudon ex - 002 (Nintendo Power Magazine),002
Bayleef,071/165
Elekid,21/102
Kartana,SV33/SV94
Torkoal V (Full Art),188/202
Victini,23/149
VS Seeker - 2016 (Shintaro Ito),109/119
Wailord,47
Victini - 2013 (Clement Lamberton),15/101
Lucario,71/147
Ditto,107/159
Poliwag,62/75
Hoothoot - HGSS05,HGSS05
Relicanth,24/101
Heracross,7/101
Shaymin (14),14/127
Terrakion EX (121 Full Art),121/124
Psyduck - SM199 (Detective Pikachu Stamped),SM199
Code Card - Ash-Greninja EX Box,
Team Rocket's Wobbuffet,203
Pikachu (28),028/078
Swampert,35/160
Snorlax,131/185
Unown [D],47/75
Pidgeot EX (Full Art),104/108
Croagunk,007/017
Shaymin EX (94 Full Art),94/99
Fire Energy,089/095
Clefable,075/192
Empoleon,037/172
Latios ex,94/97
Bibarel,20/130
Latias,003/017
Gastly,XY132
Charizard EX - XY17 (XY Black Star Promos),XY17
Palafin ex,193/167
Float Stone - 2015 (Jacob Van Wagner),99/116
Reshiram & Charizard GX - 2019 (Henry Brand),20/214
Torterra ex,012/162
Froslass,RC8/RC32
Staryu,77/107
Blissey V (Full Art),182/198
Hypno,51/122
Piloswine,13/109
Moltres EX (Team Plasma),14/135
Clefairy,77/130
Blacksmith,088/106
Aerodactyl Spirit Link - XY99,XY99
Raichu,132/091
Code Card - Mythical Pokemon Collection Box [Victini],
Banette GX (Full Art),157/168
Gigalith,67/124
Deoxys (Speed Forme),2/106
Lugia ex (Prismatic Evolutions Stamped),082/131
Lana (Full Art),150/156
Deoxys (Shiny),SL1
______'s Oshawott,N/A
Chimecho,179/167
Jigglypuff - BW65,BW65
Mega Sharpedo ex,127/094
Deoxys ex - 2006 (Jason Klaczynski),93/106
Unit Energy LPM (Secret Rare),171/156
Leafeon VMAX (Alternate Art Secret),205/203
Alakazam V - SWSH083,SWSH083
Eldegoss V - SWSH084,SWSH084
Omastar,76/181
Regigigas EX (99 Full Art),99/99
Orbeetle VMAX (Secret),186/185
Wyrdeer V (Full Art),180/189
Teddiursa,65/75
Float Stone - 2018 (Naohito Inoue),137/162
Aegislash - 060 (Prerelease),060
Illumise,45/113
Mew ex - 151/165 - 2024 (Jesse Parker),151/165
Viridian Forest (Secret),256/236
Charmeleon,110/109
Mega Darkrai ex,116/084
Lugia GX,159/214
Porygon2,12/64
Tyranitar,87/168
Tyranitar V (Full Art),154/163
Rhyperior (Omega),77/160
Koraidon - 091 (Prerelease),091
Crobat,010/012
Flareon (Team Plasma),12/116
Wartortle,30/149
Scizor E4,48/111
Galarian Sirfetch'd V (Full Art),174/185
Team Aqua's Seviper,17/95
Heatran,030/146
Munkidori ex,083/064
Koffing,68/111
Shauntal,243/182
Absol - 2016 (Shintaro Ito),40/108
Reshiram V,024/195
Minccino,182/162
Snubbull,55/64
Dusclops,7/107
Brock's Lickitung,041/132
Horsea (85),085/147
Hero's Medal (Secret),201/185
Blaziken ex,90/100
Terrakion - 2012 (Zachary Bokhari),73/101
Pidgeotto,088/165
Magby (52),052/165
Charizard,020/149
Litten,003/012
Dark Golduck,35/109
Roselia - 2006 (Jason Klaczynski),42/92
Tornadus V (Alternate Full Art),185/198
Tyrantrum,69/131
Seadra,058/147
Mega Greninja ex,022/086
Deoxys EX,053/116
Rayquaza ex (Delta Species) - 2007 (Tom Roos),97/101
Slakoth,63/108
Mewtwo,S4/S4
Maushold ex,155/182
Computer Search,101/130
Tinkaton,105/193
Infernape,20/114
Psyduck (Holo Common),7/18
Jigglypuff (#12),12/30
Grapploct V (Full Art),72/73
Palkia GX,101/156
Lugia V - 2023 (Gabriel Fernandez),138/195
Jumpluff,017/147
Mega Zygarde ex,120/088
Cherrim,45/130
Lillie's Determination (Regional Championships),119/132
Fighting Energy (2009 Unnumbered POP Promo),
Magmortar,031/132
Frigibax,058/193
Caterpie,56/112
Teddiursa,RC15/RC25
Octillery,33/162
Goodra,74/106
Galarian Obstagoon,245/217
Genesect,040/064
Timburr,125/086
Aerodactyl (1),01/62
Latias,9/20
Riolu,076/132
Scott - 2008 (Tristan Robinson),81/108
Farfetch'd,19/123
Bea (Full Art),180/185
Charizard,6/108
Giratina,4/146
Bronzor,074/123
Latios,101/132
VS Seeker (CLV),031/034
Charmeleon,18/113
Exeggcute,192/191
Bellossom,004/098
Latias & Latios GX (Alternate Full Art),170/181
Meowscarada ex,231/193
Aron,25/109
Lampent,59/101
Gambler,60/62
Porygon2,25/113
Weezing,38/95
Galarian Moltres V (Secret),183/172
Alolan Sandshrew,019a/145
Charmander - SWSH232,SWSH232
Umbreon (32),032/144
Charizard ex -196,196
Mewtwo EX - 2015 (Jacob Van Wagner),54/113
Swinub,165/159
Copperajah,SV091/SV122
Claydol,24/106
Panpour,033/114
Gyarados (Red),123/123
Lugia,78/124
Lapras VMAX,050/202
Togetic,039/147
Miracle Berry,094/111
Umbreon (H29),H29/H32
M Beedrill EX - XY158,XY158
Lysandre (104 Full Art),104/106
Ampharos GX,43/181
Lucario,079/172
Ghetsis (Team Plasma) (Full Art),115/116
Chatot - 2009 (Stephen Silvestro),55/100
Charizard VMAX (Secret),74/73
Empoleon,29/108
N's Zoroark ex,185/159
Psyduck,088/110
Gym Badge (Misty),XY204
Dratini,65/113
Vaporeon,030/185
Celebi (16),16/64
Zapdos (48),48
Marshadow,146/132
Professor's Research [Professor Oak] (Full Art),024/025
Steelix EX (Full Art),108/114
Pikachu,018/091
G Booster (Team Plasma),92/101
Vaporeon - SWSH072,SWSH072
Larvitar - 2005 (Takashi Yoneda),63/109
M Charizard EX (Full Art),101/108
Flannery (Full Art),191/198
Vaporeon ex - 2007 (Tom Roos),110/113
Noibat,169/159
Slowpoke,032/083
Totodile,86/123
Squirtle (22),22/181
Iron Valiant ex,225/182
Panpour,101/086
Squirtle,014/101
Basic Grass Energy - MEE 001 (Cosmos Holo),001
Inteleon,142/132
Murkrow - 021 (Prerelease),021
Flaaffy,48/127
Bronzong (Secret),223/198
Basic Grass Energy (Cosmos Holo),001
Brooklet Hill,SV88/SV94
Pyroar - XY26,XY26
Minccino - BW13 (Cracked Ice Holo),BW13
Junk Arm - 2012 (Chase Moloney),87/102
Skorupi,099/130
Surfing Pikachu,114/111
Venonat,63/64
Ferrothorn (Master Ball Pattern),069/086
Quagsire (Delta Species),21/101
Archaludon ex (Surging Sparks Stamped),130/191
Cobalion GX (Full Art),168/181
Mega Lucario ex,179/132
Garchomp,96/113
Typhlosion ex,99/100
Shaymin (15),15/127
Eviolite - 2012 (Shuto Itagaki),91/101
Houndstone,145/132
Yanmega,14
Pikachu,026/083
Eternatus V - SWSH064,SWSH064
Hariyama,14/90
Rapidash,22/100
Golett (Master Ball Pattern),042/086
Cherubi,56/100
Zoroark,103/203
Pelipper (Delta Species),014/017
Pichu (22),022/165
Alolan Dugtrio,123/214
Tentacruel,10/18
Cofagrigus ex,224/182
Reshiram (113 Full Art),113/114
Scoop Up,104/110
Mawile V,TG17/TG30
Pokemon Catcher - 2012 (Zachary Bokhari),95/98
Tyranitar EX (91 Full Art),91/98
Canceling Cologne - 2024 (Fernando Cifuentes),136/189
Galarian Perrserker V (Alternate Full Art),184/196
Celebi - XY111,XY111
Lucario,114/198
Bidoof,073/123
Milo (Full Art),190/192
Brock's Sandshrew (71),071/132
Beauty (Secret),194/185
Espeon (Poke Ball Pattern),033/131
Solrock,064/146
Alolan Sandslash GX - SM236,SM236
Great Catcher (Secret),264/236
Eevee ex,075/131
Huntail,50/160
